-- phpMyAdmin SQL Dump
-- version 5.2.0
-- https://www.phpmyadmin.net/
--
-- 主機： 127.0.0.1
-- 產生時間： 2022-09-22 14:40:06
-- 伺服器版本： 10.4.24-MariaDB
-- PHP 版本： 8.0.19

SET SQL_MODE = "NO_AUTO_VALUE_ON_ZERO";
START TRANSACTION;
SET time_zone = "+00:00";


/*!40101 SET @OLD_CHARACTER_SET_CLIENT=@@CHARACTER_SET_CLIENT */;
/*!40101 SET @OLD_CHARACTER_SET_RESULTS=@@CHARACTER_SET_RESULTS */;
/*!40101 SET @OLD_COLLATION_CONNECTION=@@COLLATION_CONNECTION */;
/*!40101 SET NAMES utf8mb4 */;

--
-- 資料庫： `meow`
--

-- --------------------------------------------------------

--
-- 資料表結構 `address`
--

CREATE TABLE `address` (
  `sid` int(11) NOT NULL,
  `city` varchar(10) CHARACTER SET utf8 NOT NULL,
  `parent` varchar(10) CHARACTER SET utf8 NOT NULL
) ENGINE=InnoDB DEFAULT CHARSET=utf8mb4;

--
-- 傾印資料表的資料 `address`
--

INSERT INTO `address` (`sid`, `city`, `parent`) VALUES
(1, '北部', '0'),
(2, '中部', '0'),
(3, '南部', '0'),
(4, '東部', '0'),
(5, '臺北市', '1'),
(6, '新北市', '1'),
(7, '基隆市', '1'),
(8, '宜蘭縣', '1'),
(9, '桃園市', '1'),
(10, '新竹市', '1'),
(11, '新竹縣', '1'),
(12, '苗栗縣', '2'),
(13, '彰化縣', '2'),
(14, '臺中市', '2'),
(15, '南投縣', '2'),
(16, '雲林縣', '2'),
(17, '嘉義市', '3'),
(18, '嘉義縣', '3'),
(19, '臺南市', '3'),
(20, '高雄市', '3'),
(21, '屏東縣', '3'),
(22, '花蓮縣', '4'),
(23, '臺東縣', '4'),
(24, '中正區', '1'),
(25, '大同區', '1'),
(26, '中山區', '1'),
(27, '萬華區', '1'),
(28, '信義區', '1'),
(29, '松山區', '1'),
(30, '大安區', '1'),
(31, '南港區', '1'),
(32, '北投區', '1'),
(33, '內湖區', '1'),
(34, '士林區', '1'),
(35, '文山區', '1'),
(36, '板橋區', '1'),
(37, '新莊區', '1'),
(38, '泰山區', '1'),
(39, '林口區', '1'),
(40, '淡水區', '1'),
(41, '金山區', '1'),
(42, '八里區', '1'),
(43, '萬里區', '1'),
(44, '石門區', '1'),
(45, '三芝區', '1'),
(46, '瑞芳區', '1'),
(47, '汐止區', '1'),
(48, '平溪區', '1'),
(49, '貢寮區', '1'),
(50, '雙溪區', '1'),
(51, '深坑區', '1'),
(52, '石碇區', '1'),
(53, '新店區', '1'),
(54, '坪林區', '1'),
(55, '烏來區', '1'),
(56, '中和區', '1'),
(57, '永和區', '1'),
(58, '土城區', '1'),
(59, '三峽區', '1'),
(60, '樹林區', '1'),
(61, '鶯歌區', '1'),
(62, '三重區', '1'),
(63, '蘆洲區', '1'),
(64, '五股區', '1'),
(65, '仁愛區', '1'),
(66, '中正區', '1'),
(67, '信義區', '1'),
(68, '中山區', '1'),
(69, '安樂區', '1'),
(70, '暖暖區', '1'),
(71, '七堵區', '1');

-- --------------------------------------------------------

--
-- 資料表結構 `draw`
--

CREATE TABLE `draw` (
  `sid` int(11) NOT NULL,
  `id` varchar(100) DEFAULT NULL,
  `img` varchar(255) NOT NULL
) ENGINE=InnoDB DEFAULT CHARSET=utf8mb4;

--
-- 傾印資料表的資料 `draw`
--

INSERT INTO `draw` (`sid`, `id`, `img`) VALUES
(1, 'D01', 'draw01.png'),
(2, 'D02', 'draw02.png'),
(3, 'D03', 'draw03.png'),
(4, 'D04', 'draw04.png'),
(5, 'D05', 'draw05.png'),
(6, 'D06', 'draw06.png'),
(7, 'D07', 'draw07.png'),
(8, 'D08', 'draw08.png'),
(9, 'D09', 'draw09.png'),
(10, 'D10', 'draw10.png');

-- --------------------------------------------------------

--
-- 資料表結構 `fortune`
--

CREATE TABLE `fortune` (
  `sid` int(11) NOT NULL,
  `id` varchar(100) DEFAULT NULL,
  `img` varchar(255) NOT NULL
) ENGINE=InnoDB DEFAULT CHARSET=utf8mb4;

--
-- 傾印資料表的資料 `fortune`
--

INSERT INTO `fortune` (`sid`, `id`, `img`) VALUES
(1, 'F01', 'fortune01.jpg'),
(2, 'F02', 'fortune02.jpg'),
(3, 'F03', 'fortune03.jpg'),
(4, 'F04', 'fortune04.jpg'),
(5, 'F05', 'fortune05.jpg'),
(6, 'F06', 'fortune06.jpg'),
(7, 'F07', 'fortune07.jpg'),
(8, 'F08', 'fortune08.jpg'),
(9, 'F09', 'fortune09.jpg');

-- --------------------------------------------------------

--
-- 資料表結構 `love`
--

CREATE TABLE `love` (
  `sid` int(11) NOT NULL,
  `member_id` int(11) NOT NULL,
  `target_type` varchar(50) CHARACTER SET utf8 NOT NULL,
  `collect_id` varchar(50) CHARACTER SET utf8 NOT NULL,
  `created_at` datetime NOT NULL
) ENGINE=InnoDB DEFAULT CHARSET=utf8mb4;

--
-- 傾印資料表的資料 `love`
--

INSERT INTO `love` (`sid`, `member_id`, `target_type`, `collect_id`, `created_at`) VALUES
(1, 16, '1', 'P01', '2022-09-16 12:50:29'),
(2, 16, '1', 'P02', '2022-09-16 12:50:30'),
(3, 16, '1', 'P03', '2022-09-16 12:50:31'),
(4, 16, '1', 'P04', '2022-09-16 12:50:32'),
(5, 16, '1', 'P05', '2022-09-16 12:50:33'),
(6, 16, '2', 'T01', '2022-09-16 12:50:34'),
(7, 16, '2', 'T01', '2022-09-16 12:50:35'),
(8, 16, '2', 'T01', '2022-09-16 12:50:36'),
(9, 16, '2', 'T01', '2022-09-16 12:50:37'),
(10, 16, '2', 'T01', '2022-09-16 12:50:38'),
(11, 16, '3', 'F01', '2022-09-16 12:50:39'),
(12, 16, '3', 'F01', '2022-09-16 12:50:40'),
(13, 16, '3', 'F01', '2022-09-16 12:50:41'),
(14, 16, '3', 'F01', '2022-09-16 12:50:42'),
(15, 16, '3', 'F01', '2022-09-16 12:50:43'),
(16, 16, '4', 'D01', '2022-09-16 12:50:43'),
(17, 16, '4', 'D01', '2022-09-16 12:50:44'),
(18, 16, '4', 'D01', '2022-09-16 12:50:45'),
(19, 16, '4', 'D01', '2022-09-16 12:50:46'),
(20, 16, '4', 'D01', '2022-09-16 12:50:47');

-- --------------------------------------------------------

--
-- 資料表結構 `love_type`
--

CREATE TABLE `love_type` (
  `sid` int(11) NOT NULL,
  `name` varchar(100) NOT NULL
) ENGINE=InnoDB DEFAULT CHARSET=utf8mb4;

--
-- 傾印資料表的資料 `love_type`
--

INSERT INTO `love_type` (`sid`, `name`) VALUES
(1, '商品'),
(2, '行程'),
(3, '詩籤'),
(4, '運勢');

-- --------------------------------------------------------

--
-- 資料表結構 `member`
--

CREATE TABLE `member` (
  `id` int(11) NOT NULL,
  `email` varchar(255) CHARACTER SET utf8 NOT NULL,
  `password` varchar(255) CHARACTER SET utf8 NOT NULL,
  `picture` mediumtext CHARACTER SET utf8 DEFAULT current_timestamp(),
  `name` varchar(50) CHARACTER SET utf8 DEFAULT NULL,
  `mobile` varchar(50) CHARACTER SET utf8 DEFAULT NULL,
  `birthday` date DEFAULT NULL,
  `address_city` varchar(50) CHARACTER SET utf8 DEFAULT NULL,
  `address_region` varchar(50) CHARACTER SET utf8 DEFAULT NULL,
  `address` varchar(50) CHARACTER SET utf8 DEFAULT NULL,
  `created_at` datetime NOT NULL
) ENGINE=InnoDB DEFAULT CHARSET=utf8mb4;

--
-- 傾印資料表的資料 `member`
--

INSERT INTO `member` (`id`, `email`, `password`, `picture`, `name`, `mobile`, `birthday`, `address_city`, `address_region`, `address`, `created_at`) VALUES
(2, 'orange@g', '123', '', '', '', '0000-00-00', '', '', '', '0000-00-00 00:00:00'),
(3, 'ming@gg.com', '$2y$10$COryLHYHg6ZcPWiYx4rsqeJRcQBM29dkKuAL2wCI.9d5lGngjXsJK', NULL, NULL, NULL, NULL, NULL, NULL, NULL, '2022-09-16 12:50:29'),
(4, 'aaa@g.com', '123', NULL, NULL, NULL, NULL, NULL, NULL, NULL, '2022-09-16 12:56:35'),
(5, 'ming123@gg.com', '$2y$10$Tn0T6VqOvnzahuELfe3tz.6FgeTNoNm0ahALNTDk1koR6Ryvqu.A.', NULL, NULL, NULL, NULL, NULL, NULL, NULL, '2022-09-16 15:44:15'),
(6, 'aaa@com', '$2y$10$w3dYycDeHqNUQmuK9bNqFOd3OllYff49iXxKaY73z94OtjI44QP3K', NULL, NULL, NULL, NULL, NULL, NULL, NULL, '2022-09-16 15:50:11'),
(7, 'aaa@com', '$2y$10$tlhvnUjzgTWea2zu7mKS3e1dGBSgloIume.DoAuGRA9/LXq4CQyxG', NULL, NULL, NULL, NULL, NULL, NULL, NULL, '2022-09-16 15:50:13'),
(8, 'aaa@com', '$2y$10$Q7J42lvTIzQ1KSHUBWhALuayxRnOB/1R1lIH8FNbjIMZUuLTXoU0C', NULL, NULL, NULL, NULL, NULL, NULL, NULL, '2022-09-16 15:51:26'),
(10, 'aaa@com', '$2y$10$.17poYf4rqgIHPW4afMpleCcxg3BPwyr9jrsqp5qJVnj6kyfqvWca', NULL, NULL, NULL, NULL, NULL, NULL, NULL, '2022-09-16 16:13:34'),
(12, '456@com', '$2y$10$7PMkOsDto.xYZ7UAmxVJ/eOraDkqSJ/IxjiWfDYfiNluOq3Xv99Ki', NULL, NULL, NULL, NULL, NULL, NULL, NULL, '2022-09-19 09:49:59'),
(13, '789@com', '$2y$10$ZO2KppEJ8dE7qqDFjnXOqOfexvuBzAZb4en8zQGPt0ciHMhUzKvSW', NULL, 'aaa', '123', '2022-09-09', '5', '24', '33', '2022-09-19 13:35:24'),
(15, '123@com', '$2y$10$Ud2JlAOu5bPtzmwYUwon1e16JELyER8OSsNyJkEGfC9Fbi/9hqEzm', 'http://localhost/MEOW/imgs/member/picture02.png', NULL, NULL, NULL, NULL, NULL, NULL, '2022-09-20 16:34:23'),
(16, '999@com', '$2y$10$hJac1zSHn48byz.MB5xbY.qaH5RDlEjVUIaS/NZVngMGxJg0n.Ul.', './imgs/member/picture01.png', NULL, NULL, NULL, NULL, NULL, NULL, '2022-09-20 17:18:37'),
(17, '888@com', '$2y$10$Nok3KvXxDo228eP1DFgJHeKGjP49Y7ICHQCNQ3qfdBY.cxtUxe/fW', 'http://localhost/MEOW/imgs/member/picture02.png', NULL, NULL, NULL, NULL, NULL, NULL, '2022-09-20 17:22:36');

-- --------------------------------------------------------

--
-- 資料表結構 `product`
--

CREATE TABLE `product` (
  `sid` int(11) NOT NULL,
  `id` varchar(100) DEFAULT NULL,
  `category_sid` varchar(255) DEFAULT NULL,
  `product_name` varchar(255) DEFAULT NULL,
  `product_card_img` varchar(255) DEFAULT NULL,
  `product_size` varchar(255) DEFAULT NULL,
  `product_price` varchar(255) DEFAULT NULL,
  `product_subtitle` varchar(255) DEFAULT NULL,
  `product_intro` varchar(255) DEFAULT NULL,
  `product_popular` varchar(255) DEFAULT NULL,
  `product_comment` varchar(255) DEFAULT NULL
) ENGINE=InnoDB DEFAULT CHARSET=utf8mb4;

--
-- 傾印資料表的資料 `product`
--

INSERT INTO `product` (`sid`, `id`, `category_sid`, `product_name`, `product_card_img`, `product_size`, `product_price`, `product_subtitle`, `product_intro`, `product_popular`, `product_comment`) VALUES
(1, 'P01', '2', '月老系祈福戀人手繩', 'P01_1', '胭脂,喜糖,姻緣樹', '485', '月老系｜ 胭脂 喜糖 姻緣樹\n「 戀人的 守護幸福祈願力量♡ 」', '<div class=\"intro_img\">\n<img class=\"w-100\" src=\"./imgs/product/P01_4.jpg\" alt=\"\">\n</div>\n<div class=\"intro_img\">\n<img class=\"w-100\" src=\"./imgs/product/P01_5.jpg\" alt=\"\">\n</div>\n<p>古文「系」字通「繫」。 <br>\n<br>\n『赤繩子耳，以系夫婦之足，及其坐則潛用相繫。\n雖讐敵之家，貴賤懸隔，天涯從宦，吳楚異鄉，\n此繩一繫，終不', '4', '4'),
(2, 'P02', '2', '月老牽引水晶手鏈', 'P02_1', '', '1880', '', '坦桑石 海藍寶 水晶手鏈 天然石 生日禮物 愛情運 金線\n\n紅紋石 9 mm\n紅紋石有助舒緩激動的情緒及過濾負能量。 紅紋石可治療因失戀帶來的痛苦、失落、憂鬱，讓情緒穩定緩和。 紅紋石可助消解憂鬱，有助蜜運、亦可加強個人衝勁及行動力。\n\n月亮石7mm\n由於月亮石是愛情之石，所以月亮石的功效有助提升女性魅力，幫助吸引異性，以及增進男女朋友情侶之間了解對方，改善情緒上的偏執，所以很多人會認為月光石有助分手的情侶復合。 而對於個人有肋入眠、可調節飲食習慣，長期佩戴月光石可由改善氣質，更會護膚、明眸、護髮。\n\n關', '10', '4'),
(3, 'P03', '2', '一顆不變的心草莓晶手鍊', 'P03_1', '14CM-15CM,15CM-16CM,16CM-17CM', '888', '▸桃花運☆增加異性緣、斬爛桃花，婚姻感情升溫。 \n▸貴人運☆提升人際關係、魅力，才能事半功倍。 ', '一顆不變的心手鍊，花若盛開、蝴蝶自來， #提升戀愛運，草莓晶可幫助人緣、人際關係，增強正緣桃花運，同時可使思考更加清晰。給自己一條水晶手鍊，運用水晶能量，提升氣場。咕咕好運，陪您一起變好的朋友。\n草莓晶的能量及磁場偏強，有助於提升愛情運勢、吸引美好姻緣，及增進人際關係。', '15', '4'),
(4, 'P04', '1', '霞海城隍廟 X 甜作之盒月老供品組', 'P04_1', '甜作之盒單入組,甜作之盒&棉布御守單入組,甜作之盒&棉布御守&紙膠帶單入組', '707', '台北霞海城隍廟加持認證，最甜最完整的月老供品組合，一盒在手，求愛無阻！', '<div class=\"intro_img\">\n<img class=\"w-100\" src=\"./imgs/product/P04_6.jpg\" alt=\"\">\n</div>\n<p>【最甜最完整的參拜體驗！】 <br>\n幫你把月老參拜體驗濃縮在這一盒中！ <br>\n真命甜子小抄讓你 #釐清想要的愛情 <br>\n內附最甜供品，不用再煩惱要帶什麼供品參拜月老 <br>\n拜完還有時光棉布愛情御守與和紙膠帶，持續保佑你的愛情！ <br>\n希望在這個愛情的時節裡，每個人都能獲得月老的庇佑，擁抱滿滿的幸福 <br>', '90', '5'),
(5, 'P05', '1', '霞海城隍廟 X 零錢包', 'P05_1', '薑黃色,黑色', '380', '以月老作為發想主軸設計織標 \nthe old man under the moon', '滿月的月光照映在月老廟\n月老坐在的辦公室裡看著姻緣簿煩惱著如何幫前來求好緣的善男信女們牽上紅線\n日曆上是農曆八月十五 月老的生日\n偷偷告訴大家 民間也相傳七夕（農曆七月七日）與月老生日(農曆八月十五）求姻緣特別靈驗\n材質上選用可愛的羊羔毛布料\n薑黃色與黑色搭配紅藍繩製作圓形零錢包\n再縫上月老織標\n象徵圓滿的姻緣\n希望收到的人可以感受到心意飽滿的祝福\n\n再偷偷告訴大家\n跟月老求的紅線最適合放在錢包裡\n我們內層有特別設計小隔層讓大家放紅線', '22', '4'),
(6, 'P06', '2', '月老牽紅線香水禮盒', 'P06_1', '月老姻緣袋（黑色）,月老姻緣袋（紅色）', '825', '期間限定情人節禮盒包裝，限量月老紅線姻緣袋，情人節脫單首選，五款品牌經典香氣一次擁有', '經典香水禮盒五款香氣介紹\n美神：牡丹、玫瑰、紅蘋果/花香調\n海洋女神：小黃瓜、香草、麝香/清新調\n青春女神：葡萄柚、佛手柑、琥珀、廣藿香/柑橘調\n甜蜜女神：西洋梨、甜瓜、小蒼蘭、琥珀/果香調 \n希望女神：萊姆、杜松、薑、木頭、薰衣草/木質調\n\n用途：隨身香水，增添迷人香氣，可放置於小包方便攜帶，可噴於空間或織品衣物，香味持久，還可噴於乾燥花圈吊飾當擴香底座，掛於室內空間或車子散發香氣。 \n\n容量：25ml (5ml x 5) \n香氣可維持約6-8小時', '59', '5'),
(7, 'P07', '2', '祈願七脈輪複方精油滾珠', 'P07_1', '紅線款,桃花款', '480', '情人的愛，都可以轉化到不同的個體，成為不可取代的陪伴', '我們邀請粹淬的好友，好好愛那些平時在身邊陪伴您的人，將這份愛傳遞出去！ \n月老牽線限量款設計芳香精油#隨身好人緣 \n悅月老桃花款-以桃花盛開實景 象徵緣份將至 檔也檔不住的桃花運 \n愛月老牽紅線款-以牽紅線概念 正面結合愛心 背面則有雙圓雙戒的小巧思', '29', '4'),
(8, 'P08', '2', '粉晶擴香禮盒', 'P08_1', '黑茶,雪松,赤腳草原,京都柚子,清晨針林,午後冰茶,無花果', '1810', '好人緣粉水晶 × 7款香氣，打造專屬的香氣禮盒（含品牌緞帶包裝＋提袋）', '水晶礦石可放置空間增加生活品味，也能滴上香氛精油作為擴香石使用，豐富你對香氛的想像。\n為自己挑選一款礦石 x 香氛的生活質感單品吧！\n禮盒內容\n粉水晶一袋＋20ml香氛精油一瓶＋180ml茶色玻璃杯一個（含蓋子），共三件入。\n\nEYECANDLE 訂製禮盒選用日本白牛皮紙質搭配溫和色調，文字燙黑效果搭配炭黑色襯紙，給予平和低調的份圍，贈禮簡單大方又體面。\n\n◆ 水晶原礦（粉晶）\n來挑選適合的水晶原礦吧！除了外觀與色澤外，也可以參考它們帶來的能量喔。\n\n◇ 粉水晶\n平衡情緒，提升人緣。\n\n＊每包水晶原礦都能', '38', '5'),
(9, 'P09', '2', '脫單大禮包', 'P09_1', '', '690', '', '內容物有： \n擲筊筷架一對，月老圖像台式啤酒杯一只。 \n外包裝有： \n竹籃，內襯台灣客家大紅花布 \n\n【擲筊筷架商品規格】：一對 直徑 5 公分，寬 5 公分，高 2 公分 \n材質： 陶瓷 \n紙盒尺寸：長 6 公分，寬 6 公分，高 3 公分 \n重量：一對 30 公克 \n竹籃尺寸： \n方：長 10 公分 寬 10 公分 深 6 公分 \n長：長 19 公分 寬 10 公分 深 6 公分 \n*竹籃不挑色，不便之處敬請見諒！ \n(但您放心每種包起來都超美的) \n\n注意事項： \n手工製作，有手工痕跡為正常現象。 ', '17', '3'),
(10, 'P10', '1', '霞海城隍廟 X 原色木紋夜燈', 'P10_1', '', '2592', '設計師獨家研發設計【專屬客製化｜夜燈拾光機 】經典款熱賣破千件 \n霞海城隍廟聯名款 x 客製化圖像 x 夜燈擺飾 x 結合生活化數位時鐘', '✨💑情人送禮聯名款「就想和你在一起」重磅推出⛩✨\n今年與⛩台北霞海城隍廟月下老人👵🏻聯名推出愛意滿滿的禮物啦💞\n以「就想和你在一起」為設計主軸傳遞彼此之間毫不保留的愛與緣分\n無論是情人驚喜、閨蜜贈禮、家人紀念、朋友祝福、新婚祝賀、老夫老妻耍甜蜜都適用\n期待在送禮時能讓彼此都感受到暖暖的心意及感動唷💙✨\n🔜另外還有月老加碼贈禮唷👵🏻(往下滑)\n\n我們的理念是「Catch every good moment in your life. 」\n同時我們販售的也是一種感動，融感性與理性為一體，將每座夜燈都注入屬於自', '10', '4'),
(11, 'P11', '2', '手工中藥草線香', 'P11_1', '', '699', '澳洲檀香&佩蘭&肉桂&香附, 讓月老領您一路前行，希望能帶給您好運氣與勇氣！', '帶著甜甜的的藥草香味；以古老的中草藥知識為基礎，我們的草藥線香精心的保持著植物本來的特色香味以及其天然的治癒力。 \n\nElder of the moon非常適用於以下場景： \n－為精彩的新一天作做準備🚿 \n－不確定是否應該在短信中加上心形（加嘛，加一下又不會怎麼樣，看我加了多少個 ，❤️❤️❤️❤️❤️❤️❤️❤️❤️❤️❤️❤️❤️❤️❤️❤️❤️Love you bae xxx） \n－祈求好桃花的時候（提醒一下桃花代表人際關係🤝，不只有戀愛） \n\n使用方法：將線香放在香座上，點燃線香的一端，輕輕吹滅火', '14', '3'),
(12, 'P12', '2', '在一起乾燥花禮盒', 'P12_1', '', '1200', '只要有你在，每年每天都是情人節。\n就想和你在一起甜甜月老組合，讓你七夕沒伴變有伴；有伴不怕會走散。', '//主商品//\n( 1 )乾燥花束 / 17cm(H)X12cm(D)X15cm(W)：\n開花結果，邀請月老當媒人，送給你的她讓她熱淚盈眶Say Yes!\n( 2 )馬林糖或森永牛奶糖 / 12cm(H)X9cm(W)*2包：\n甜甜月老的嘴，也將你們甜蜜相連；記得一人一包感情不會散~\n//文宣品//\n( 1 )月老參拜指南 / 17cm(H)X9cm(W) / 攤開尺寸：\n依照參拜流程進行祭拜程序，讓你第一次就上手。\n( 2 )品牌卡、名片：隨貨附贈\n( 3 )月老貼紙：可愛的主視覺，捧花月老幫你開花結果', '37', '4'),
(13, 'P13', '1', '鹿港天后宮 X 祈願養護組', 'P13_1', '', '1180', '', '商品材質:\n《 祈願 • 月老姻緣香 • 純銀手鍊 》:蠟繩/低敏925純銀製品/淡水珍珠\n《祈願．月老姻緣香．手鍊養護袋》:外袋绒面超纖/内卡羊皮绒\n《 祈願 • 愛情丹 • 月老姻緣香 》:玻璃瓶\n商品規格:三件販售\n商品尺寸:\n禮盒:28x14.1x5.1cm\n《 祈願 • 月老姻緣香 • 純銀手鍊 》:淡水珍珠，形狀大小皆不同(±1.5mm)，細微坑洞及凹痕為天然形成非屬瑕疵\n《 祈願 • 月老姻緣香 》手鍊護養袋:7.3x7.3cm(內附項鍊卡)\n《 祈願 • 愛情丹 • 月老姻緣香 》:10m', '30', '5'),
(14, 'P14', '1', '鹿港天后宮 X 祈願純銀手鍊', 'P14_1', '', '850', '', '商品材質:蠟繩/低敏925純銀製品/淡水珍珠(商品採用淡水珍珠，形狀大小皆不同，細微坑洞及凹痕為天然形成非屬瑕疵)\n商品規格:一件販售\n商品尺寸:0.6x0.5cm\n鍊長:15.5cm(含扣頭)\n延長鍊:2.5cm(不含尾片)', '50', '5'),
(15, 'P15', '1', '胭緣聚月口紅＋粉餅', 'P15_1', '', '2500', '工欲善其事，必先利其器，想要脫單就要脫單美妝「神器｣！', '每個人想必都有在感情路上跌跤的經驗吧？我喜歡的人不喜歡我、我以為他很好，但他卻背叛了我，或遇人不淑，或真愛難覓，愛情始終是一道難解的謎題。這時候就許多人就會開始藉由宗教的力量尋求心靈的慰藉，也因此臺灣一直以來都有拜月老的習俗。近幾年也越來越多廟宇趕上這一波潮流，推出月老彩妝，希望民眾擦上月老口紅就能獲得月老的保佑，覓得良緣，蒐集這四款還可獲贈有喜餅之意的月老粉餅，即獲得月老祝福愛情圓滿。若是男生用不到口紅，也可以帶在身上，當作祈福喔！\n禮盒商品含：\n祀典武廟—豆沙色口紅,大天后宮—橘紅色口紅,大觀音亭—莓', '70', '5'),
(16, 'P16', '1', '胭緣聚月眉筆＋化妝包', 'P16_1', '', '2000', '工欲善其事，必先利其器，想要脫單就要脫單美妝「神器｣！', '人們總說愛情是建立在「信任」之上，但其實愛情更是建立在「希望」之上，日子一天一天過，再不平凡的浪漫邂逅終有一天會成為平凡的家常便飯。當激情褪去，在姻緣線的兩端搭起橋樑的就是「希望」，兩個人你看著我，我看著你，眼中有了希望才有未來，也才能擁抱幸福的後話。男人女人，你我都應該追尋希望，一起繼續看下去，為你的幸福姻緣牽起希望線！\n禮盒包含：\n鹿耳門聖母廟—月老眼線液,鹿耳門天后宮—月老眉筆,南鯤鯓代天府—月老腮紅,彩妝品禮盒（贈月老化妝包）\n鹿耳門聖母廟—月老眼線液\n鹿耳門聖母廟的月老又被稱為「葫蘆月老」，號稱', '70', '5'),
(17, 'P17', '1', '霞海城隍廟 X 脫單禮盒', 'P17_1', '', '700', '女生的事，就是我們的事～\n月事交給愛康，愛情交給月老～', '「脫單禮盒」正！式！開！賣！\n\n單身的朋友歡迎把握機會。\n\n御守 + 籤詩+ 筊杯 = 愛情降臨。\n\n御守｜攜帶在身，真愛現身\n籤詩｜不知去處，找到明路\n筊杯｜左右逢源，求得正緣\n\nPS許多女性朋友來問說”月事”來的時候可以來參拜嗎？\n當然是可以的，不要拜天公就好囉！現場提供紅棗、枸杞燉煮的平安茶與大家結緣，補血養身、同時友善生理期的女孩子，讓人感到非常溫暖及貼心！', '29', '4'),
(18, 'P18', '1', '台南祀典大天后宮 X 月老品茶組', 'P18_1', '', '399', '想脫單的動作快，《萬波島嶼紅茶》特別找上台南祀典大天后宮推出限量「七夕月老禮盒」，有了月老的加持，肯定桃花朵朵開！', '台南祀典大天后宮後殿供奉的月老公公，有「緣粉月老」之稱，同時並列「府城四大月老」，已撮合無數佳偶，靈驗程度受到許多單身男女爭相前往，現在《萬波》幫各位向月老求緣，「月老緣粉」的使用小秘訣，即是可以抹一些在耳後，或是放進香囊當中帶在身上。\n此外，禮盒內還有品牌嚴選的台灣金萱紅茶「萬波島嶼紅茶包」以及讓月老公公呷甜甜的「島嶼檸檬茶王風味軟糖」，有了百年大天后宮加持，想必人緣也會跟著水漲船高。', '50', '5'),
(19, 'P19', '1', '霞海城隍廟 X 姻緣簿茶蜜組', 'P19_1', '', '650', '取材自月老姻緣簿的概念，禮盒即為一本姻緣簿！', '<div class=\"intro_img\">\n<img class=\"w-100\" src=\"./imgs/product/P19_3.jpg\" alt=\"\">\n</div>\n<div class=\"intro_img\">\n<img class=\"w-100\" src=\"./imgs/product/P19_4.jpg\" alt=\"\">\n</div>\n<p>取材自月老姻緣簿的概念，禮盒即為一本姻緣簿，內有台灣自產純荔枝蜂蜜及宮廟御守造型茶包。 <br>\n宮廟御守造型茶包共有六款，每個話語均不同，立馬脫單', '95', '5'),
(20, 'P20', '1', '霞海城隍廟 X 結緣護手霜', 'P20_1', '', '850', '♥七夕情人節結緣 - 就想和你在一起 ♥\n霞海城隍廟與檜山坊限量聯名禮盒\n香氛 滋潤 制菌 戀愛 四效合一', '專屬情人節清新的木質調\n凡購買即贈送月老聯名貼紙一張！\n\n#魯蛇秒脫單\n#成雙成對\n#馬上對愛入座\n\n【品名】檜木制菌滋潤護手霜禮盒｜霞海城隍廟與檜山坊限量聯名禮盒\n\n【內容】〔清爽保濕版 〕2 +〔雙倍滋潤版 〕1＋〔月老聯名貼紙〕*1\n\n添加純天然檜木精油，濃郁檜木香氣，輕鬆享受大自然芬多精! 高純度乳油木果油添加，潤澤手部肌膚，結合蘆薈萃取液、維他命B5等保濕因子，給您雙手絕佳呵護。\n\n◎香氛 滋潤 制菌 戀愛 四效合一\n\n👍 天然香氛：添加純天然檜木精油，濃郁檜木香氣，輕鬆享受大自然芬多精。\n👍 ', '10', '4'),
(21, 'P21', '1', '鎮瀾宮大甲媽 X 祈願御守', 'P21_1', '', '520', '', '【大甲媽姻緣線御守禮盒】\n\n全內容物皆經過過爐加持！\n\n禮盒內容物：\n1. 精美外盒\n2. 皮製愛情御守 \n3. 良緣姻緣線\n4. 報馬仔紅線\n\n【千里姻緣一線牽】\n\n紅繩子，用來系在夫婦的腳上，這樣一來，哪怕對方是仇敵，貧賤懸殊，遠在天涯海角，也最終會走到一起。 這即是「千里姻緣一線牽」的傳說。\n\n\n【紅線也可以保平安】\n\n自古以來，配戴紅繩手鍊就具有各式各樣的開運功效，紅線本來的用意是吉祥祝福祈願用。紅色代表火，有去煞的功用，拿紅色線跟神明祈求過後過香爐，除了可以保平安，對氣運、身體、事業、感情都有幫', '70', '5'),
(22, 'P22', '1', '限定月老香水', 'P22_1', '', '95', '隆重介紹重量級元老——掌管姻緣的月老與七娘媽登場囉！', '兩位神祇象徵天賜良緣、守護愛情，讓無論單身、單戀、伴侶或夫妻，都能有情人終成眷屬、幸福美滿。\n這就是一推出就要手刀必入的秒殺缺貨商品–「臺南限定月老香水」，這款與臺灣品牌「明星花露水」共同發行、熟悉又經典的味道，一點都不輸法國” 扣扣．香*ㄦ”， 讓您魅力散發無法擋唷！\n創始於清光緒33年，具有百年歷史的品牌香水「明星花露水」首次與政府機關合作，推出臺南七夕特製版\n\n臺南限定月老香水\n結合「七夕情人節」及「拜月老、七娘媽，以求姻緣」之傳說典故，\n邀請臺灣經典品牌「明星花露水」，.\n開發出深具紀念價值的文創', '40', '4'),
(23, 'P23', '1', '霞海城隍廟 X 好運緣結木拼圖', 'P23_1', '', '599', '亞里士多德說：「愛就是一個靈魂住在兩個身體。」\n紛紛擾擾的世界，每個人都在尋找專屬自己的那七十億分之一\n但就像打散的拼圖一樣，誰在誰身邊？誰又是誰最適合的形狀呢？', '台北霞海城隍廟是網友公認台灣最靈驗月老廟\n更被日韓旅遊書推薦為亞洲最強結緣神\n與亞洲最強月老聯名，網羅所有結緣必備元素\n\n不管你是和心愛的人共同完成或是結緣脫單\n這次！一起為愛而拚！一起找到生命中缺少的欠片！\n桃花、紅線、鉛錢....一應具全，找個招桃花的角落就是家中最美的裝飾\n附有組合腳架，可以任意陳列在任一個角落\n當然也可以隨時取下拼圖把玩擲筊\n拼圖均附有紙盒包裝與完成提示，不論是要送給心愛的另一半一起結緣\n或是給單身的朋友或自己一次為愛而拚的鼓勵都很棒喔！\n產品尺寸：105 x 105 x 10mm', '30', '4'),
(24, 'P24', '1', '霞海城隍廟 X 扣式真皮中夾禮盒', 'P24_1', '好運紅,百搭咖,森林綠', '2280', '【一份心意，只獻給你】', 'P24_2.jpg\n▍貼心附上結好緣明信片，求得好姻緣\n\n因為珍惜與你的相遇，\n在這動盪的日子裡，\n準備一份「祈福真皮件」，代表我最真摯的祝福。\n\n「只」送給心愛的你\n▪只選用100%頭層牛皮\n▪只挑台灣自創品牌\n▪只選獨一無二的天然紋路\nP24_5.jpg\n#caltan #凱爾登皮件 #真皮夾\n#好運 #結緣 #送禮 #月老 #紅線 #就想和你在一起\n\n▍CALTAN x 城隍廟好運皮夾 - 送你最真摯的禮物\nP24_3.jpg\nP24_4.jpg\n▍情人節送禮首選，讓月老牽起咱倆的小紅線\n▍中夾造型', '88', '5'),
(25, 'P25', '1', '霞海城隍廟 X 溫感足浴組', 'P25_1', '經典小黑足浴禮盒,裸粉玫瑰足浴禮盒,檸檬小黃足浴禮盒', '1890', '每個女生都要有的SPA級——溫感足浴袋', '漢方美容足浴SPA禮盒組｜內容物：\n● SPA級-溫感足浴袋（經典小黑、檸檬黃袋、裸粉玫瑰）\n● 漢方湯浴包『天天舒壓x4入、月月溫順x4入、日日輕盈x4入』三大包共12入，三種款式。\n● 泡腳指南穴道說明圖\n\n▎ 樂木集のSPA級-溫感足浴袋\n\n● 全台唯一新型專利獨家SPA級溫感足浴袋品牌！\n● 四層加厚！上下層500D夾網PVC＋內層鋁箔層＋保溫棉，持久保溫！保暖升級！\n● 加高桶深，可泡到小腿的足三里穴位。\n● 舒適提手，輕鬆裝水倒水。\n● 材質厚實防傾倒，挺立不漏水！\n● 摺疊收納，攜帶方便，不', '53', '5'),
(26, 'P26', '1', '霞海城隍廟 X 粉晶滾輪刮痧', 'P26_1', '', '1314', '嚴選天然豐潤的粉晶，是著名的桃花寶石 以「娘娘棒」滾輪或粉晶刮痧板來按摩，幫助保養品吸收更快更好，更可搭配精華油、精華液、面膜使用，加強潤滑；輕鬆地舒緩疲倦肌膚，由內而外彈力飽滿喔', '讓你的滿滿心意，美上加美！\n愛蕊最受歡迎的玉石滾輪組\n是許多朋友挑選質感禮物的首選\n\n傳情時刻，我們為霞海城隍廟聯名粉晶滾輪組\n再繫上精緻的金色緞帶與聖誕小吊卡妝點\n卻不遮掩到原本就極具月老結緣特色、美極了的外觀設計\n讓你送禮送到親友的心坎裡\n\n不論交換禮物、新年、情人節、母親節送禮\n再讓小卡為你加倍表達❤️\n\n聽聽買過粉晶玉石滾輪組禮盒的朋友怎麼說\n\n「先買一盒當交換禮物，收到被美翻立刻又下訂一組送給自己」\n\n「商品很喜歡 身邊的姊妹媽媽阿姨們都麻煩我再幫他們購買」\n\n「昨天已送出生日禮物囉，對方一打開', '88', '5'),
(27, 'P27', '1', '霞海城隍廟 X 摩斯密碼告白門簾', 'P27_1', '', '1280', '心底的愛意濃厚，卻總是說不出口\n讓蚤操的手染作品幫你傳達吧！', '特調的柔嫩粉橘色與粉紅色，手工電繡的愛心裝飾\n中間連續的紅線相連不斷，收尾的紅線綿延彼此緣份\n懸掛起來，浪漫的氣息瀰漫空間\n\n仔細看看門簾兩側愛心的分佈，是不是有點規則？\n解開謎底！是藏著－摩斯密碼「I love you」\n送給心儀的他，看看能不能猜出你的心底話吧～\n\n◆因手染訂製款僅能相似，細節不可能一模一樣，可接受再下單\n◆下單前若有疑問，歡迎盡量多發問\n◆關於色差，因各家螢幕顯示器不同，顏色可能會略有誤差，對顏色要求精準的朋友下單前請考慮清楚唷！', '41', '4'),
(28, 'P28', '1', '霞海城隍廟 X 水餃包', 'P28_1', '喜逐,歲綠,品蒼,繪植', '490', '', '在地聯名\n説到大稻埕，你會想到什麼？\n有中藥、南北貨、布市，還有\n必定走訪的「台北霞海城隍廟」！\n同為大稻埕的居民—布物設計(BUWU)，\n與台北霞海城隍廟、Pinkoi合作，共同牽起你我的緣分～\n\n#戀情結良緣｜就想與你在一起\n#日常結善緣｜就想與你見證情誼\n#人間好人緣｜就想讓自己正能量滿滿\n\n聯名商品—水餃包\n布物設計運用大稻埕的「中藥」\n將在地元素化為獨特布花\n製成小巧又軟綿綿的掌中水餃包～\n\n圖案取自藥方「十全」與「養肝明目」\n除了欣賞藥材的美麗紋理\n也帶著希望你「健健康康」的心意\n送禮最適合不', '36', '3'),
(29, 'P29', '1', '霞海城隍廟 X 御守徽章', 'P29_1', '', '779', '獨家聯名結緣袋＆結緣紅線', '今年很可惜因為疫情關係，無法親自去到霞海城隍城隍廟\n和月下老人祈求緣分也別擔心，所以在七夕前夕，我們成立結緣追愛小組\n攜手與在地設計師合作，製作出各式七夕月老聯名款禮物\n期待在送禮時能讓各地單身、想求姻緣的男女們牽起之間的緣分\n\n包裝設計\n這次的包裝設計，我們採用禮盒式的包裝設計，封面大大的月老手持法仗拋出紅繩，西方為台北霞海城隍廟的外觀，將禮盒打開，就像進入廟宇參拜一樣。\n內盒設計\n盒內的設計，我們採用較深的紅色，去襯托外盒的粉紅，同時，深色的內襯也更襯托出兩款徽章御守櫻花粉以及丹青色。\n小卡以及紅繩\n', '33', '3'),
(30, 'P30', '1', '霞海城隍廟 X 牽線絹印組', 'P30_1', '', '520', '', '', '12', '4'),
(31, 'P31', '1', '霞海城隍廟 X 紅線口金包', 'P31_1', '', '199', '', '', '77', '4'),
(32, 'P32', '2', '檜木結緣御守', 'P32_1', '', '400', '', '是 御守/平安符 也是 吊飾 ，正面用廟宇裡的窗花圖騰設計。\n背後可刻上留言的客製化內容，非常適合送禮或給自己保平安用。\n\nSmell -\n\n檜木的香味似線香都有讓人安心舒適的感受\n在疫情期間也可以帶給想祈求各種運勢的朋友\n彷彿置身在廟宇參拜時的氛圍與體驗\n\nTouch -\n\n御守大小的設計無論是當做吊飾使用\n或是放置於包包內當平安符\n木頭質感也帶來扎實且輕巧的感受\n\nFeel -\n\n印花圖騰給予使用的人安心感\n成對的御守圖示也很適合朋友送禮\n\n| 台灣檜木介紹 |\n- 材質 : 因台灣林木禁伐，來源為老', '65', '4'),
(33, 'P33', '1', '霞海城隍廟 X 超虔誠結緣組', 'P33_1', '', '299', '', '月老喵Ｘ台北霞海城隍廟，攜手打造絕美結緣品\n台北霞海城隍廟是全台最有名的月老廟之一，每年促成 6000 對佳偶！\n然而不是每個人都能天天進廟參拜，加上疫情讓大家不敢出門。\n為了讓更多人獲得幸福，月老喵特別推出了線上參拜求籤服務。\n\n在計劃支持者的引頸期盼下，今年我們再度加碼推出兩款精緻結緣品，希望能讓月老的祝福時刻陪伴你。\n無論自己想求取好姻緣、讓感情加溫，或是送給等待脫單的親友，都是最暖心的選擇 ♥\n\n《自己的緣分自己綁》紅線明信片\n▸ 由我們精心設計的明信片與結緣紅線​\n▸ 內附三種繩結教學，教你如何', '76', '4'),
(34, 'P34', '3', '大福氣餅乾禮盒', 'P34_1', '', '400', '', '手工曲奇系列：手作的精緻曲奇，一樣用使用優質天然食材製作，減少甜度的修飾，讓好食材演奏出美妙的旋律。\n\n原味小福心（約18~22片）\n法國進口依思尼AOP發酵奶油、蛋，減糖30％，麵粉特選日本鳥越，做出來的餅乾酥鬆化口，奶香清爽甘甜不膩。簡單的材料卻勾勒出動人的美味。\n\n咖啡小福心（約18~22片）\n用的是義大利精品咖啡 illy，香濃咖啡超涮嘴，保證停不下來。\n\n可可小福心（約18~22片）\n法國Cacao Barry的100%可可，香濃有層次，可可的極致享受。。\n\n抹茶小福心（約18~22片）\n選用日', '56', '5'),
(35, 'P35', '3', '因緣巧盒', 'P35_1', '', '350', '', '■ 土鳳梨酥： \n\n- 熱量：每份25公克，114.9大卡\n\n- 本包裝含份量：1份\n\n- 土鳳梨酥成份：2號鳳梨、麵粉、天然奶油、糖、麥芽糖、乳酪、奶粉、蛋、海藻糖\n\n- 保存期限：至少2022.09.22\n\n- 本產品含有：牛奶、蛋、含麩質穀物\n\n\n\n■ 茶花花月餅：\n\n- 熱量：每份50公克，126.3大卡\n\n- 本包裝含份量：1份\n\n- 成份：白鳳豆、海藻糖、蛋、糖、天然奶油、麥芽糖、奶粉、糯米、小麥、仙人掌\n\n- 保存期限：2022.09.22\n\n- 本產品含有：牛奶、蛋、含麩質穀物\n\n\n\n■ ', '75', '5'),
(36, 'P36', '3', '開花的春天巧克力禮盒', 'P36_1', '', '599', '', '', '74', '4'),
(37, 'P37', '3', '甜蜜良緣禮盒', 'P37_1', '', '500', '', '月老喵精心挑選單純、新鮮的食材融合台式文化與法式技術，讓大家品嚐到美味兼具的獨特甜點👨🏻‍🍳\n❣️\n常溫月老禮盒，內容物為紅棗費南雪*6、桂圓瑪德蓮*6、玫瑰蛋白霜*2包。\n有情人終成眷屬價 $520\n保存期限：冷藏一週，常溫四天。\n.\n月老喜甜食，供品記得準備雙數\n紅棗-早日找到好姻緣\n桂圓-圓滿順利\n砂糖-甜月老的嘴\n.\n若如願覓得好對象，要記得奉上喜餅、喜糖向月老還願唷❤️\n雖說是月老禮盒，紅色外盒新年送禮也很合適喔😁😁', '74', '4'),
(38, 'P38', '3', '甜在你心餅乾禮盒', 'P38_1', '', '550', '', '選擇了食品級純白啞光的圓邊收口式鐵盒，裡頭是滿滿的心意和美味：\n\n檸檬假期\n小花伯爵\n焙炒杏仁雪球\n實栗紅豆費南雪\n蜂蜜燕麥餅乾\n愛心草莓果醬餅乾', '79', '4'),
(39, 'P39', '3', '艾克斯糖果禮盒', 'P39_1', '', '300', '', '❤️《 #艾克斯糖 》— 原味 / 開心果， 20元 /單顆\n杏仁膏 / 糖漬橘皮 / 糖霜\n杏仁是招桃花聖品，也是法國普羅旺斯的特有點心，象徵對愛情的守護與堅貞、永不分離。', '30', '4'),
(40, 'P40', '3', '真松露巧克力', 'P40_1', '', '730', '', '《 #真松露巧克力 》90 元 / 單顆 、730元 / 7入禮盒\n法芙娜70%瓜納拉／鮮奶油／義大利白松露油／奶油\n巧克力能撩動情愫，如果你想感受熱戀的滋味，那就先來點巧克力吧。', '66', '4'),
(41, 'P41', '3', '你儂我儂巧克力禮盒', 'P41_1', '', '520', '', '', '55', '4'),
(42, 'P42', '3', '法式水果軟糖禮盒', 'P42_1', '', '345', '', '❤️《 #法式水果軟糖 》 35元 / 顆、345元 / 7入禮盒裝、700元 / 20入禮盒\n青蘋果的爽朗、芒果百香的飽滿、香蕉百果的甜郁、白蜜桃的甜美、玫瑰荔枝的嬌艷、無花果的甘純、到森林莓果的豐盈，顆顆甜蜜入心、結成正果。', '44', '4'),
(43, 'P43', '3', '月老喵珠寶盒', 'P43_1', '', '599', '', '《 珠寶盒 X 貓咪也瘋狂俱樂部 CrazyCat club 》\n聯名公益貓咪鐵盒餅乾 #情人節限定款 熱淚發售中 \n每售出一盒餅乾，珠寶盒法式點心坊 #將捐出100元給貓咪也瘋狂公益協會，來幫助更多浪貓。', '33', '5'),
(44, 'P44', '4', '小黑酷酷口罩', 'P44_1', '', '300', '', '', '67', '5'),
(45, 'P45', '4', '三喵守護你文具組', 'P45_1', '', '499', '', '', '28', '5'),
(46, 'P46', '4', '月老喵托特包', 'P46_1', '', '499', '', '', '22', '5'),
(47, 'P47', '4', '月老喵圓形貼紙包', 'P47_1', '', '199', '', '', '19', '5'),
(48, 'P48', '4', '月老喵正方形貼紙包', 'P48_1', '', '199', '', '', '49', '5'),
(49, 'P49', '4', '幽靈金寶保溫瓶', 'P49_1', '', '399', '', '', '47', '5'),
(50, 'P50', '4', '月老喵明信片組', 'P50_1', '', '199', '', '', '53', '5'),
(51, 'P51', '4', '月老喵守護你帆布掛畫', 'P51_1', '', '999', '', '', '32', '5'),
(52, 'P52', '4', '小黑超帥印章', 'P52_1', '', '199', '', '', '69', '5'),
(53, 'P53', '4', '寶寶小黑超Q筆記本', 'P53_1', '', '99', '', '', '46', '5'),
(54, 'P54', '4', '月老喵愛你玻璃水瓶', 'P54_1', '', '299', '', '', '73', '5'),
(55, 'P55', '4', '金寶幸福美滿香氛蠟燭', 'P55_1', '', '699', '', '', '93', '5'),
(56, 'P56', '4', '小黑超潮滑板', 'P56_1', '', '8000', '', '', '28', '5'),
(57, 'P57', '4', '小黑斬桃花吊嘎', 'P57_1', '', '399', '', '', '44', '5'),
(58, 'P58', '4', '金寶超嗨飲料', 'P58_1', '', '50', '', '', '27', '5'),
(59, 'P59', '4', '小黑認真工作馬克杯', 'P59_1', '', '299', '', '', '37', '5'),
(60, 'P60', '4', '月老喵療癒你盥洗組', 'P60_1', '', '799', '', '', '25', '5'),
(61, 'P61', '4', '寶寶小黑乳液', 'P61_1', '', '399', '', '', '32', '5'),
(62, 'P62', '4', '魅力小黑精華液', 'P62_1', '', '1999', '', '', '46', '5'),
(63, 'P63', '4', '液體小玉手機殼', 'P63_1', '', '999', '', '', '59', '5'),
(64, 'P64', '4', '金寶保護你手機殼', 'P64_1', '', '999', '', '', '42', '5'),
(65, 'P65', '4', '小黑幫你斬桃花手機殼', 'P65_1', '', '999', '', '', '68', '5'),
(66, 'P66', '4', '幽靈金寶手機殼', 'P66_1', '', '999', '', '', '51', '5'),
(67, 'P67', '4', '小玉幫你牽紅線手機殼', 'P67_1', '', '999', '', '', '40', '5'),
(68, 'P68', '4', '金寶幸福肥手機殼', 'P68_1', '', '999', '', '', '52', '5'),
(69, 'P69', '4', '寶寶小黑手機殼', 'P69_1', '', '999', '', '', '50', '5'),
(70, 'P70', '4', '老少咸宜手機殼', 'P70_1', '', '999', '', '', '63', '5'),
(71, 'P71', '4', '瑜珈小玉手機殼', 'P71_1', '', '999', '', '', '72', '5'),
(72, 'P72', '4', '滑板小黑手機殼', 'P72_1', '', '999', '', '', '61', '5'),
(73, 'P73', '4', '虔誠小玉手機殼', 'P73_1', '', '999', '', '', '68', '5'),
(74, 'P74', '4', '三喵快樂手機殼', 'P74_1', '', '999', '', '', '82', '5'),
(75, 'P75', '4', '小黑斬桃花T', 'P75_1', '', '590', '', '', '51', '5'),
(76, 'P76', '4', '金寶美滿T', 'P76_1', '', '590', '', '', '13', '5'),
(77, 'P77', '4', '瑜珈小玉T', 'P77_1', '', '590', '', '', '28', '5'),
(78, 'P78', '4', '幽靈金寶帽T', 'P78_1', '', '790', '', '', '26', '5'),
(79, 'P79', '4', '情侶帽T', 'P79_1', '', '790', '', '', '36', '5'),
(80, 'P80', '1', '祈願信紙', 'P80_1', '', '100', '', '', '32', '3'),
(81, 'P81', '1', '月老飲料', 'P81_1', '', '50', '', '', '35', '3'),
(82, 'P82', '2', '月老潮潮貼紙包', 'P82_1', '', '50', '', '', '45', '3'),
(83, 'P83', '2', '月老巧克力', 'P83_1', '', '50', '', '', '16', '3');

-- --------------------------------------------------------

--
-- 資料表結構 `product_category`
--

CREATE TABLE `product_category` (
  `sid` int(11) NOT NULL,
  `category_name` varchar(100) NOT NULL
) ENGINE=InnoDB DEFAULT CHARSET=utf8mb4;

--
-- 傾印資料表的資料 `product_category`
--

INSERT INTO `product_category` (`sid`, `category_name`) VALUES
(1, '聯名'),
(2, '文創'),
(3, '供品'),
(4, '獨家');

-- --------------------------------------------------------

--
-- 資料表結構 `product_list`
--

CREATE TABLE `product_list` (
  `sid` int(11) NOT NULL,
  `order_id` int(11) NOT NULL,
  `product_id` int(11) NOT NULL,
  `quantity` varchar(100) NOT NULL,
  `price` varchar(100) NOT NULL,
  `created_at` datetime NOT NULL
) ENGINE=InnoDB DEFAULT CHARSET=utf8mb4;

-- --------------------------------------------------------

--
-- 資料表結構 `product_order`
--

CREATE TABLE `product_order` (
  `sid` int(11) NOT NULL,
  `id` int(11) NOT NULL,
  `member_id` int(11) NOT NULL,
  `state` varchar(100) DEFAULT NULL,
  `price` varchar(100) DEFAULT NULL,
  `name` varchar(100) DEFAULT NULL,
  `phone` varchar(100) DEFAULT NULL,
  `address_city` varchar(100) DEFAULT NULL,
  `address_region` varchar(100) DEFAULT NULL,
  `address` varchar(255) DEFAULT NULL,
  `delivery` varchar(100) DEFAULT NULL,
  `payment` varchar(100) DEFAULT NULL,
  `payment_state` varchar(100) DEFAULT NULL,
  `created_at` datetime NOT NULL
) ENGINE=InnoDB DEFAULT CHARSET=utf8mb4;

-- --------------------------------------------------------

--
-- 資料表結構 `review`
--

CREATE TABLE `review` (
  `sid` int(11) NOT NULL,
  `members_id` int(11) NOT NULL,
  `target_type` int(11) DEFAULT NULL,
  `collect_id` int(11) DEFAULT NULL,
  `star` int(11) DEFAULT NULL,
  `content` varchar(255) CHARACTER SET utf8 DEFAULT NULL,
  `tags_sid` int(11) DEFAULT NULL,
  `created_at` datetime NOT NULL
) ENGINE=InnoDB DEFAULT CHARSET=utf8mb4;

-- --------------------------------------------------------

--
-- 資料表結構 `review_tags`
--

CREATE TABLE `review_tags` (
  `sid` int(11) NOT NULL,
  `tags` varchar(10) NOT NULL
) ENGINE=InnoDB DEFAULT CHARSET=utf8mb4;

--
-- 傾印資料表的資料 `review_tags`
--

INSERT INTO `review_tags` (`sid`, `tags`) VALUES
(1, '出貨超快速'),
(2, 'CP值超高'),
(3, '商品超可愛'),
(4, '商品品質爆表'),
(5, '服務態度超好');

-- --------------------------------------------------------

--
-- 資料表結構 `temple`
--

CREATE TABLE `temple` (
  `sid` int(11) NOT NULL,
  `tem_id` varchar(10) NOT NULL,
  `name` varchar(10) DEFAULT NULL,
  `address_sid` int(11) DEFAULT NULL,
  `category_tag` varchar(50) DEFAULT NULL,
  `hashtag` varchar(50) DEFAULT NULL,
  `step` varchar(255) DEFAULT NULL,
  `notice` varchar(255) DEFAULT NULL,
  `opening_hours` varchar(255) DEFAULT NULL,
  `address` varchar(255) DEFAULT NULL,
  `img` varchar(255) DEFAULT NULL,
  `recommend_id` varchar(255) DEFAULT NULL
) ENGINE=InnoDB DEFAULT CHARSET=utf8mb4;

--
-- 傾印資料表的資料 `temple`
--

INSERT INTO `temple` (`sid`, `tem_id`, `name`, `address_sid`, `category_tag`, `hashtag`, `step`, `notice`, `opening_hours`, `address`, `img`, `recommend_id`) VALUES
(1, 'C01', '霞海城隍廟', 5, '祈求姻緣', '快速有效率', '1.購入金紙、線香、供品\n2.點三支香，先於天公稟明姓名、年齡、地址並作三拜禮\n3.對正殿城隍爺、月老以及眾神稟明姓名、年齡、地址以及心目中理想對象的類型和條件\n4.參拜義勇公(祈求趕走小人、諸事平安順利) - 城隍夫人（保佑家庭幸福）- 菩薩（保佑開啟智慧、心境平和）\n5.吃喜餅、喜糖沾喜氣，喝平安茶保平安\n6.將鉛錢、紅線在香爐中過火，並放至皮包中妥善保存', '1.供品為第一次拜月老時才需要，之後參拜準備金紙及線香即可\n2.可幫家人代求，不可幫朋友代求\n3.鉛錢不可當場拆開\n4.供品可自行攜帶鮮花、水果或是甜品', '06:16 - 19:47', '台北市大同區迪化街一段61號', 'C01_1', 'T01,P04'),
(2, 'C02', '祀典武廟', 19, '斬爛桃花', '斬斷爛桃花', '1.天爐再拜殿三代廳→觀音廳文昌殿→六合堂→太歲殿→月老祠→馬\n史爺廳→春秋樓\n2.求姻緣:老前明生辰八字、姓、住址、心目中理想對象的類型以及\n條件，不須擲筊，可直接拿取姻緣線及姻緣粉，再到香爐上過火，把姻緣線及姻緣粉放入小紅包袋中隨身攜帶或於枕頭底下即可', '1.除了天公爐三枝香，其他各為一枝香，總共九枝 \n2.需購買兩份金紙 \n3.可填寫祈願卡吊在月老祠內的掛鉤上，祈求月老牽姻緣', '05:00 - 21:00', '台南市中西區永福路二段229號', 'C02_1', ''),
(3, 'C03', '樂成宮', 14, '祈求姻緣', '分手求復合', '1.天公爐-媽祖爐-聖父母殿-太歲殿-月老殿-華陀殿-玉皇殿-文昌帝君-財神殿\n2.參拜完後才可回到月老殿擲筊求姻緣，直到聖筊可到月老桌上拿取一條姻緣線，將姻緣線在香爐上過火，姻緣線可戴手腕(男左女右)，或是裝進紅包袋放到包包或枕頭底下', '1.金紙和供品需至少準備兩份，一樓主殿為一份金 \n紙、一包小餅乾、九枝香，月老殿為一份金紙、 \n兩包以上糖果(需為雙數) \n2.參拜完需至月老殿換糖果，將自己供品中的一包 \n糖果取出五顆糖，在老桌前有五盤糖果，一盤 \n更換一顆，五顆都需要自己吃完', '06:30 - 17:30', '台中市東區旱溪街48號', 'C03_1', ''),
(4, 'C04', '鹿港天后宮', 13, '祈求姻緣', '姻緣美滿', '1.經右廊上2樓-玉皇大帝-文昌帝君-回到1樓)太歲星君-天上聖母-虎爺\n2.向月老稟明生辰八字、姓名、住址、理想對象的類型及條件，擲得三次聖筊後，即可索取一條紅線，並在月老香爐上過火，再稟報一次身分資訊即可完成祈福儀式', '1.一共有5爐，每爐需三支香\n2.金紙與供品準備至少兩份\n3.經過月老時先行三拜禮，待全部參拜完後再回來向月老祈求良緣', '06:00 - 22:00', '彰化縣鹿港鎮中山路430號', 'C04_1', ''),
(5, 'C05', '祀典大天后宮', 19, '幸福美滿', '感情升溫', '1.天公一天上聖母水仙尊→三官大帝、聖父母一註生娘娘、水夫人一月老、\n福德正神四海龍王觀世音菩薩→三寶佛祖\n2.向月老詢問求:參拜時先說明想要詢問的問題以及來意，待15分鐘後詢問月老\n是否已查清楚所問之事，若出聖即可開始抽,大天后宮的是依照連續三次擲的變化來指示，依指示拿取鏡詩講廟方解鏡即可\n3.求姻緣:購買一份紙金世良緣許願套組(第一次購買就好)，填寫請月老幫忙牽\n線的新願疏文(購買金紙免費贈送)並將祈願疏文至於金紙上，向月老明姓名、\n性別、出生年月日及心目中對象的類型以及條件，擲出聖後即可將許願套組裡', '1.金紙與供品至少需準備兩份\n2.可向廟方購買祈願卡，填寫好可掛於月老殿的許願閣', '05:30 - 21:00', '台南市中西區永福路二段227巷18號', 'C05_1', ''),
(6, 'C06', '龍山寺', 5, '祈求姻緣', '招桃花', '1.前殿:釋迦牟尼佛、藥師佛與阿彌陀佛\n2.正殿:先向外拜天公，再向內拜觀世音菩薩、文殊菩薩、普賢菩薩\n3.後殿中央:天上聖母\n4.後殿右方:水仙尊王、城隍爺、龍爺、福德正神\n5.後殿左方:註生娘娘、池頭夫人、十二婆者\n6.後殿右側:文昌帝君、大魁星君、紫陽夫子、華陀仙師\n7.後殿左側:關聖帝君、三官大帝、地藏王菩薩、月老神君\n8.向月老稟明生辰八字、姓名、住址、理想對象類型及條件，擲三次聖筊後可索取一條紅線，並在月老香爐上過火。', '1. 需先向主神觀世音菩薩說明來意後，再依序參拜\n2. 紅線務必隨身攜帶，可放置皮包或綁至手腕，建議盡量本人求紅線', '07:00 - 21:30', '台北市萬華區廣州街211號', 'C06_1', ''),
(7, 'C07', '指南宮', 5, '斬桃花、小三', '斬爛桃花', '1.孚祐帝君大殿:呂洞賓\n2.凌霄寶殿:玉皇大帝、三清道祖、三官大帝\n3.大雄寶殿:釋迦牟尼佛、阿彌陀佛、藥師佛與觀音菩薩\n4.大成殿:孔子、孟子、曾子\n5.地藏王寶殿:地藏王菩薩', '1.建議供品為鮮花或當季水果任選五種\n2.祈求姻緣時，向呂洞賓仙祖稟明生辰八字、姓名、住址、理想對象類型以及條件，有對象姓名也可以一併稟明\n3.若戀情進展順利，要帶著供品到呂先祖前，稟明生辰八字、姓名、住址與感謝之意', '04:00-20:00', '台北市文山區萬壽路115號', 'C07_1', ''),
(8, 'C08', '龍鳳宮月下老人祠', 15, '祈求姻緣', '求快速脫單', '1.天公爐-月下老人祠\n2.擲出聖筊可索取紅線，將紅線放入紅包袋中在香爐上過火', '月下老人祠旁有祈福金卡，可以自行索取，依個人誠意投入香油錢，將願望或是心目中理想對象類型寫下掛至祠堂旁，將會受到月老加持', '06:00 – 21:00', '南投縣魚池鄉中山路291-26號', 'C08_1', ''),
(9, 'C09', '重慶寺', 19, '斬桃花、小三', '求復合', '1.月老\n2.早期須將頭髮纏至竹棒上，攪拌矸內醋水，再取神桌上的燈由塗抹在另一半額頭上，現簡化成藉由竹棒攪拌醋矸', '1.「順時鐘」3圈是期求百年好合，「逆時鐘」3圈則是祈求對方回心轉意﹑擊退情敵與小三', '05:00 – 21:00', '台南市中西區中正路5巷2號', 'C09_1', ''),
(10, 'C10', '威明堂', 6, '祈求姻緣', '守護同志的姻緣', '1.填寫兩份金紙，黃色為祖師金，白色者為兔兒神大爺金，寫下姓名、住址、農曆生日及寫下祈願\n2.擺放供品，可替祖師與大爺各準備一份供品。\n3.服務台自取四柱清香，分別對應祖師殿三爐以及大爺殿一爐。\n參拜順序：\n祖師殿\n（一）、禮敬三山九侯仙師、三清道祖、濟公禪師、三太子八臂多法天尊、龍王、齊天大聖。\n（二）、上一柱香至主爐\n（三）、禮敬土地公五方土地，上一柱香至土地公爐。\n（四）、禮敬虎爺，上一柱香至土地公爐。\n\n兔兒神大爺殿\n（一）、禮敬兔兒神胡天保大爺，可於此時將心願與大爺訴說。\n（二）、上一柱香至大爺', '1.請務必帶著虔誠的心意前來。\n2.如要帶供品，可帶自己喜歡吃的東西：糖果、茶酒、餅乾、水果等等；化妝品、保養品亦可。在敬拜過後可帶回去吃，帶來好運氣，保養品回去使用更可以招來好人緣。\n3.請使用全新之供品，禮敬神明。開封或者敬拜過其他神明的供品不可使用。\n4.敬拜時，稱呼「大爺」，請勿直呼兔兒神。\n5.敬拜順序由三山九侯祖師殿開始參拜，之後到兔兒神大爺殿。', '13:30 – 21:00', '新北市中和區景安路50號', 'C10_1', ''),
(11, 'C11', '大觀音亭', 19, '祈求姻緣', '說媒求姻緣', '拜大觀音亭的月老星君時，可同時向月老祈求姻緣紅線。誠心向月老報告完姓名、出生日期、現居地址和希望另一伴擁有的特質或條件後，即可擲筊（而且只要ㄧ個聖筊！），拿取神明桌上的姻緣紅包袋喔！大觀音亭的紅線短短的，取回後，放在口袋或錢包，讓它自然而然不見，就會去替你牽緣份過來啦～', '', '05:00 - 21:00', '台南市北區成功路86號', 'C11_1', ''),
(12, 'C12', '關帝廟', 20, '祈求姻緣', '桃花朵朵開', '1.添香油錢\n2.拿到姻緣疏文、月老香、糖果、兩條紅線，可在姻緣疏文上填寫姓名、地址、生日等資訊\n3.參拜完畢後，將姻緣香拿到月老面前告知理想對象的條件，把供品和疏文放在月老桌上，然後把紅線拿到正殿前的香爐，順時針繞三圈，等待10分鐘後將疏文及其中一條紅線拿到金爐焚化，另一條帶回家放在枕頭下。', '', '06:00-22:00', '高雄市苓雅區武廟路52號', 'C12_1', '');

-- --------------------------------------------------------

--
-- 資料表結構 `travel`
--

CREATE TABLE `travel` (
  `sid` int(11) NOT NULL,
  `id` varchar(100) NOT NULL,
  `travel_name` varchar(255) NOT NULL,
  `travelcard_img` varchar(255) DEFAULT NULL,
  `travel_img` varchar(255) DEFAULT NULL,
  `travel_area` varchar(100) DEFAULT NULL,
  `travel_kind` int(11) DEFAULT NULL,
  `travel_daytime` int(11) DEFAULT NULL,
  `travel_date` varchar(100) DEFAULT NULL,
  `travel_people` varchar(100) DEFAULT NULL,
  `travel_rest` int(11) DEFAULT NULL,
  `travel_price` int(11) DEFAULT NULL,
  `travel_choicetime` int(11) DEFAULT NULL,
  `travel_subheading` varchar(255) DEFAULT NULL,
  `travel_route` varchar(255) DEFAULT NULL,
  `travel_introduction` varchar(255) DEFAULT NULL,
  `travel_note` varchar(255) DEFAULT NULL,
  `travel_place` varchar(255) DEFAULT NULL,
  `travel_cancel` varchar(255) DEFAULT NULL,
  `travel_star` varchar(100) DEFAULT NULL,
  `travel_popular` varchar(100) DEFAULT NULL
) ENGINE=InnoDB DEFAULT CHARSET=utf8mb4;

-- --------------------------------------------------------

--
-- 資料表結構 `travel_daytime`
--

CREATE TABLE `travel_daytime` (
  `sid` int(11) NOT NULL,
  `travel_daytime` varchar(255) NOT NULL
) ENGINE=InnoDB DEFAULT CHARSET=utf8mb4;

--
-- 傾印資料表的資料 `travel_daytime`
--

INSERT INTO `travel_daytime` (`sid`, `travel_daytime`) VALUES
(1, '一日遊'),
(2, '兩天一夜');

-- --------------------------------------------------------

--
-- 資料表結構 `travel_kind`
--

CREATE TABLE `travel_kind` (
  `sid` int(11) NOT NULL,
  `travel_kind` varchar(100) NOT NULL
) ENGINE=InnoDB DEFAULT CHARSET=utf8mb4;

--
-- 傾印資料表的資料 `travel_kind`
--

INSERT INTO `travel_kind` (`sid`, `travel_kind`) VALUES
(1, '交友聯誼'),
(2, '文化之旅');

-- --------------------------------------------------------

--
-- 資料表結構 `travel_order`
--

CREATE TABLE `travel_order` (
  `sid` int(11) NOT NULL,
  `id` int(11) NOT NULL,
  `member_id` int(11) NOT NULL,
  `state` varchar(100) DEFAULT NULL,
  `price` varchar(100) DEFAULT NULL,
  `name` varchar(100) DEFAULT NULL,
  `phone` varchar(100) DEFAULT NULL,
  `address_city` varchar(100) DEFAULT NULL,
  `address_region` varchar(100) DEFAULT NULL,
  `address` varchar(255) DEFAULT NULL,
  `payment` varchar(100) DEFAULT NULL,
  `payment_state` varchar(100) DEFAULT NULL,
  `created_at` datetime NOT NULL
) ENGINE=InnoDB DEFAULT CHARSET=utf8mb4;

--
-- 已傾印資料表的索引
--

--
-- 資料表索引 `address`
--
ALTER TABLE `address`
  ADD PRIMARY KEY (`sid`);

--
-- 資料表索引 `draw`
--
ALTER TABLE `draw`
  ADD PRIMARY KEY (`sid`);

--
-- 資料表索引 `fortune`
--
ALTER TABLE `fortune`
  ADD PRIMARY KEY (`sid`);

--
-- 資料表索引 `love`
--
ALTER TABLE `love`
  ADD PRIMARY KEY (`sid`);

--
-- 資料表索引 `love_type`
--
ALTER TABLE `love_type`
  ADD PRIMARY KEY (`sid`);

--
-- 資料表索引 `member`
--
ALTER TABLE `member`
  ADD PRIMARY KEY (`id`);

--
-- 資料表索引 `product`
--
ALTER TABLE `product`
  ADD PRIMARY KEY (`sid`);

--
-- 資料表索引 `product_category`
--
ALTER TABLE `product_category`
  ADD PRIMARY KEY (`sid`);

--
-- 資料表索引 `product_list`
--
ALTER TABLE `product_list`
  ADD PRIMARY KEY (`sid`);

--
-- 資料表索引 `product_order`
--
ALTER TABLE `product_order`
  ADD PRIMARY KEY (`sid`);

--
-- 資料表索引 `review`
--
ALTER TABLE `review`
  ADD PRIMARY KEY (`sid`);

--
-- 資料表索引 `review_tags`
--
ALTER TABLE `review_tags`
  ADD PRIMARY KEY (`sid`);

--
-- 資料表索引 `temple`
--
ALTER TABLE `temple`
  ADD PRIMARY KEY (`sid`);

--
-- 資料表索引 `travel`
--
ALTER TABLE `travel`
  ADD PRIMARY KEY (`sid`);

--
-- 資料表索引 `travel_daytime`
--
ALTER TABLE `travel_daytime`
  ADD PRIMARY KEY (`sid`);

--
-- 資料表索引 `travel_kind`
--
ALTER TABLE `travel_kind`
  ADD PRIMARY KEY (`sid`);

--
-- 資料表索引 `travel_order`
--
ALTER TABLE `travel_order`
  ADD PRIMARY KEY (`sid`);

--
-- 在傾印的資料表使用自動遞增(AUTO_INCREMENT)
--

--
-- 使用資料表自動遞增(AUTO_INCREMENT) `address`
--
ALTER TABLE `address`
  MODIFY `sid` int(11) NOT NULL AUTO_INCREMENT, AUTO_INCREMENT=72;

--
-- 使用資料表自動遞增(AUTO_INCREMENT) `draw`
--
ALTER TABLE `draw`
  MODIFY `sid` int(11) NOT NULL AUTO_INCREMENT, AUTO_INCREMENT=11;

--
-- 使用資料表自動遞增(AUTO_INCREMENT) `fortune`
--
ALTER TABLE `fortune`
  MODIFY `sid` int(11) NOT NULL AUTO_INCREMENT, AUTO_INCREMENT=10;

--
-- 使用資料表自動遞增(AUTO_INCREMENT) `love`
--
ALTER TABLE `love`
  MODIFY `sid` int(11) NOT NULL AUTO_INCREMENT, AUTO_INCREMENT=21;

--
-- 使用資料表自動遞增(AUTO_INCREMENT) `love_type`
--
ALTER TABLE `love_type`
  MODIFY `sid` int(11) NOT NULL AUTO_INCREMENT, AUTO_INCREMENT=5;

--
-- 使用資料表自動遞增(AUTO_INCREMENT) `member`
--
ALTER TABLE `member`
  MODIFY `id` int(11) NOT NULL AUTO_INCREMENT, AUTO_INCREMENT=18;

--
-- 使用資料表自動遞增(AUTO_INCREMENT) `product`
--
ALTER TABLE `product`
  MODIFY `sid` int(11) NOT NULL AUTO_INCREMENT, AUTO_INCREMENT=84;

--
-- 使用資料表自動遞增(AUTO_INCREMENT) `product_category`
--
ALTER TABLE `product_category`
  MODIFY `sid` int(11) NOT NULL AUTO_INCREMENT, AUTO_INCREMENT=5;

--
-- 使用資料表自動遞增(AUTO_INCREMENT) `product_list`
--
ALTER TABLE `product_list`
  MODIFY `sid` int(11) NOT NULL AUTO_INCREMENT;

--
-- 使用資料表自動遞增(AUTO_INCREMENT) `product_order`
--
ALTER TABLE `product_order`
  MODIFY `sid` int(11) NOT NULL AUTO_INCREMENT;

--
-- 使用資料表自動遞增(AUTO_INCREMENT) `review`
--
ALTER TABLE `review`
  MODIFY `sid` int(11) NOT NULL AUTO_INCREMENT;

--
-- 使用資料表自動遞增(AUTO_INCREMENT) `review_tags`
--
ALTER TABLE `review_tags`
  MODIFY `sid` int(11) NOT NULL AUTO_INCREMENT, AUTO_INCREMENT=6;

--
-- 使用資料表自動遞增(AUTO_INCREMENT) `temple`
--
ALTER TABLE `temple`
  MODIFY `sid` int(11) NOT NULL AUTO_INCREMENT, AUTO_INCREMENT=13;

--
-- 使用資料表自動遞增(AUTO_INCREMENT) `travel`
--
ALTER TABLE `travel`
  MODIFY `sid` int(11) NOT NULL AUTO_INCREMENT;

--
-- 使用資料表自動遞增(AUTO_INCREMENT) `travel_daytime`
--
ALTER TABLE `travel_daytime`
  MODIFY `sid` int(11) NOT NULL AUTO_INCREMENT, AUTO_INCREMENT=3;

--
-- 使用資料表自動遞增(AUTO_INCREMENT) `travel_kind`
--
ALTER TABLE `travel_kind`
  MODIFY `sid` int(11) NOT NULL AUTO_INCREMENT, AUTO_INCREMENT=3;

--
-- 使用資料表自動遞增(AUTO_INCREMENT) `travel_order`
--
ALTER TABLE `travel_order`
  MODIFY `sid` int(11) NOT NULL AUTO_INCREMENT;
COMMIT;

/*!40101 SET CHARACTER_SET_CLIENT=@OLD_CHARACTER_SET_CLIENT */;
/*!40101 SET CHARACTER_SET_RESULTS=@OLD_CHARACTER_SET_RESULTS */;
/*!40101 SET COLLATION_CONNECTION=@OLD_COLLATION_CONNECTION */;
