-- phpMyAdmin SQL Dump
-- version 5.2.0
-- https://www.phpmyadmin.net/
--
-- 主機： 127.0.0.1
-- 產生時間： 2022-09-21 11:10:04
-- 伺服器版本： 10.4.24-MariaDB
-- PHP 版本： 8.0.19

SET SQL_MODE = "NO_AUTO_VALUE_ON_ZERO";
START TRANSACTION;
SET time_zone = "+00:00";


/*!40101 SET @OLD_CHARACTER_SET_CLIENT=@@CHARACTER_SET_CLIENT */;
/*!40101 SET @OLD_CHARACTER_SET_RESULTS=@@CHARACTER_SET_RESULTS */;
/*!40101 SET @OLD_COLLATION_CONNECTION=@@COLLATION_CONNECTION */;
/*!40101 SET NAMES utf8mb4 */;

--
-- 資料庫： `meow`
--

-- --------------------------------------------------------

--
-- 資料表結構 `address`
--

CREATE TABLE `address` (
  `sid` int(11) NOT NULL,
  `city` varchar(10) CHARACTER SET utf8 NOT NULL,
  `parent` varchar(10) CHARACTER SET utf8 NOT NULL
) ENGINE=InnoDB DEFAULT CHARSET=utf8mb4;

--
-- 傾印資料表的資料 `address`
--

INSERT INTO `address` (`sid`, `city`, `parent`) VALUES
(1, '北部', '0'),
(2, '中部', '0'),
(3, '南部', '0'),
(4, '東部', '0'),
(5, '臺北市', '1'),
(6, '新北市', '1'),
(7, '基隆市', '1'),
(8, '宜蘭縣', '1'),
(9, '桃園市', '1'),
(10, '新竹市', '1'),
(11, '新竹縣', '1'),
(12, '苗栗縣', '2'),
(13, '彰化縣', '2'),
(14, '臺中市', '2'),
(15, '南投縣', '2'),
(16, '雲林縣', '2'),
(17, '嘉義市', '3'),
(18, '嘉義縣', '3'),
(19, '臺南市', '3'),
(20, '高雄市', '3'),
(21, '屏東縣', '3'),
(22, '花蓮縣', '4'),
(23, '臺東縣', '4'),
(24, '中正區', '1'),
(25, '大同區', '1'),
(26, '中山區', '1'),
(27, '萬華區', '1'),
(28, '信義區', '1'),
(29, '松山區', '1'),
(30, '大安區', '1'),
(31, '南港區', '1'),
(32, '北投區', '1'),
(33, '內湖區', '1'),
(34, '士林區', '1'),
(35, '文山區', '1'),
(36, '板橋區', '1'),
(37, '新莊區', '1'),
(38, '泰山區', '1'),
(39, '林口區', '1'),
(40, '淡水區', '1'),
(41, '金山區', '1'),
(42, '八里區', '1'),
(43, '萬里區', '1'),
(44, '石門區', '1'),
(45, '三芝區', '1'),
(46, '瑞芳區', '1'),
(47, '汐止區', '1'),
(48, '平溪區', '1'),
(49, '貢寮區', '1'),
(50, '雙溪區', '1'),
(51, '深坑區', '1'),
(52, '石碇區', '1'),
(53, '新店區', '1'),
(54, '坪林區', '1'),
(55, '烏來區', '1'),
(56, '中和區', '1'),
(57, '永和區', '1'),
(58, '土城區', '1'),
(59, '三峽區', '1'),
(60, '樹林區', '1'),
(61, '鶯歌區', '1'),
(62, '三重區', '1'),
(63, '蘆洲區', '1'),
(64, '五股區', '1'),
(65, '仁愛區', '1'),
(66, '中正區', '1'),
(67, '信義區', '1'),
(68, '中山區', '1'),
(69, '安樂區', '1'),
(70, '暖暖區', '1'),
(71, '七堵區', '1');

-- --------------------------------------------------------

--
-- 資料表結構 `draw`
--

CREATE TABLE `draw` (
  `sid` int(11) NOT NULL,
  `img` varchar(255) NOT NULL
) ENGINE=InnoDB DEFAULT CHARSET=utf8mb4;

--
-- 傾印資料表的資料 `draw`
--

INSERT INTO `draw` (`sid`, `img`) VALUES
(1, 'draw64.png'),
(2, 'draw74.png'),
(3, 'draw75.png'),
(4, 'draw81.png'),
(5, 'draw92.png');

-- --------------------------------------------------------

--
-- 資料表結構 `fortune`
--

CREATE TABLE `fortune` (
  `sid` int(11) NOT NULL,
  `img` varchar(255) NOT NULL
) ENGINE=InnoDB DEFAULT CHARSET=utf8mb4;

--
-- 傾印資料表的資料 `fortune`
--

INSERT INTO `fortune` (`sid`, `img`) VALUES
(1, 'fortune01.jpg'),
(2, 'fortune02.jpg'),
(3, 'fortune03.jpg'),
(4, 'fortune04.jpg'),
(5, 'fortune05.jpg'),
(6, 'fortune06.jpg'),
(7, 'fortune07.jpg'),
(8, 'fortune08.jpg'),
(9, 'fortune09.jpg');

-- --------------------------------------------------------

--
-- 資料表結構 `love`
--

CREATE TABLE `love` (
  `sid` int(11) NOT NULL,
  `member_id` int(11) NOT NULL,
  `target_type` varchar(50) CHARACTER SET utf8 NOT NULL,
  `collect_id` varchar(50) CHARACTER SET utf8 NOT NULL,
  `created_at` datetime NOT NULL
) ENGINE=InnoDB DEFAULT CHARSET=utf8mb4;

-- --------------------------------------------------------

--
-- 資料表結構 `member`
--

CREATE TABLE `member` (
  `id` int(11) NOT NULL,
  `email` varchar(255) CHARACTER SET utf8 NOT NULL,
  `password` varchar(255) CHARACTER SET utf8 NOT NULL,
  `picture` mediumtext CHARACTER SET utf8 DEFAULT current_timestamp(),
  `name` varchar(50) CHARACTER SET utf8 DEFAULT NULL,
  `mobile` varchar(50) CHARACTER SET utf8 DEFAULT NULL,
  `birthday` date DEFAULT NULL,
  `address_city` varchar(50) CHARACTER SET utf8 DEFAULT NULL,
  `address_region` varchar(50) CHARACTER SET utf8 DEFAULT NULL,
  `address` varchar(50) CHARACTER SET utf8 DEFAULT NULL,
  `created_at` datetime NOT NULL
) ENGINE=InnoDB DEFAULT CHARSET=utf8mb4;

--
-- 傾印資料表的資料 `member`
--

INSERT INTO `member` (`id`, `email`, `password`, `picture`, `name`, `mobile`, `birthday`, `address_city`, `address_region`, `address`, `created_at`) VALUES
(2, 'orange@g', '123', '', '', '', '0000-00-00', '', '', '', '0000-00-00 00:00:00'),
(3, 'ming@gg.com', '$2y$10$COryLHYHg6ZcPWiYx4rsqeJRcQBM29dkKuAL2wCI.9d5lGngjXsJK', NULL, NULL, NULL, NULL, NULL, NULL, NULL, '2022-09-16 12:50:29'),
(4, 'aaa@g.com', '123', NULL, NULL, NULL, NULL, NULL, NULL, NULL, '2022-09-16 12:56:35'),
(5, 'ming123@gg.com', '$2y$10$Tn0T6VqOvnzahuELfe3tz.6FgeTNoNm0ahALNTDk1koR6Ryvqu.A.', NULL, NULL, NULL, NULL, NULL, NULL, NULL, '2022-09-16 15:44:15'),
(6, 'aaa@com', '$2y$10$w3dYycDeHqNUQmuK9bNqFOd3OllYff49iXxKaY73z94OtjI44QP3K', NULL, NULL, NULL, NULL, NULL, NULL, NULL, '2022-09-16 15:50:11'),
(7, 'aaa@com', '$2y$10$tlhvnUjzgTWea2zu7mKS3e1dGBSgloIume.DoAuGRA9/LXq4CQyxG', NULL, NULL, NULL, NULL, NULL, NULL, NULL, '2022-09-16 15:50:13'),
(8, 'aaa@com', '$2y$10$Q7J42lvTIzQ1KSHUBWhALuayxRnOB/1R1lIH8FNbjIMZUuLTXoU0C', NULL, NULL, NULL, NULL, NULL, NULL, NULL, '2022-09-16 15:51:26'),
(10, 'aaa@com', '$2y$10$.17poYf4rqgIHPW4afMpleCcxg3BPwyr9jrsqp5qJVnj6kyfqvWca', NULL, NULL, NULL, NULL, NULL, NULL, NULL, '2022-09-16 16:13:34'),
(12, '456@com', '$2y$10$7PMkOsDto.xYZ7UAmxVJ/eOraDkqSJ/IxjiWfDYfiNluOq3Xv99Ki', NULL, NULL, NULL, NULL, NULL, NULL, NULL, '2022-09-19 09:49:59'),
(13, '789@com', '$2y$10$ZO2KppEJ8dE7qqDFjnXOqOfexvuBzAZb4en8zQGPt0ciHMhUzKvSW', NULL, 'aaa', '123', '2022-09-09', '5', '24', '33', '2022-09-19 13:35:24'),
(15, '123@com', '$2y$10$Ud2JlAOu5bPtzmwYUwon1e16JELyER8OSsNyJkEGfC9Fbi/9hqEzm', 'http://localhost/MEOW/imgs/member/picture02.png', NULL, NULL, NULL, NULL, NULL, NULL, '2022-09-20 16:34:23'),
(16, '999@com', '$2y$10$hJac1zSHn48byz.MB5xbY.qaH5RDlEjVUIaS/NZVngMGxJg0n.Ul.', './imgs/member/picture01.png', NULL, NULL, NULL, NULL, NULL, NULL, '2022-09-20 17:18:37'),
(17, '888@com', '$2y$10$Nok3KvXxDo228eP1DFgJHeKGjP49Y7ICHQCNQ3qfdBY.cxtUxe/fW', 'http://localhost/MEOW/imgs/member/picture02.png', NULL, NULL, NULL, NULL, NULL, NULL, '2022-09-20 17:22:36');

-- --------------------------------------------------------

--
-- 資料表結構 `product`
--

CREATE TABLE `product` (
  `sid` int(11) NOT NULL,
  `id` varchar(100) DEFAULT NULL,
  `product_category` varchar(255) DEFAULT NULL,
  `product_name` varchar(255) DEFAULT NULL,
  `product_card_img` varchar(255) DEFAULT NULL,
  `product_size` varchar(255) DEFAULT NULL,
  `product_price` varchar(255) DEFAULT NULL,
  `product_subtitle` varchar(255) DEFAULT NULL,
  `product_intro` varchar(255) DEFAULT NULL,
  `product_popular` varchar(255) DEFAULT NULL,
  `product_comment` varchar(255) DEFAULT NULL
) ENGINE=InnoDB DEFAULT CHARSET=utf8mb4;

--
-- 傾印資料表的資料 `product`
--

INSERT INTO `product` (`sid`, `id`, `product_category`, `product_name`, `product_card_img`, `product_size`, `product_price`, `product_subtitle`, `product_intro`, `product_popular`, `product_comment`) VALUES
(1, 'P01', '2', '月老系祈福戀人手繩', 'P01_1', '胭脂,喜糖,姻緣樹', '485', '月老系｜ 胭脂 喜糖 姻緣樹\n「 戀人的 守護幸福祈願力量♡ 」', '<div class=\"intro_img\">\n<img class=\"w-100\" src=\"./imgs/product/P01_4.jpg\" alt=\"\">\n</div>\n<div class=\"intro_img\">\n<img class=\"w-100\" src=\"./imgs/product/P01_5.jpg\" alt=\"\">\n</div>\n<p>古文「系」字通「繫」。 <br>\n<br>\n『赤繩子耳，以系夫婦之足，及其坐則潛用相繫。\n雖讐敵之家，貴賤懸隔，天涯從宦，吳楚異鄉，\n此繩一繫，終不', '4', '4'),
(2, 'P02', '2', '月老牽引水晶手鏈：真姻緣／愛情運／月亮石／天然石', 'P02_1', '', '1880', '', '坦桑石 海藍寶 水晶手鏈 天然石 生日禮物 愛情運 金線\n\n紅紋石 9 mm\n紅紋石有助舒緩激動的情緒及過濾負能量。 紅紋石可治療因失戀帶來的痛苦、失落、憂鬱，讓情緒穩定緩和。 紅紋石可助消解憂鬱，有助蜜運、亦可加強個人衝勁及行動力。\n\n月亮石7mm\n由於月亮石是愛情之石，所以月亮石的功效有助提升女性魅力，幫助吸引異性，以及增進男女朋友情侶之間了解對方，改善情緒上的偏執，所以很多人會認為月光石有助分手的情侶復合。 而對於個人有肋入眠、可調節飲食習慣，長期佩戴月光石可由改善氣質，更會護膚、明眸、護髮。\n\n關', '', '4'),
(3, 'P03', '2', '一顆不變的心手鍊：草莓晶、幫助愛情、提升正緣戀情', 'P03_1', '14CM-15CM,15CM-16CM,16CM-17CM', '888', '▸桃花運☆增加異性緣、斬爛桃花，婚姻感情升溫。 \n▸貴人運☆提升人際關係、魅力，才能事半功倍。 \n\n', '一顆不變的心手鍊，花若盛開、蝴蝶自來， #提升戀愛運，草莓晶可幫助人緣、人際關係，增強正緣桃花運，同時可使思考更加清晰。給自己一條水晶手鍊，運用水晶能量，提升氣場。咕咕好運，陪您一起變好的朋友。\n草莓晶的能量及磁場偏強，有助於提升愛情運勢、吸引美好姻緣，及增進人際關係。', '', '4'),
(4, 'P04', '1', '霞海城隍廟聯名 X 甜作之盒月老供品組', 'P04_1.webp', '甜作之盒單入組,甜作之盒&棉布御守單入組,甜作之盒&棉布御守&紙膠帶單入組', '707', '台北霞海城隍廟加持認證，最甜最完整的月老供品組合，一盒在手，求愛無阻！', '<div class=\"intro_img\">\n<img class=\"w-100\" src=\"./imgs/product/P04_6.jpg\" alt=\"\">\n</div>\n<p>【最甜最完整的參拜體驗！】 <br>\n幫你把月老參拜體驗濃縮在這一盒中！ <br>\n真命甜子小抄讓你 #釐清想要的愛情 <br>\n內附最甜供品，不用再煩惱要帶什麼供品參拜月老 <br>\n拜完還有時光棉布愛情御守與和紙膠帶，持續保佑你的愛情！ <br>\n希望在這個愛情的時節裡，每個人都能獲得月老的庇佑，擁抱滿滿的幸福 <br>', '99', '5'),
(5, 'P05', '1', '霞海城隍廟聯名 X 月老零錢包', 'P05_1', '薑黃色,黑色', '380', '以月老作為發想主軸設計織標 \nthe old man under the moon', '\n滿月的月光照映在月老廟\n月老坐在的辦公室裡看著姻緣簿煩惱著如何幫前來求好緣的善男信女們牽上紅線\n日曆上是農曆八月十五 月老的生日\n偷偷告訴大家 民間也相傳七夕（農曆七月七日）與月老生日(農曆八月十五）求姻緣特別靈驗\n材質上選用可愛的羊羔毛布料\n薑黃色與黑色搭配紅藍繩製作圓形零錢包\n再縫上月老織標\n象徵圓滿的姻緣\n希望收到的人可以感受到心意飽滿的祝福\n\n再偷偷告訴大家\n跟月老求的紅線最適合放在錢包裡\n我們內層有特別設計小隔層讓大家放紅線', '', '4'),
(6, 'P06', '2', '月老牽紅線香水禮盒贈姻緣袋', 'P06_1', '月老姻緣袋（黑色）,月老姻緣袋（紅色）', '825', '期間限定情人節禮盒包裝，限量月老紅線姻緣袋，情人節脫單首選，五款品牌經典香氣一次擁有', '經典香水禮盒五款香氣介紹\n美神：牡丹、玫瑰、紅蘋果/花香調\n海洋女神：小黃瓜、香草、麝香/清新調\n青春女神：葡萄柚、佛手柑、琥珀、廣藿香/柑橘調\n甜蜜女神：西洋梨、甜瓜、小蒼蘭、琥珀/果香調 \n希望女神：萊姆、杜松、薑、木頭、薰衣草/木質調\n\n用途：隨身香水，增添迷人香氣，可放置於小包方便攜帶，可噴於空間或織品衣物，香味持久，還可噴於乾燥花圈吊飾當擴香底座，掛於室內空間或車子散發香氣。 \n\n容量：25ml (5ml x 5) \n香氣可維持約6-8小時', '', '5'),
(7, 'P07', '2', '月老限定款——七脈輪複方精油滾珠', 'P07_1', '紅線款,桃花款', '480', '情人的愛，都可以轉化到不同的個體，成為不可取代的陪伴', '我們邀請粹淬的好友，好好愛那些平時在身邊陪伴您的人，將這份愛傳遞出去！ \n月老牽線限量款設計芳香精油#隨身好人緣 \n悅月老桃花款-以桃花盛開實景 象徵緣份將至 檔也檔不住的桃花運 \n愛月老牽紅線款-以牽紅線概念 正面結合愛心 背面則有雙圓雙戒的小巧思\n', '', '4'),
(8, 'P08', '2', '粉晶擴香禮盒', 'P08_1', '黑茶,雪松,赤腳草原,京都柚子,清晨針林,午後冰茶,無花果', '1810', '好人緣粉水晶 × 7款香氣，打造專屬的香氣禮盒（含品牌緞帶包裝＋提袋）', '水晶礦石可放置空間增加生活品味，也能滴上香氛精油作為擴香石使用，豐富你對香氛的想像。\n為自己挑選一款礦石 x 香氛的生活質感單品吧！\n禮盒內容\n粉水晶一袋＋20ml香氛精油一瓶＋180ml茶色玻璃杯一個（含蓋子），共三件入。\n\nEYECANDLE 訂製禮盒選用日本白牛皮紙質搭配溫和色調，文字燙黑效果搭配炭黑色襯紙，給予平和低調的份圍，贈禮簡單大方又體面。\n\n◆ 水晶原礦（粉晶）\n來挑選適合的水晶原礦吧！除了外觀與色澤外，也可以參考它們帶來的能量喔。\n\n◇ 粉水晶\n平衡情緒，提升人緣。\n\n＊每包水晶原礦都能', '', '5'),
(9, 'P09', '2', '月老啵比脫單大禮包', 'P09_1', '', '690', '', '內容物有： \n擲筊筷架一對，月老圖像台式啤酒杯一只。 \n外包裝有： \n竹籃，內襯台灣客家大紅花布 \n\n【擲筊筷架商品規格】：一對 直徑 5 公分，寬 5 公分，高 2 公分 \n材質： 陶瓷 \n紙盒尺寸：長 6 公分，寬 6 公分，高 3 公分 \n重量：一對 30 公克 \n竹籃尺寸： \n方：長 10 公分 寬 10 公分 深 6 公分 \n長：長 19 公分 寬 10 公分 深 6 公分 \n*竹籃不挑色，不便之處敬請見諒！ \n(但您放心每種包起來都超美的) \n\n注意事項： \n手工製作，有手工痕跡為正常現象。 ', '', '3'),
(10, 'P10', '1', '霞海城隍廟聯名 X 原色木紋夜燈拾光機', 'P10_1', '', '2592', '設計師獨家研發設計【專屬客製化｜夜燈拾光機 】經典款熱賣破千件 \n霞海城隍廟聯名款 x 客製化圖像 x 夜燈擺飾 x 結合生活化數位時鐘', '✨💑情人送禮聯名款「就想和你在一起」重磅推出⛩✨\n今年與⛩台北霞海城隍廟月下老人👵🏻聯名推出愛意滿滿的禮物啦💞\n以「就想和你在一起」為設計主軸傳遞彼此之間毫不保留的愛與緣分\n無論是情人驚喜、閨蜜贈禮、家人紀念、朋友祝福、新婚祝賀、老夫老妻耍甜蜜都適用\n期待在送禮時能讓彼此都感受到暖暖的心意及感動唷💙✨\n🔜另外還有月老加碼贈禮唷👵🏻(往下滑)\n\n我們的理念是「Catch every good moment in your life. 」\n同時我們販售的也是一種感動，融感性與理性為一體，將每座夜燈都注入屬於自', '', '4'),
(11, 'P11', '2', '月老啵比手工中藥草線香', 'P11_1', '', '699', '澳洲檀香&佩蘭&肉桂&香附, 讓月老領您一路前行，希望能帶給您好運氣與勇氣！', '帶著甜甜的的藥草香味；以古老的中草藥知識為基礎，我們的草藥線香精心的保持著植物本來的特色香味以及其天然的治癒力。 \n\nElder of the moon非常適用於以下場景： \n－為精彩的新一天作做準備🚿 \n－不確定是否應該在短信中加上心形（加嘛，加一下又不會怎麼樣，看我加了多少個 ，❤️❤️❤️❤️❤️❤️❤️❤️❤️❤️❤️❤️❤️❤️❤️❤️❤️Love you bae xxx） \n－祈求好桃花的時候（提醒一下桃花代表人際關係🤝，不只有戀愛） \n\n使用方法：將線香放在香座上，點燃線香的一端，輕輕吹滅火', '', '3'),
(12, 'P12', '2', '乾燥花禮：在一起月老參拜組合', 'P12_1', '', '1200', '只要有你在，每年每天都是情人節。\n就想和你在一起甜甜月老組合，讓你七夕沒伴變有伴；有伴不怕會走散。', '//主商品//\n( 1 )乾燥花束 / 17cm(H)X12cm(D)X15cm(W)：\n開花結果，邀請月老當媒人，送給你的她讓她熱淚盈眶Say Yes!\n( 2 )馬林糖或森永牛奶糖 / 12cm(H)X9cm(W)*2包：\n甜甜月老的嘴，也將你們甜蜜相連；記得一人一包感情不會散~\n//文宣品//\n( 1 )月老參拜指南 / 17cm(H)X9cm(W) / 攤開尺寸：\n依照參拜流程進行祭拜程序，讓你第一次就上手。\n( 2 )品牌卡、名片：隨貨附贈\n( 3 )月老貼紙：可愛的主視覺，捧花月老幫你開花結果', '', '4'),
(13, 'P13', '1', '鹿港天后宮聯名 X 祈願™月老姻緣香・養護組', 'P13_1', '', '1180', '', '商品材質:\n《 祈願 • 月老姻緣香 • 純銀手鍊 》:蠟繩/低敏925純銀製品/淡水珍珠\n《祈願．月老姻緣香．手鍊養護袋》:外袋绒面超纖/内卡羊皮绒\n《 祈願 • 愛情丹 • 月老姻緣香 》:玻璃瓶\n商品規格:三件販售\n商品尺寸:\n禮盒:28x14.1x5.1cm\n《 祈願 • 月老姻緣香 • 純銀手鍊 》:淡水珍珠，形狀大小皆不同(±1.5mm)，細微坑洞及凹痕為天然形成非屬瑕疵\n《 祈願 • 月老姻緣香 》手鍊護養袋:7.3x7.3cm(內附項鍊卡)\n《 祈願 • 愛情丹 • 月老姻緣香 》:10m', '', '5'),
(14, 'P14', '1', '鹿港天后宮聯名 X 祈願™月老・純銀手鍊', 'P14_1', '', '850', '', '商品材質:蠟繩/低敏925純銀製品/淡水珍珠(商品採用淡水珍珠，形狀大小皆不同，細微坑洞及凹痕為天然形成非屬瑕疵)\n商品規格:一件販售\n商品尺寸:0.6x0.5cm\n鍊長:15.5cm(含扣頭)\n延長鍊:2.5cm(不含尾片)', '', '5'),
(15, 'P15', '1', '胭緣聚月： 七夕限定月老彩妝禮盒（口紅＋粉餅）', 'P15_1', '', '2500', '工欲善其事，必先利其器，想要脫單就要脫單美妝「神器｣！', '每個人想必都有在感情路上跌跤的經驗吧？我喜歡的人不喜歡我、我以為他很好，但他卻背叛了我，或遇人不淑，或真愛難覓，愛情始終是一道難解的謎題。這時候就許多人就會開始藉由宗教的力量尋求心靈的慰藉，也因此臺灣一直以來都有拜月老的習俗。近幾年也越來越多廟宇趕上這一波潮流，推出月老彩妝，希望民眾擦上月老口紅就能獲得月老的保佑，覓得良緣，蒐集這四款還可獲贈有喜餅之意的月老粉餅，即獲得月老祝福愛情圓滿。若是男生用不到口紅，也可以帶在身上，當作祈福喔！\n禮盒商品含：\n祀典武廟—豆沙色口紅,大天后宮—橘紅色口紅,大觀音亭—莓', '', '5'),
(16, 'P16', '1', '胭緣聚月： 七夕限定月老彩妝禮盒（眉筆＋化妝包）', 'P16_1', '', '2000', '工欲善其事，必先利其器，想要脫單就要脫單美妝「神器｣！', '人們總說愛情是建立在「信任」之上，但其實愛情更是建立在「希望」之上，日子一天一天過，再不平凡的浪漫邂逅終有一天會成為平凡的家常便飯。當激情褪去，在姻緣線的兩端搭起橋樑的就是「希望」，兩個人你看著我，我看著你，眼中有了希望才有未來，也才能擁抱幸福的後話。男人女人，你我都應該追尋希望，一起繼續看下去，為你的幸福姻緣牽起希望線！\n禮盒包含：\n鹿耳門聖母廟—月老眼線液,鹿耳門天后宮—月老眉筆,南鯤鯓代天府—月老腮紅,彩妝品禮盒（贈月老化妝包）\n鹿耳門聖母廟—月老眼線液\n鹿耳門聖母廟的月老又被稱為「葫蘆月老」，號稱', '', '5'),
(17, 'P17', '1', '霞海城隍廟聯名 X 脫單禮盒', 'P17_1', '', '700', '女生的事，就是我們的事～\n月事交給愛康，愛情交給月老～', '「脫單禮盒」正！式！開！賣！\n\n單身的朋友歡迎把握機會。\n\n御守 + 籤詩+ 筊杯 = 愛情降臨。\n\n御守｜攜帶在身，真愛現身\n籤詩｜不知去處，找到明路\n筊杯｜左右逢源，求得正緣\n\nPS許多女性朋友來問說”月事”來的時候可以來參拜嗎？\n當然是可以的，不要拜天公就好囉！現場提供紅棗、枸杞燉煮的平安茶與大家結緣，補血養身、同時友善生理期的女孩子，讓人感到非常溫暖及貼心！', '', '4'),
(18, 'P18', '1', '台南祀典大天后宮 X 月老品茶禮盒', 'P18_1', '', '399', '想脫單的動作快，《萬波島嶼紅茶》特別找上台南祀典大天后宮推出限量「七夕月老禮盒」，有了月老的加持，肯定桃花朵朵開！\n', '台南祀典大天后宮後殿供奉的月老公公，有「緣粉月老」之稱，同時並列「府城四大月老」，已撮合無數佳偶，靈驗程度受到許多單身男女爭相前往，現在《萬波》幫各位向月老求緣，「月老緣粉」的使用小秘訣，即是可以抹一些在耳後，或是放進香囊當中帶在身上。\n此外，禮盒內還有品牌嚴選的台灣金萱紅茶「萬波島嶼紅茶包」以及讓月老公公呷甜甜的「島嶼檸檬茶王風味軟糖」，有了百年大天后宮加持，想必人緣也會跟著水漲船高。\n\n', '', '5'),
(19, 'P19', '1', '霞海城隍聯名 X 姻緣簿茶蜜組', 'P19_1', '', '650', '取材自月老姻緣簿的概念，禮盒即為一本姻緣簿！', '<div class=\"intro_img\">\n<img class=\"w-100\" src=\"./imgs/product/P19_3.jpg\" alt=\"\">\n</div>\n<div class=\"intro_img\">\n<img class=\"w-100\" src=\"./imgs/product/P19_4.jpg\" alt=\"\">\n</div>\n<p>取材自月老姻緣簿的概念，禮盒即為一本姻緣簿，內有台灣自產純荔枝蜂蜜及宮廟御守造型茶包。 <br>\n宮廟御守造型茶包共有六款，每個話語均不同，立馬脫單', '99', '5'),
(20, 'P20', '1', '霞海城隍廟聯名 X 結緣護手霜禮盒', 'P20_1', '', '850', '♥七夕情人節結緣 - 就想和你在一起 ♥\n霞海城隍廟與檜山坊限量聯名禮盒\n香氛 滋潤 制菌 戀愛 四效合一', '專屬情人節清新的木質調\n凡購買即贈送月老聯名貼紙一張！\n\n#魯蛇秒脫單\n#成雙成對\n#馬上對愛入座\n\n【品名】檜木制菌滋潤護手霜禮盒｜霞海城隍廟與檜山坊限量聯名禮盒\n\n【內容】〔清爽保濕版 〕2 +〔雙倍滋潤版 〕1＋〔月老聯名貼紙〕*1\n\n添加純天然檜木精油，濃郁檜木香氣，輕鬆享受大自然芬多精! 高純度乳油木果油添加，潤澤手部肌膚，結合蘆薈萃取液、維他命B5等保濕因子，給您雙手絕佳呵護。\n\n◎香氛 滋潤 制菌 戀愛 四效合一\n\n👍 天然香氛：添加純天然檜木精油，濃郁檜木香氣，輕鬆享受大自然芬多精。\n👍 ', '', '4'),
(21, 'P21', '1', '鎮瀾宮大甲媽姻緣線御守禮盒', 'P21_1', '', '520', '', '【大甲媽姻緣線御守禮盒】\n\n全內容物皆經過過爐加持！\n\n禮盒內容物：\n1. 精美外盒\n2. 皮製愛情御守 \n3. 良緣姻緣線\n4. 報馬仔紅線\n\n【千里姻緣一線牽】\n\n紅繩子，用來系在夫婦的腳上，這樣一來，哪怕對方是仇敵，貧賤懸殊，遠在天涯海角，也最終會走到一起。 這即是「千里姻緣一線牽」的傳說。\n\n\n【紅線也可以保平安】\n\n自古以來，配戴紅繩手鍊就具有各式各樣的開運功效，紅線本來的用意是吉祥祝福祈願用。紅色代表火，有去煞的功用，拿紅色線跟神明祈求過後過香爐，除了可以保平安，對氣運、身體、事業、感情都有幫', '', '5'),
(22, 'P22', '1', '限定月老香水', 'P22_1', '', '95', '隆重介紹重量級元老——掌管姻緣的月老與七娘媽登場囉！', '兩位神祇象徵天賜良緣、守護愛情，讓無論單身、單戀、伴侶或夫妻，都能有情人終成眷屬、幸福美滿。\n這就是一推出就要手刀必入的秒殺缺貨商品–「臺南限定月老香水」，這款與臺灣品牌「明星花露水」共同發行、熟悉又經典的味道，一點都不輸法國” 扣扣．香*ㄦ”， 讓您魅力散發無法擋唷！\n創始於清光緒33年，具有百年歷史的品牌香水「明星花露水」首次與政府機關合作，推出臺南七夕特製版\n\n臺南限定月老香水\n結合「七夕情人節」及「拜月老、七娘媽，以求姻緣」之傳說典故，\n邀請臺灣經典品牌「明星花露水」，.\n開發出深具紀念價值的文創', '', '4'),
(23, 'P23', '1', '霞海城隍廟聯名 X 好運緣結木製拼圖', 'P23_1', '', '599', '亞里士多德說：「愛就是一個靈魂住在兩個身體。」\n紛紛擾擾的世界，每個人都在尋找專屬自己的那七十億分之一\n但就像打散的拼圖一樣，誰在誰身邊？誰又是誰最適合的形狀呢？', '台北霞海城隍廟是網友公認台灣最靈驗月老廟\n更被日韓旅遊書推薦為亞洲最強結緣神\n與亞洲最強月老聯名，網羅所有結緣必備元素\n\n不管你是和心愛的人共同完成或是結緣脫單\n這次！一起為愛而拚！一起找到生命中缺少的欠片！\n桃花、紅線、鉛錢....一應具全，找個招桃花的角落就是家中最美的裝飾\n附有組合腳架，可以任意陳列在任一個角落\n當然也可以隨時取下拼圖把玩擲筊\n拼圖均附有紙盒包裝與完成提示，不論是要送給心愛的另一半一起結緣\n或是給單身的朋友或自己一次為愛而拚的鼓勵都很棒喔！\n產品尺寸：105 x 105 x 10mm', '', '4'),
(24, 'P24', '1', '霞海城隍廟聯名 X 扣式真皮中夾禮盒', 'P24_1', '好運紅,百搭咖,森林綠', '2280', '【一份心意，只獻給你】', 'P24_2.jpg\n▍貼心附上結好緣明信片，求得好姻緣\n\n因為珍惜與你的相遇，\n在這動盪的日子裡，\n準備一份「祈福真皮件」，代表我最真摯的祝福。\n\n「只」送給心愛的你\n▪只選用100%頭層牛皮\n▪只挑台灣自創品牌\n▪只選獨一無二的天然紋路\nP24_5.jpg\n#caltan #凱爾登皮件 #真皮夾\n#好運 #結緣 #送禮 #月老 #紅線 #就想和你在一起\n\n▍CALTAN x 城隍廟好運皮夾 - 送你最真摯的禮物\nP24_3.jpg\nP24_4.jpg\n▍情人節送禮首選，讓月老牽起咱倆的小紅線\n▍中夾造型', '99', '5'),
(25, 'P25', '1', '霞海城隍廟聯名 X 溫感足浴禮盒', 'P25_1', '經典小黑足浴禮盒,裸粉玫瑰足浴禮盒,檸檬小黃足浴禮盒', '1890', '每個女生都要有的SPA級——溫感足浴袋', '\n漢方美容足浴SPA禮盒組｜內容物：\n● SPA級-溫感足浴袋（經典小黑、檸檬黃袋、裸粉玫瑰）\n● 漢方湯浴包『天天舒壓x4入、月月溫順x4入、日日輕盈x4入』三大包共12入，三種款式。\n● 泡腳指南穴道說明圖\n\n▎ 樂木集のSPA級-溫感足浴袋\n\n● 全台唯一新型專利獨家SPA級溫感足浴袋品牌！\n● 四層加厚！上下層500D夾網PVC＋內層鋁箔層＋保溫棉，持久保溫！保暖升級！\n● 加高桶深，可泡到小腿的足三里穴位。\n● 舒適提手，輕鬆裝水倒水。\n● 材質厚實防傾倒，挺立不漏水！\n● 摺疊收納，攜帶方便，', '', '5'),
(26, 'P26', '1', '霞海城隍廟聯名 X 粉晶滾輪刮痧組', 'P26_1', '', '1314', '嚴選天然豐潤的粉晶，是著名的桃花寶石 以「娘娘棒」滾輪或粉晶刮痧板來按摩，幫助保養品吸收更快更好，更可搭配精華油、精華液、面膜使用，加強潤滑；輕鬆地舒緩疲倦肌膚，由內而外彈力飽滿喔', '讓你的滿滿心意，美上加美！\n愛蕊最受歡迎的玉石滾輪組\n是許多朋友挑選質感禮物的首選\n\n傳情時刻，我們為霞海城隍廟聯名粉晶滾輪組\n再繫上精緻的金色緞帶與聖誕小吊卡妝點\n卻不遮掩到原本就極具月老結緣特色、美極了的外觀設計\n讓你送禮送到親友的心坎裡\n\n不論交換禮物、新年、情人節、母親節送禮\n再讓小卡為你加倍表達❤️\n\n聽聽買過粉晶玉石滾輪組禮盒的朋友怎麼說\n\n「先買一盒當交換禮物，收到被美翻立刻又下訂一組送給自己」\n\n「商品很喜歡 身邊的姊妹媽媽阿姨們都麻煩我再幫他們購買」\n\n「昨天已送出生日禮物囉，對方一打開', '', '5'),
(27, 'P27', '1', '霞海城隍廟聯名 X 摩斯密碼我愛你 手染門簾', 'P27_1', '', '1280', '心底的愛意濃厚，卻總是說不出口\n讓蚤操的手染作品幫你傳達吧！', '特調的柔嫩粉橘色與粉紅色，手工電繡的愛心裝飾\n中間連續的紅線相連不斷，收尾的紅線綿延彼此緣份\n懸掛起來，浪漫的氣息瀰漫空間\n\n仔細看看門簾兩側愛心的分佈，是不是有點規則？\n解開謎底！是藏著－摩斯密碼「I love you」\n送給心儀的他，看看能不能猜出你的心底話吧～\n\n◆因手染訂製款僅能相似，細節不可能一模一樣，可接受再下單\n◆下單前若有疑問，歡迎盡量多發問\n◆關於色差，因各家螢幕顯示器不同，顏色可能會略有誤差，對顏色要求精準的朋友下單前請考慮清楚唷！', '', '4'),
(28, 'P28', '1', '霞海城隍廟 X 水餃包', 'P28_1', '喜逐,歲綠,品蒼,繪植', '490', '', '在地聯名\n説到大稻埕，你會想到什麼？\n有中藥、南北貨、布市，還有\n必定走訪的「台北霞海城隍廟」！\n同為大稻埕的居民—布物設計(BUWU)，\n與台北霞海城隍廟、Pinkoi合作，共同牽起你我的緣分～\n\n#戀情結良緣｜就想與你在一起\n#日常結善緣｜就想與你見證情誼\n#人間好人緣｜就想讓自己正能量滿滿\n\n聯名商品—水餃包\n布物設計運用大稻埕的「中藥」\n將在地元素化為獨特布花\n製成小巧又軟綿綿的掌中水餃包～\n\n圖案取自藥方「十全」與「養肝明目」\n除了欣賞藥材的美麗紋理\n也帶著希望你「健健康康」的心意\n送禮最適合不', '', '3'),
(29, 'P29', '1', '霞海城隍廟聯名 X 御守徽章', 'P29_1', '', '779', '獨家聯名結緣袋＆結緣紅線', '今年很可惜因為疫情關係，無法親自去到霞海城隍城隍廟\n和月下老人祈求緣分也別擔心，所以在七夕前夕，我們成立結緣追愛小組\n攜手與在地設計師合作，製作出各式七夕月老聯名款禮物\n期待在送禮時能讓各地單身、想求姻緣的男女們牽起之間的緣分\n\n包裝設計\n這次的包裝設計，我們採用禮盒式的包裝設計，封面大大的月老手持法仗拋出紅繩，西方為台北霞海城隍廟的外觀，將禮盒打開，就像進入廟宇參拜一樣。\n內盒設計\n盒內的設計，我們採用較深的紅色，去襯托外盒的粉紅，同時，深色的內襯也更襯托出兩款徽章御守櫻花粉以及丹青色。\n小卡以及紅繩\n', '', '3'),
(30, 'P30', '1', '霞海城隍廟聯名 X 月老牽線絹印組', 'P30_1', '', '520', '', '', '', '4'),
(31, 'P31', '1', '霞海城隍廟聯名 X 紅線口金包', 'P31_1', '', '199', '', '', '', '4'),
(32, 'P32', '2', '結緣御守', 'P32_1', '', '400', '', '是 御守/平安符 也是 吊飾 ，正面用廟宇裡的窗花圖騰設計。\n背後可刻上留言的客製化內容，非常適合送禮或給自己保平安用。\n\nSmell -\n\n檜木的香味似線香都有讓人安心舒適的感受\n在疫情期間也可以帶給想祈求各種運勢的朋友\n彷彿置身在廟宇參拜時的氛圍與體驗\n\nTouch -\n\n御守大小的設計無論是當做吊飾使用\n或是放置於包包內當平安符\n木頭質感也帶來扎實且輕巧的感受\n\nFeel -\n\n印花圖騰給予使用的人安心感\n成對的御守圖示也很適合朋友送禮\n\n| 台灣檜木介紹 |\n- 材質 : 因台灣林木禁伐，來源為老', '', '4'),
(33, 'P33', '1', '霞海月老超虔誠結緣組', 'P33_1', '', '299', '', '月老喵Ｘ台北霞海城隍廟，攜手打造絕美結緣品\n台北霞海城隍廟是全台最有名的月老廟之一，每年促成 6000 對佳偶！\n然而不是每個人都能天天進廟參拜，加上疫情讓大家不敢出門。\n為了讓更多人獲得幸福，月老喵特別推出了線上參拜求籤服務。\n\n在計劃支持者的引頸期盼下，今年我們再度加碼推出兩款精緻結緣品，希望能讓月老的祝福時刻陪伴你。\n無論自己想求取好姻緣、讓感情加溫，或是送給等待脫單的親友，都是最暖心的選擇 ♥\n\n《自己的緣分自己綁》紅線明信片\n▸ 由我們精心設計的明信片與結緣紅線​\n▸ 內附三種繩結教學，教你如何', '', '4'),
(34, 'P34', '3', '大福氣餅乾禮盒', 'P34_1', '', '400', '', '手工曲奇系列：手作的精緻曲奇，一樣用使用優質天然食材製作，減少甜度的修飾，讓好食材演奏出美妙的旋律。\n\n原味小福心（約18~22片）\n法國進口依思尼AOP發酵奶油、蛋，減糖30％，麵粉特選日本鳥越，做出來的餅乾酥鬆化口，奶香清爽甘甜不膩。簡單的材料卻勾勒出動人的美味。\n\n咖啡小福心（約18~22片）\n用的是義大利精品咖啡 illy，香濃咖啡超涮嘴，保證停不下來。\n\n可可小福心（約18~22片）\n法國Cacao Barry的100%可可，香濃有層次，可可的極致享受。。\n\n抹茶小福心（約18~22片）\n選用日', '', '5'),
(35, 'P35', '3', '因緣巧盒', 'P35_1', '', '350', '', '■ 土鳳梨酥： \n\n- 熱量：每份25公克，114.9大卡\n\n- 本包裝含份量：1份\n\n- 土鳳梨酥成份：2號鳳梨、麵粉、天然奶油、糖、麥芽糖、乳酪、奶粉、蛋、海藻糖\n\n- 保存期限：至少2022.09.22\n\n- 本產品含有：牛奶、蛋、含麩質穀物\n\n\n\n■ 茶花花月餅：\n\n- 熱量：每份50公克，126.3大卡\n\n- 本包裝含份量：1份\n\n- 成份：白鳳豆、海藻糖、蛋、糖、天然奶油、麥芽糖、奶粉、糯米、小麥、仙人掌\n\n- 保存期限：2022.09.22\n\n- 本產品含有：牛奶、蛋、含麩質穀物\n\n\n\n■ ', '', '5'),
(36, 'P36', '3', '開花的春天巧克力禮盒', 'P36_1', '', '599', '', '', '', '4'),
(37, 'P37', '3', '甜蜜良緣禮盒', 'P37_1', '', '500', '', '月老喵精心挑選單純、新鮮的食材融合台式文化與法式技術，讓大家品嚐到美味兼具的獨特甜點👨🏻‍🍳\n❣️\n常溫月老禮盒，內容物為紅棗費南雪*6、桂圓瑪德蓮*6、玫瑰蛋白霜*2包。\n有情人終成眷屬價 $520\n保存期限：冷藏一週，常溫四天。\n.\n月老喜甜食，供品記得準備雙數\n紅棗-早日找到好姻緣\n桂圓-圓滿順利\n砂糖-甜月老的嘴\n.\n若如願覓得好對象，要記得奉上喜餅、喜糖向月老還願唷❤️\n雖說是月老禮盒，紅色外盒新年送禮也很合適喔😁😁', '', '4'),
(38, 'P38', '3', '甜在你心餅乾禮盒', 'P38_1', '', '550', '', '選擇了食品級純白啞光的圓邊收口式鐵盒，裡頭是滿滿的心意和美味：\n\n檸檬假期\n小花伯爵\n焙炒杏仁雪球\n實栗紅豆費南雪\n蜂蜜燕麥餅乾\n愛心草莓果醬餅乾', '', '4'),
(39, 'P39', '3', '艾克斯糖果禮盒', 'P39_1', '', '300', '', '❤️《 #艾克斯糖 》— 原味 / 開心果， 20元 /單顆\n杏仁膏 / 糖漬橘皮 / 糖霜\n杏仁是招桃花聖品，也是法國普羅旺斯的特有點心，象徵對愛情的守護與堅貞、永不分離。', '', '4'),
(40, 'P40', '3', '真松露巧克力', 'P40_1', '', '730', '', '《 #真松露巧克力 》90 元 / 單顆 、730元 / 7入禮盒\n法芙娜70%瓜納拉／鮮奶油／義大利白松露油／奶油\n巧克力能撩動情愫，如果你想感受熱戀的滋味，那就先來點巧克力吧。', '', '4'),
(41, 'P41', '3', '你儂我儂巧克力禮盒', 'P41_1', '', '520', '', '', '', '4'),
(42, 'P42', '3', '法式水果軟糖禮盒', 'P42_1', '', '345', '', '❤️《 #法式水果軟糖 》 35元 / 顆、345元 / 7入禮盒裝、700元 / 20入禮盒\n青蘋果的爽朗、芒果百香的飽滿、香蕉百果的甜郁、白蜜桃的甜美、玫瑰荔枝的嬌艷、無花果的甘純、到森林莓果的豐盈，顆顆甜蜜入心、結成正果。', '', '4'),
(43, 'P43', '3', '月老喵珠寶盒', 'P43_1', '', '599', '', '《 珠寶盒 X 貓咪也瘋狂俱樂部 CrazyCat club 》\n聯名公益貓咪鐵盒餅乾 #情人節限定款 熱淚發售中 \n每售出一盒餅乾，珠寶盒法式點心坊 #將捐出100元給貓咪也瘋狂公益協會，來幫助更多浪貓。', '', '5'),
(44, 'P44', '4', '小黑酷酷口罩', 'P44_1', '', '300', '', '', '', '5'),
(45, 'P45', '4', '三喵守護你文具組', 'P45_1', '', '499', '', '', '', '5'),
(46, 'P46', '4', '月老喵托特包', 'P46_1', '', '499', '', '', '', '5'),
(47, 'P47', '4', '月老喵圓形貼紙包', 'P47_1', '', '199', '', '', '', '5'),
(48, 'P48', '4', '月老喵正方形貼紙包', 'P48_1', '', '199', '', '', '', '5'),
(49, 'P49', '4', '幽靈金寶保溫瓶', 'P49_1', '', '399', '', '', '', '5'),
(50, 'P50', '4', '月老喵明信片組', 'P50_1', '', '199', '', '', '', '5'),
(51, 'P51', '4', '月老喵守護你帆布掛畫', 'P51_1', '', '999', '', '', '', '5'),
(52, 'P52', '4', '小黑超帥印章', 'P52_1', '', '199', '', '', '', '5'),
(53, 'P53', '4', '寶寶小黑超Q筆記本', 'P53_1', '', '99', '', '', '', '5'),
(54, 'P54', '4', '月老喵愛你玻璃水瓶', 'P54_1', '', '299', '', '', '', '5'),
(55, 'P55', '4', '金寶幸福美滿香氛蠟燭', 'P55_1', '', '699', '', '', '', '5'),
(56, 'P56', '4', '小黑超潮滑板', 'P56_1', '', '8000', '', '', '', '5'),
(57, 'P57', '4', '小黑斬桃花吊嘎', 'P57_1', '', '399', '', '', '', '5'),
(58, 'P58', '4', '金寶超嗨飲料', 'P58_1', '', '50', '', '', '', '5'),
(59, 'P59', '4', '小黑認真工作馬克杯', 'P59_1', '', '299', '', '', '', '5'),
(60, 'P60', '4', '月老喵療癒你盥洗組', 'P60_1', '', '799', '', '', '', '5'),
(61, 'P61', '4', '寶寶小黑乳液', 'P61_1', '', '399', '', '', '', '5'),
(62, 'P62', '4', '魅力小黑精華液', 'P62_1', '', '1999', '', '', '', '5'),
(63, 'P63', '4', '液體小玉手機殼', 'P63_1', '', '999', '', '', '', '5'),
(64, 'P64', '4', '金寶保護你手機殼', 'P64_1', '', '999', '', '', '', '5'),
(65, 'P65', '4', '小黑幫你斬桃花手機殼', 'P65_1', '', '999', '', '', '', '5'),
(66, 'P66', '4', '幽靈金寶手機殼', 'P66_1', '', '999', '', '', '', '5'),
(67, 'P67', '4', '小玉幫你牽紅線手機殼', 'P67_1', '', '999', '', '', '', '5'),
(68, 'P68', '4', '金寶幸福肥手機殼', 'P68_1', '', '999', '', '', '', '5'),
(69, 'P69', '4', '寶寶小黑手機殼', 'P69_1', '', '999', '', '', '', '5'),
(70, 'P70', '4', '老少咸宜手機殼', 'P70_1', '', '999', '', '', '', '5'),
(71, 'P71', '4', '瑜珈小玉手機殼', 'P71_1', '', '999', '', '', '', '5'),
(72, 'P72', '4', '滑板小黑手機殼', 'P72_1', '', '999', '', '', '', '5'),
(73, 'P73', '4', '虔誠小玉手機殼', 'P73_1', '', '999', '', '', '', '5'),
(74, 'P74', '4', '三喵快樂手機殼', 'P74_1', '', '999', '', '', '', '5'),
(75, 'P75', '4', '小黑斬桃花T', 'P75_1', '', '590', '', '', '', '5'),
(76, 'P76', '4', '金寶美滿T', 'P76_1', '', '590', '', '', '', '5'),
(77, 'P77', '4', '瑜珈小玉T', 'P77_1', '', '590', '', '', '', '5'),
(78, 'P78', '4', '幽靈金寶帽T', 'P78_1', '', '790', '', '', '', '5'),
(79, 'P79', '4', '情侶帽T', 'P79_1', '', '790', '', '', '', '5'),
(80, 'P80', '1', '祈願信紙', 'P80_1', '', '100', '', '', '', '3'),
(81, 'P81', '1', '月老飲料', 'P81_1', '', '50', '', '', '', '3'),
(82, 'P82', '2', '月老潮潮貼紙包', 'P82_1', '', '50', '', '', '', '3'),
(83, 'P83', '2', '月老巧克力', 'P83_1', '', '50', '', '', '', '3');

-- --------------------------------------------------------

--
-- 資料表結構 `product_category`
--

CREATE TABLE `product_category` (
  `sid` int(11) NOT NULL,
  `product_cate` varchar(100) NOT NULL
) ENGINE=InnoDB DEFAULT CHARSET=utf8mb4;

--
-- 傾印資料表的資料 `product_category`
--

INSERT INTO `product_category` (`sid`, `product_cate`) VALUES
(1, '聯名'),
(2, '文創'),
(3, '供品'),
(4, '獨家');

-- --------------------------------------------------------

--
-- 資料表結構 `product_list`
--

CREATE TABLE `product_list` (
  `sid` int(11) NOT NULL,
  `order_id` int(11) NOT NULL,
  `product_id` int(11) NOT NULL,
  `quantity` varchar(100) NOT NULL,
  `price` varchar(100) NOT NULL,
  `created_at` datetime NOT NULL
) ENGINE=InnoDB DEFAULT CHARSET=utf8mb4;

-- --------------------------------------------------------

--
-- 資料表結構 `product_order`
--

CREATE TABLE `product_order` (
  `sid` int(11) NOT NULL,
  `id` int(11) NOT NULL,
  `member_id` int(11) NOT NULL,
  `state` varchar(100) DEFAULT NULL,
  `price` varchar(100) DEFAULT NULL,
  `name` varchar(100) DEFAULT NULL,
  `phone` varchar(100) DEFAULT NULL,
  `address_city` varchar(100) DEFAULT NULL,
  `address_region` varchar(100) DEFAULT NULL,
  `address` varchar(255) DEFAULT NULL,
  `delivery` varchar(100) DEFAULT NULL,
  `payment` varchar(100) DEFAULT NULL,
  `payment_state` varchar(100) DEFAULT NULL,
  `created_at` datetime NOT NULL
) ENGINE=InnoDB DEFAULT CHARSET=utf8mb4;

-- --------------------------------------------------------

--
-- 資料表結構 `review`
--

CREATE TABLE `review` (
  `sid` int(11) NOT NULL,
  `members_id` int(11) NOT NULL,
  `target_type` int(11) DEFAULT NULL,
  `collect_id` int(11) DEFAULT NULL,
  `star` int(11) DEFAULT NULL,
  `content` varchar(255) CHARACTER SET utf8 DEFAULT NULL,
  `tags_sid` int(11) DEFAULT NULL,
  `created_at` datetime NOT NULL
) ENGINE=InnoDB DEFAULT CHARSET=utf8mb4;

-- --------------------------------------------------------

--
-- 資料表結構 `review_tags`
--

CREATE TABLE `review_tags` (
  `sid` int(11) NOT NULL,
  `tags` varchar(10) NOT NULL
) ENGINE=InnoDB DEFAULT CHARSET=utf8mb4;

--
-- 傾印資料表的資料 `review_tags`
--

INSERT INTO `review_tags` (`sid`, `tags`) VALUES
(1, '出貨超快速'),
(2, 'CP值超高'),
(3, '商品超可愛'),
(4, '商品品質爆表'),
(5, '服務態度超好');

-- --------------------------------------------------------

--
-- 資料表結構 `temple`
--

CREATE TABLE `temple` (
  `sid` int(11) NOT NULL,
  `tem_id` varchar(10) NOT NULL,
  `name` varchar(10) DEFAULT NULL,
  `address_sid` int(11) DEFAULT NULL,
  `category_tag` varchar(50) DEFAULT NULL,
  `hashtag` varchar(50) DEFAULT NULL,
  `step` varchar(255) DEFAULT NULL,
  `notice` varchar(255) DEFAULT NULL,
  `opening_hours` varchar(255) DEFAULT NULL,
  `address` varchar(255) DEFAULT NULL,
  `img` varchar(255) DEFAULT NULL,
  `recommend_id` varchar(255) DEFAULT NULL
) ENGINE=InnoDB DEFAULT CHARSET=utf8mb4;

--
-- 傾印資料表的資料 `temple`
--

INSERT INTO `temple` (`sid`, `tem_id`, `name`, `address_sid`, `category_tag`, `hashtag`, `step`, `notice`, `opening_hours`, `address`, `img`, `recommend_id`) VALUES
(1, '\nC01', '霞海城隍廟', 5, '祈求姻緣', '快速有效率', '1.購入金紙、線香、供品\n2.點三支香，先於天公稟明姓名、年齡、地址並作三拜禮\n3.對正殿城隍爺、月老以及眾神稟明姓名、年齡、地址以及心目中理想對象的類型和條件\n4.參拜義勇公(祈求趕走小人、諸事平安順利) - 城隍夫人（保佑家庭幸福）- 菩薩（保佑開啟智慧、心境平和）\n5.吃喜餅、喜糖沾喜氣，喝平安茶保平安\n6.將鉛錢、紅線在香爐中過火，並放至皮包中妥善保存', '1.供品為第一次拜月老時才需要，之後參拜準備金紙及線香即可\n2.可幫家人代求，不可幫朋友代求\n3.鉛錢不可當場拆開\n4.供品可自行攜帶鮮花、水果或是甜品', '06:16 - 19:47', '台北市大同區迪化街一段61號', 'C01_1', 'T01,P04 '),
(2, 'C02', '祀典武廟', 19, '斬爛桃花', '斬斷爛桃花', '1.天爐再拜殿三代廳→觀音廳文昌殿→六合堂→太歲殿→月老祠→馬\n史爺廳→春秋樓\n2.求姻緣:老前明生辰八字、姓、住址、心目中理想對象的類型以及\n條件，不須擲筊，可直接拿取姻緣線及姻緣粉，再到香爐上過火，把姻緣線及姻緣粉放入小紅包袋中隨身攜帶或於枕頭底下即可', '1.除了天公爐三枝香，其他各為一枝香，總共九枝 \n2.需購買兩份金紙 \n3.可填寫祈願卡吊在月老祠內的掛鉤上，祈求月老牽姻緣', '05:00 - 21:00', '台南市中西區永福路二段229號', 'C02_1', ''),
(3, 'C03', '樂成宮', 14, '祈求姻緣', '分手求復合', '1.天公爐-媽祖爐-聖父母殿-太歲殿-月老殿-華陀殿-玉皇殿-文昌帝君-財神殿\n2.參拜完後才可回到月老殿擲筊求姻緣，直到聖筊可到月老桌上拿取一條姻緣線，將姻緣線在香爐上過火，姻緣線可戴手腕(男左女右)，或是裝進紅包袋放到包包或枕頭底下', '1.金紙和供品需至少準備兩份，一樓主殿為一份金 \n紙、一包小餅乾、九枝香，月老殿為一份金紙、 \n兩包以上糖果(需為雙數) \n2.參拜完需至月老殿換糖果，將自己供品中的一包 \n糖果取出五顆糖，在老桌前有五盤糖果，一盤 \n更換一顆，五顆都需要自己吃完', '06:30 - 17:30', '台中市東區旱溪街48號', 'C03_1', ''),
(4, 'C04', '鹿港天后宮', 13, '祈求姻緣', '姻緣美滿', '1.經右廊上2樓-玉皇大帝-文昌帝君-回到1樓)太歲星君-天上聖母-虎爺\n2.向月老稟明生辰八字、姓名、住址、理想對象的類型及條件，擲得三次聖筊後，即可索取一條紅線，並在月老香爐上過火，再稟報一次身分資訊即可完成祈福儀式', '1.一共有5爐，每爐需三支香\n2.金紙與供品準備至少兩份\n3.經過月老時先行三拜禮，待全部參拜完後再回來向月老祈求良緣', '06:00 - 22:00', '彰化縣鹿港鎮中山路430號', 'C04_1', ''),
(5, 'C05', '祀典大天后宮', 19, '幸福美滿', '感情升溫', '1.天公一天上聖母水仙尊→三官大帝、聖父母一註生娘娘、水夫人一月老、\n福德正神四海龍王觀世音菩薩→三寶佛祖\n2.向月老詢問求:參拜時先說明想要詢問的問題以及來意，待15分鐘後詢問月老\n是否已查清楚所問之事，若出聖即可開始抽,大天后宮的是依照連續三次擲的變化來指示，依指示拿取鏡詩講廟方解鏡即可\n3.求姻緣:購買一份紙金世良緣許願套組(第一次購買就好)，填寫請月老幫忙牽\n線的新願疏文(購買金紙免費贈送)並將祈願疏文至於金紙上，向月老明姓名、\n性別、出生年月日及心目中對象的類型以及條件，擲出聖後即可將許願套組裡', '1.金紙與供品至少需準備兩份\n2.可向廟方購買祈願卡，填寫好可掛於月老殿的許願閣', '05:30 - 21:00', '台南市中西區永福路二段227巷18號', 'C05_1', ''),
(6, 'C06', '龍山寺', 5, '祈求姻緣', '招桃花', '1.前殿:釋迦牟尼佛、藥師佛與阿彌陀佛\n2.正殿:先向外拜天公，再向內拜觀世音菩薩、文殊菩薩、普賢菩薩\n3.後殿中央:天上聖母\n4.後殿右方:水仙尊王、城隍爺、龍爺、福德正神\n5.後殿左方:註生娘娘、池頭夫人、十二婆者\n6.後殿右側:文昌帝君、大魁星君、紫陽夫子、華陀仙師\n7.後殿左側:關聖帝君、三官大帝、地藏王菩薩、月老神君\n8.向月老稟明生辰八字、姓名、住址、理想對象類型及條件，擲三次聖筊後可索取一條紅線，並在月老香爐上過火。', '1. 需先向主神觀世音菩薩說明來意後，再依序參拜\n2. 紅線務必隨身攜帶，可放置皮包或綁至手腕，建議盡量本人求紅線', '07:00 - 21:30', '台北市萬華區廣州街211號', 'C06_1', ''),
(7, 'C07', '指南宮', 5, '斬桃花、小三', '斬爛桃花', '1.孚祐帝君大殿:呂洞賓\n2.凌霄寶殿:玉皇大帝、三清道祖、三官大帝\n3.大雄寶殿:釋迦牟尼佛、阿彌陀佛、藥師佛與觀音菩薩\n4.大成殿:孔子、孟子、曾子\n5.地藏王寶殿:地藏王菩薩', '1.建議供品為鮮花或當季水果任選五種\n2.祈求姻緣時，向呂洞賓仙祖稟明生辰八字、姓名、住址、理想對象類型以及條件，有對象姓名也可以一併稟明\n3.若戀情進展順利，要帶著供品到呂先祖前，稟明生辰八字、姓名、住址與感謝之意', '04:00-20:00', '台北市文山區萬壽路115號', 'C07_1', ''),
(8, 'C08', '龍鳳宮月下老人祠', 15, '祈求姻緣', '求快速脫單', '1.天公爐-月下老人祠\n2.擲出聖筊可索取紅線，將紅線放入紅包袋中在香爐上過火', '月下老人祠旁有祈福金卡，可以自行索取，依個人誠意投入香油錢，將願望或是心目中理想對象類型寫下掛至祠堂旁，將會受到月老加持', '06:00 – 21:00', '南投縣魚池鄉中山路291-26號', 'C08_1', ''),
(9, 'C09', '重慶寺', 19, '斬桃花、小三', '求復合', '1.月老\n2.早期須將頭髮纏至竹棒上，攪拌矸內醋水，再取神桌上的燈由塗抹在另一半額頭上，現簡化成藉由竹棒攪拌醋矸', '1.「順時鐘」3圈是期求百年好合，「逆時鐘」3圈則是祈求對方回心轉意﹑擊退情敵與小三', '05:00 – 21:00', '台南市中西區中正路5巷2號', 'C09_1', ''),
(10, 'C10', '威明堂', 6, '祈求姻緣', '守護同志的姻緣', '1.填寫兩份金紙，黃色為祖師金，白色者為兔兒神大爺金，寫下姓名、住址、農曆生日及寫下祈願\n2.擺放供品，可替祖師與大爺各準備一份供品。\n3.服務台自取四柱清香，分別對應祖師殿三爐以及大爺殿一爐。\n參拜順序：\n祖師殿\n（一）、禮敬三山九侯仙師、三清道祖、濟公禪師、三太子八臂多法天尊、龍王、齊天大聖。\n（二）、上一柱香至主爐\n（三）、禮敬土地公五方土地，上一柱香至土地公爐。\n（四）、禮敬虎爺，上一柱香至土地公爐。\n\n兔兒神大爺殿\n（一）、禮敬兔兒神胡天保大爺，可於此時將心願與大爺訴說。\n（二）、上一柱香至大爺', '1.請務必帶著虔誠的心意前來。\n2.如要帶供品，可帶自己喜歡吃的東西：糖果、茶酒、餅乾、水果等等；化妝品、保養品亦可。在敬拜過後可帶回去吃，帶來好運氣，保養品回去使用更可以招來好人緣。\n3.請使用全新之供品，禮敬神明。開封或者敬拜過其他神明的供品不可使用。\n4.敬拜時，稱呼「大爺」，請勿直呼兔兒神。\n5.敬拜順序由三山九侯祖師殿開始參拜，之後到兔兒神大爺殿。\n', '13:30 – 21:00', '新北市中和區景安路50號', 'C10_1', ''),
(11, 'C11', '大觀音亭', 19, '祈求姻緣', '說媒求姻緣', '拜大觀音亭的月老星君時，可同時向月老祈求姻緣紅線。誠心向月老報告完姓名、出生日期、現居地址和希望另一伴擁有的特質或條件後，即可擲筊（而且只要ㄧ個聖筊！），拿取神明桌上的姻緣紅包袋喔！大觀音亭的紅線短短的，取回後，放在口袋或錢包，讓它自然而然不見，就會去替你牽緣份過來啦～', '', '05:00 - 21:00', '台南市北區成功路86號', 'C11_1', ''),
(12, 'C12', '關帝廟', 20, '祈求姻緣', '桃花朵朵開', '1.添香油錢\n2.拿到姻緣疏文、月老香、糖果、兩條紅線，可在姻緣疏文上填寫姓名、地址、生日等資訊\n3.參拜完畢後，將姻緣香拿到月老面前告知理想對象的條件，把供品和疏文放在月老桌上，然後把紅線拿到正殿前的香爐，順時針繞三圈，等待10分鐘後將疏文及其中一條紅線拿到金爐焚化，另一條帶回家放在枕頭下。', '', '06:00-22:00', '高雄市苓雅區武廟路52號', 'C12_1', '');

-- --------------------------------------------------------

--
-- 資料表結構 `travel`
--

CREATE TABLE `travel` (
  `sid` int(11) NOT NULL,
  `id` varchar(100) NOT NULL,
  `travel_name` varchar(255) NOT NULL,
  `travelcard_img` varchar(255) DEFAULT NULL,
  `travel_img` varchar(255) DEFAULT NULL,
  `travel_kind` int(11) DEFAULT NULL,
  `travel_daytime` int(11) DEFAULT NULL,
  `travel_people` varchar(100) DEFAULT NULL,
  `travel_rest` int(11) DEFAULT NULL,
  `travel_price` int(11) DEFAULT NULL,
  `travel_choicetime` int(11) DEFAULT NULL,
  `travel_subheading` varchar(255) DEFAULT NULL,
  `travel_route` varchar(255) DEFAULT NULL,
  `travel_introduction` varchar(255) DEFAULT NULL,
  `travel_note` varchar(255) DEFAULT NULL,
  `travel_place` varchar(255) DEFAULT NULL,
  `travel_cancel` varchar(255) DEFAULT NULL,
  `travel_star` varchar(100) DEFAULT NULL,
  `travel_popular` varchar(100) DEFAULT NULL,
  `created_at` datetime NOT NULL
) ENGINE=InnoDB DEFAULT CHARSET=utf8mb4;

--
-- 傾印資料表的資料 `travel`
--

INSERT INTO `travel` (`sid`, `id`, `travel_name`, `travelcard_img`, `travel_img`, `travel_kind`, `travel_daytime`, `travel_people`, `travel_rest`, `travel_price`, `travel_choicetime`, `travel_subheading`, `travel_route`, `travel_introduction`, `travel_note`, `travel_place`, `travel_cancel`, `travel_star`, `travel_popular`, `created_at`) VALUES
(1, 'T01', '大稻埕一日遊-文青必去', 'T01_1S.jpg', 'T01_1.jpg,T01_2.jpg,T01_3.jpg,T01_4.jpg,T01_5.jpg,T01_6.jpg,T01_7.jpg,T01_8.jpg,T01_9.jpg,T01_10.jpg,T01_11.jpg,T01_12.jpg,T01_13.jpg,T01_14.jpg', 1, 1, '1', 10, 2, 2200, '', '來趟台北古蹟之旅', '行程時間:一日遊\n\n途經地點:\n大稻埕\n迪化街商圈\n老宅改建的雜貨店\n餐廳酒吧等\n\n', '台北大稻埕、迪化街商圈過去曾為北部最繁華、熱鬧的港口之一，走過百年歷史的大稻埕地區，留下許多紅磚洋樓、閩南式矮房、華麗巴洛克建築等古蹟，而今大稻埕美食多位在迪化街上，老宅改建的雜貨店、餐廳酒吧等都是值得一訪的景點。在此幫大家整理好迪化街必逛景點及年貨大街等資訊，想來趟台北古蹟之旅，不妨考慮到大稻埕與迪化街來個一日散步吧！', '・全程皆以走動方式進行請考量自身行動能力與體能負荷。\n・戶外活動請自備遮陽防曬用品以及水分補充。\n・請準時抵達，逾時不候。', '集合地點:7:30台北車站', '出發 7 – 14 天取消行程，退費用的40% \n出發 7 天以內取消行程，恕無法退款。', '5', '0000-00-00 00:00:00'),
(2, 'T02', '拜月老求好緣-台南四大月老廟參拜', 'T02_1S.jpg', 'T02_1.jpg,T02_2.jpg,T02_3.jpg,T02_4.jpg,T02_5.jpg,T02_6.jpg,T02_7.jpg', 3, 1, '1', 20, 2, 2000, '', '參拜靈驗的4大月老廟！', '行程時間:一日遊\n\n途經地點:\n大觀音亭\n重慶寺\n大天后宮\n祀典武廟', '宅宅世界曠男怨女，茫茫人海，到底我的真愛是在哪裡？台南不只是歷史人文薈萃，美食冠天下，廟宇古蹟特多更是有相當靈驗的4大月老廟！大觀音亭、重慶寺、大天后宮、祀典武廟，走一趟古都府城，老台南人帶著您一次將4大月老拜好拜滿，指導脫魯秘辛，走訪台南人才知道的巷子內私房口袋美食地圖，帶您去求好旺桃花的『緣粉』『紅線』，保證愛在台南，甜在心坎。\n\n\n\n', '・全程皆以走動方式進行請考量自身行動能力與體能負荷。\n・戶外活動請自備遮陽防曬用品以及水分補充。\n・請準時抵達，逾時不候。', '集合地點:7:30台北車站', '出發 7 – 14 天取消行程，退費用的40% \n出發 7 天以內取消行程，恕無法退款。', '5', '0000-00-00 00:00:00'),
(3, 'T03', '浪漫北海岸-北海岸空之城', 'T03_1S.jpg', 'T03_1.jpg,T03_2.jpg,T03_3.jpg,T03_4.jpg,T03_5.jpg,T03_6.jpg,T03_7.jpg,T03_8.jpg,T03_9.jpg,T03_10.jpg', 1, 1, '1', 20, 10, 1500, '', '前往北海的網美景點！\n', '行程時間:一日遊\n\n途經地點:\n北海岸空之城\n黃金瀑布\n六坑索道\n九份美食', '我們將帶大家一起前往北海的網美景點！神秘的天空之城、超美網美點六坑索道、與新朋友一起在九份美食探索，最後在寂寞公路不厭亭一起不寂寞！', '・全程皆以走動方式進行請考量自身行動能力與體能負荷。\n・戶外活動請自備遮陽防曬用品以及水分補充。\n・請準時抵達，逾時不候。', '集合地點:7:30台北車站', '出發 7 – 14 天取消行程，退費用的40% \n出發 7 天以內取消行程，恕無法退款。', '4', '0000-00-00 00:00:00'),
(4, 'T04', '台中小清新一日遊', 'T04_1S.jpg', 'T04_1.jpg,T04_2.jpg,T04_3.jpg,T04_4.jpg,T04_5.jpg,T04_6.jpg,T04_7.jpg,T04_8.jpg,T04_9.jpg', 2, 2, '1', 20, 1, 3000, '', '迷人日系生活品味', '行程時間:一日遊\n\n途經景點:\n審計新村文創市集\n台中蔦屋書店\n彩虹爺爺的彩虹眷村\n高美濕地', '日本知名書局代官山蔦屋書局，傳達一種迷人「日系生活品味」，首先停留蔦屋書店台中分店，並帶大家一起至獨樹一幟的審計新村。 午餐享用台中著名五星級飯店-林酒店的森林百匯餐廳，享用滿是各國風情豐富美味的自助餐。 餐後前往充滿彩虹村，最後於夕陽西下浪滿高美濕地，結束美麗的旅程。', '・全程皆以走動方式進行請考量自身行動能力與體能負荷。\n・戶外活動請自備遮陽防曬用品以及水分補充。\n・請準時抵達，逾時不候。', '集合地點:7:30台北車站', '出發 7 – 14 天取消行程，退費用的40% \n出發 7 天以內取消行程，恕無法退款。', '5', '0000-00-00 00:00:00'),
(5, 'T05', '台南文化旅行', 'T05_1S.jpg', 'T05_1.jpg,T05_2.jpg,T05_3.jpg,T05_4.jpg,T05_5.jpg,T05_6.jpg,T05_7.jpg,T05_8.jpg,T05_9.jpg,T05_10.jpg,T05_11.jpg', 3, 2, '2', 20, 10, 3500, '', '文青風格與藝文路線', '行程時間:兩天一夜\n\n途經地點:\n第一天\n祀典武廟\n台南市美術館1館\n國華街\n台南神農街\n宵夜\n\n第二天\n林百貨\n桑原商店\n奇美博物館\n', '原本老舊沒落的小巷街道因為近年來文創藝術小店的聚集，以及台南在地對老屋跟舊街道的景觀保持，讓神農街變身成為超級適合街拍的景點!一棟棟老屋不同風格的門面跟不同的復古窗花，晚上在街道上特別打燈跟燈籠更有另一番風味。南仁德的奇美博物館是台灣南部最大的博物館，也堪稱全台最美博物館之一，於2015在新址開幕至今人潮不斷，可以說是台南最多人打卡的景點。', '・全程皆以走動方式進行請考量自身行動能力與體能負荷。\n・戶外活動請自備遮陽防曬用品以及水分補充。\n・請準時抵達，逾時不候。', '集合地點:7:30台北車站', '出發 7 – 14 天取消行程，退費用的40% \n出發 7 天以內取消行程，恕無法退款。', '4', '0000-00-00 00:00:00'),
(6, 'T06', '全台精選月老巡禮團', 'T06_1S.jpg', 'T06_1.jpg,T06_2.jpg,T06_3.jpg,T06_4.jpg,T06_5.jpg', 1, 1, '2', 10, 5, 6000, '', '牽起幸福的紅線！\n', '行程時間:兩天一夜\n\n途經地點:\n台北霞海城隍廟 \n日月潭龍鳳宮\n台南祀典武廟\n台南鹿耳門天后宮', '在眾多團友敲碗下，月老喵精選台灣 3＋1 家超靈驗月老巡禮團開跑囉！！帶你專業求得好緣份，牽起幸福的紅線！\n\n本團應團友需求，特別安排專業民俗導遊，教你如何正確拜月老，並且為你準備拜月老必備供品，以及參拜教戰守則。\n\n讓你輕易上手，一次巡禮完成全台精選最靈驗月老廟，一邊聽故事旅遊一邊求姻緣，不能錯過的特殊團！', '・全程皆以走動方式進行請考量自身行動能力與體能負荷。\n・戶外活動請自備遮陽防曬用品以及水分補充。\n・請準時抵達，逾時不候。', '集合地點:7:30台北車站', '出發 7 – 14 天取消行程，退費用的40% \n出發 7 天以內取消行程，恕無法退款。', '5', '0000-00-00 00:00:00'),
(7, 'T07', '宜蘭露營泛舟', 'T07_1S.jpg', 'T07_1.jpg,T07_2.jpg,T07_3.jpg,T07_4.jpg,T07_5.jpg,T07_6.jpg', 1, 1, '2', 10, 3, 6000, '', '體驗刺激的水上活動\n', '行程時間:兩天一夜\n\n途經地點:\n精選宜蘭大同鄉幽靜露營地- 最多可容納百人\n專屬空間輕鬆交流\n幽靜露營地- 夜晚景\n安農溪泛舟，夏日熱門水上活動\n4~6 人一艘船，有互動又可以互相扶持\n水上活動商家合作\n精心設計互動內容與營火晚會\n讓團友在遊戲中減少尷尬、拉近彼此距離', '台灣的秋季氣溫宜人，是非常適合泛舟露營的季節，特別結合宜蘭安農溪泛舟與露營活動， \n讓參加聯誼的團友，能在大自然中參與露營活動互動交流， \n一起體驗驚險刺激的水上活動，讓交朋友變得輕鬆自然。', '・全程皆以走動方式進行請考量自身行動能力與體能負荷。\n・戶外活動請自備遮陽防曬用品以及水分補充。\n・請準時抵達，逾時不候。', '集合地點:7:30台北車站', '出發 7 – 14 天取消行程，退費用的40% \n出發 7 天以內取消行程，恕無法退款。', '5', '0000-00-00 00:00:00'),
(8, 'T08', '日月潭,龍鳳宮參拜月老求良緣', 'T08_1S.jpg', 'T08_1.jpg,T08_2.jpg,T08_3.jpg,T08_4.jpg,T08_5.jpg,T08_6.jpg', 2, 2, '1', 5, 7, 2000, '', '想向月老爺爺祈求好姻緣嗎?', '行程時間:一日遊\n\n途經景點:\n參拜日月潭龍鳳宮月下老人祠\n居喫茶浴衣體驗\n8度C巧克力工房', '南投一日遊，專業司機帶你遊南投熱門景點，想向月老爺爺祈求好姻緣嗎?隨遊帶你參拜日月潭龍鳳宮月下老人祠，體驗鳥居喫茶浴衣體驗，18度C巧克力工房帶上一盒甜美巧克力送給心儀的人吧!南投一日遊，參拜日月潭龍鳳宮的月下老人祠全台十大靈驗的月老廟。', '・全程皆以走動方式進行請考量自身行動能力與體能負荷。\n・戶外活動請自備遮陽防曬用品以及水分補充。\n・請準時抵達，逾時不候。', '集合地點:7:30台北車站', '出發 7 – 14 天取消行程，退費用的40% \n出發 7 天以內取消行程，恕無法退款。', '4', '0000-00-00 00:00:00'),
(9, 'T09', '花蓮水上 SUP 花漾聯誼', 'T09_1S.jpg', 'T09_1.jpg,T09_2.jpg,T09_3.jpg,T09_4.jpg,T09_5.jpg,T09_6.jpg', 4, 2, '2', 20, 4, 6000, '', '精心設計互動內容', '行程時間:兩天一夜\n\n途經景點:\n第一天\n宜蘭中興文創園區\n花蓮文創園區\n共煮聯誼晚餐\n\n第二天\n太魯閣燕子口\n鬼斧神工九曲洞\n崇德海灘SUP', '行程特色\n特別安排世界級景點—太魯閣國家風景區重新開放經典景點鬼斧神工九曲洞步道\n特別安排超美清水斷涯水上SUP活動，讓你一邊體驗水上SUP、一邊欣賞東部海岸好風光(註1)\n精選水上活動商家合作，一個教練只對4個學員，有別一般一對六，提供救生衣、溯溪鞋、安全帽，安全有保障。\n精心設計互動內容，讓團友在遊戲中減少尷尬、拉近彼此距離。\n精選花蓮包棟民宿，專屬空間輕鬆交流不怕被打擾，桌遊、麻將、卡拉OK暢玩到底。\n特別安排花蓮必吃料理及原住民風味飲食，來花蓮不再只是吃小吃。\n註1：若因風浪問題無法下海，行程則變', '・全程皆以走動方式進行請考量自身行動能力與體能負荷。\n・戶外活動請自備遮陽防曬用品以及水分補充。\n・請準時抵達，逾時不候。', '集合地點:7:30台北車站', '出發 7 – 14 天取消行程，退費用的40% \n出發 7 天以內取消行程，恕無法退款。', '5', '0000-00-00 00:00:00'),
(10, 'T10', '陽明山竹子湖海芋季', 'T10_1S.jpg', 'T10_1.jpg,T10_2.jpg,T10_3.jpg,T10_4.jpg,T10_5.jpg,T10_6.jpg,T10_7.jpg,T10_8.jpg', 1, 1, '1', 20, 2, 2000, '', '適合認識新朋友的團體旅行', '行程時間:一日遊\n\n途經地點:\n每年季節限定的竹子湖海芋\n冷擎步道\n牛奶湖\n冷水坑生態池', '探索竹子湖 & 浪漫雙心黑森林 & 牛奶湖，欣賞百花盛開美景\n台北近郊一日遊，假期放鬆好去處\n舒適專車，適合認識新朋友的團體旅行，享受舒適又安心的旅程', '・全程皆以走動方式進行請考量自身行動能力與體能負荷。\n・戶外活動請自備遮陽防曬用品以及水分補充。\n・請準時抵達，逾時不候。', '集合地點:7:30台北車站', '出發 7 – 14 天取消行程，退費用的40% \n出發 7 天以內取消行程，恕無法退款。', '5', '0000-00-00 00:00:00'),
(11, 'T11', '野營獨木舟', 'T11_1S.jpg', 'T11_1.jpg,T11_2.jpg,T11_3.jpg,T11_4.jpg,T11_5.jpg,T11_6.jpg,T11_7.jpg', 2, 1, '2', 20, 3, 6000, '', '專屬空間輕鬆交流不怕被打擾', '行程時間:兩天一夜\n\n途經地點:\n分組搭帳\n山林拾柴砍竹揀石體驗\n製作竹食器\n巴庫拉斯濁水溪', '精選宜蘭大同鄉幽靜露營地，讓團友們在好山好水大自然環抱下，放鬆平日忙碌的心靈。\n特別安排刺激好玩又安全—安農溪泛舟活動，讓你一邊體驗水上活動的驚現刺激、一邊欣賞安農溪沿岸好風光\n精選水上活動商家合作，提供救生衣、溯溪鞋、安全帽，安全有保障。\n精心設計互動內容與營火晚會，讓團友在遊戲中減少尷尬、拉近彼此距離。\n精選宜蘭包場露營地，專屬空間輕鬆交流不怕被打擾。\n特別安排宜蘭在地知名餐廳及泰雅族原住民風味飲食，在美食饗宴中聯誼交流。', '・全程皆以走動方式進行請考量自身行動能力與體能負荷。\n・戶外活動請自備遮陽防曬用品以及水分補充。\n・請準時抵達，逾時不候。', '集合地點:7:30台北車站', '出發 7 – 14 天取消行程，退費用的40% \n出發 7 天以內取消行程，恕無法退款。', '5', '0000-00-00 00:00:00'),
(12, 'T12', '浪漫輕奢露營', 'T12_1S.jpg', 'T12_1.jpg,T12_2.jpg,T12_3.jpg,T12_4.jpg,T12_5.jpg,T12_6.jpg,T12_7.jpg,T12_8.jpg,T12_9.jpg', 1, 1, '2', 10, 2, 6000, '', '享受舒適又安心的旅程', '行程時間:兩天一夜\n\n途經地點:\n鄰近暖東峽谷步道\n自然生態豐富\n環境舒適\n兩人輕鬆入住露營帳', '距離台北市區僅 30 分鐘車程，不需長途跋涉即可親近大自然，體驗露營的樂趣\n不需準備露營設備，一卡皮箱即可入住神殿帳輕鬆體驗露營趣，帳篷內附有獨立衛浴及備品，免去露營共用衛浴的不便，認識新朋友的團體輕奢露營，享受舒適又安心的旅程', '・全程皆以走動方式進行請考量自身行動能力與體能負荷。\n・戶外活動請自備遮陽防曬用品以及水分補充。\n・請準時抵達，逾時不候。', '集合地點:7:30台北車站', '出發 7 – 14 天取消行程，退費用的40% \n出發 7 天以內取消行程，恕無法退款。', '5', '0000-00-00 00:00:00'),
(13, 'T13', '拉拉山森呼吸', 'T13_1S.jpg', 'T13_1.jpg,T13_2.jpg,T13_3.jpg', 1, 1, '1', 10, 4, 4000, '', '享受林間自然生態', '行程時間:一日遊\n\n途經地點:\n拉拉山\n自然生態豐富\n環境舒適\n慢慢悠悠地享受林間自然生態', '自然保護區內擁有珍貴的檜木群、闊葉混合林及天然林，以天然紅檜巨木林聞名', '・全程皆以走動方式進行請考量自身行動能力與體能負荷。\n・戶外活動請自備遮陽防曬用品以及水分補充。\n・請準時抵達，逾時不候。', '集合地點:7:30台北車站', '出發 7 – 14 天取消行程，退費用的40% \n出發 7 天以內取消行程，恕無法退款。', '5', '0000-00-00 00:00:00'),
(14, 'T14', '頑皮世界野生動物園', 'T14_1S.jpg', 'T14_1.jpg', 3, 1, '2', 10, 4, 4000, '', '近距離體驗頑皮世界', '行程時間:一日遊\n\n途經地點:\n頑皮世界野生動物園', '南台灣最大、亞洲第一座：頑皮世界野生動物園', '・全程皆以走動方式進行請考量自身行動能力與體能負荷。\n・戶外活動請自備遮陽防曬用品以及水分補充。\n・請準時抵達，逾時不候。', '集合地點:7:30台北車站', '出發 7 – 14 天取消行程，退費用的40% \n出發 7 天以內取消行程，恕無法退款。', '5', '0000-00-00 00:00:00'),
(15, 'T15', '潮境智能海洋館', 'T15_1S.jpg', 'T15_1.jpg', 1, 1, '1', 10, 3, 2000, '', '享受絕佳海景', '行程時間:一日遊\n\n途經地點:\n潮境智能海洋館', '基隆最新人氣親子景點潮境智能海洋館，達七米高大洋缸還結合高科技帶來全新多樣化的體驗 \n更打造出全新三種互動體驗設施，戴上 VR 設備直接帶你進入海底世界，探索神秘海底', '商品內容：A主展區 & C海洋中心入場門票。 \n\n須依照所選日期與場次於指定時間內入場。', '集合地點:7:30台北車站', '出發 7 – 14 天取消行程，退費用的40% \n出發 7 天以內取消行程，恕無法退款。', '3', '0000-00-00 00:00:00'),
(16, 'T16', '東眼山國家森林遊樂區', 'T16_1S.jpg', 'T16_1.jpg', 1, 2, '1', 10, 5, 2500, '', '登東眼山一覽大台北', '行程時間:一日遊\n\n途經地點:\n東眼山\n中壢月老宮', '東眼山國家森林遊樂區距離桃園大溪約1小時的車程，過去曾是林務局的伐木林班，留下了許多林業遺跡，如集材機、苗圃等。在至中壢絕對不能錯過中壢月老宮！中壢月老公香火鼎盛的程度絕對不輸其他知名月老廟，中壢月老公建宮10多年，已經促成至少1萬對佳偶！在宮中都可以看到各種還願書，牆面上也貼滿喜帖謝卡，可見靈驗程度不是一般啊～', '・全程皆以走動方式進行請考量自身行動能力與體能負荷。\n・戶外活動請自備遮陽防曬用品以及水分補充。\n・請準時抵達，逾時不候。', '集合地點:7:30台北車站', '出發 7 – 14 天取消行程，退費用的40% \n出發 7 天以內取消行程，恕無法退款。', '4', '0000-00-00 00:00:00'),
(17, 'T17', '滿月圓森林公園＆三峽媽祖廟', 'T17_1S.jpg', 'T17_1.jpg', 1, 2, '1', 10, 3, 4000, '', '吸取芬多精在至中三峽媽祖廟參拜', '行程時間:一日遊\n\n途經地點:\n東眼山\n中壢月老宮', '距離三峽市區約40分鐘的滿月圓國家森林遊樂區\n再到三峽興隆宮媽祖廟求月老', '・全程皆以走動方式進行請考量自身行動能力與體能負荷。\n・戶外活動請自備遮陽防曬用品以及水分補充。\n・請準時抵達，逾時不候。', '集合地點:7:30台北車站', '出發 7 – 14 天取消行程，退費用的40% \n出發 7 天以內取消行程，恕無法退款。', '5', '0000-00-00 00:00:00'),
(18, 'T18', '小烏來一日遊', 'T18_1S.jpg', 'T18_1.jpg', 1, 2, '1', 10, 2, 2000, '', '走在天空步道感受不同的景緻在至', '行程時間:一日遊\n\n途經地點:\n拉拉山＆上巴陵＆小烏來一日接送', '拉拉山（達觀山）神木群步道：(預計停留時間：2小時) \n擁有全台最大面積的紅檜樹林，近距離觀賞樹齡500-3000年的24棵拉拉山神木，在山林之中感受大自然的莊嚴美，再盡情徜徉在海拔超過1500公尺的森林之中，即便在盛夏時期也能沁涼消暑。一年四季都適合，6~8月更是品嚐水蜜桃的好時機，千萬不要錯過！', '・全程皆以走動方式進行請考量自身行動能力與體能負荷。\n・戶外活動請自備遮陽防曬用品以及水分補充。\n・請準時抵達，逾時不候。', '集合地點:7:30台北車站', '出發 7 – 14 天取消行程，退費用的40% \n出發 7 天以內取消行程，恕無法退款。', '3', '0000-00-00 00:00:00'),
(19, 'T19', '帶你求好運求姻緣', 'T19_1S.jpg', 'T19_1.jpg', 1, 1, '2', 10, 3, 3000, '', '多個人氣景點一次滿足求好運求姻緣', '行程時間:兩天一夜\n\n途經地點:\n財神廟竹山紫南宮、日月潭龍鳳宮\n、台南祀典武廟，帶你求好運求姻緣', '前往全台最強財神廟竹山紫南宮，求好運讓你一年都順遂', '・全程皆以走動方式進行請考量自身行動能力與體能負荷。\n・戶外活動請自備遮陽防曬用品以及水分補充。\n・請準時抵達，逾時不候。', '集合地點:7:30台北車站', '出發 7 – 14 天取消行程，退費用的40% \n出發 7 天以內取消行程，恕無法退款。', '5', '0000-00-00 00:00:00'),
(20, 'T20', '日月潭遊湖、日月潭龍鳳宮', 'T20_1S.jpg', 'T20_1.jpg', 2, 2, '1', 10, 2, 3000, '', '悠閒欣賞湖光山色', '行程時間:一日遊\n\n途經地點:\n日月潭遊湖\n日月潭龍鳳宮', '日月潭遊湖、日月潭龍鳳宮', '・全程皆以走動方式進行請考量自身行動能力與體能負荷。\n・戶外活動請自備遮陽防曬用品以及水分補充。\n・請準時抵達，逾時不候。', '集合地點:7:30台北車站', '出發 7 – 14 天取消行程，退費用的40% \n出發 7 天以內取消行程，恕無法退款。', '5', '0000-00-00 00:00:00'),
(21, 'T21', '高美濕地夕陽落日美景', 'T21_1S.jpg', 'T21_1.jpg', 2, 2, '1', 10, 2, 3000, '', '觀賞夕陽落日美景', '行程時間:一日遊\n\n途經地點:\n高美濕地\n宮原眼科', '高美濕地、宮原眼科', '・全程皆以走動方式進行請考量自身行動能力與體能負荷。\n・戶外活動請自備遮陽防曬用品以及水分補充。\n・請準時抵達，逾時不候。', '集合地點:7:30台北車站', '出發 7 – 14 天取消行程，退費用的40% \n出發 7 天以內取消行程，恕無法退款。', '5', '0000-00-00 00:00:00'),
(22, 'T22', '清境農場', 'T22_1S.jpg', 'T22_1.jpg', 2, 1, '2', 20, 4, 4000, '', '享受綠草如茵的群山美景', '行程時間:兩天一夜\n\n途經地點:\n清境農場', '台中到清境農場拼車一日遊，從市區的飯店或高鐵站上車，拼車前往 18 度 C 巧克力工房品嚐甜點，接著參觀都鐸式的老英格蘭莊園，中午在清境園區主題餐廳自行用餐，下午遊覽熱鬧的清境商圈，再去高空景觀步道享受綠草如茵的群山美景，假日更能在青青草原觀看經典綿羊秀，8小時輕鬆搭車遊訪清境農場，感受清境的悠閒步調！', '・全程皆以走動方式進行請考量自身行動能力與體能負荷。\n・戶外活動請自備遮陽防曬用品以及水分補充。\n・請準時抵達，逾時不候。', '集合地點:7:30台北車站', '出發 7 – 14 天取消行程，退費用的40% \n出發 7 天以內取消行程，恕無法退款。', '4', '0000-00-00 00:00:00'),
(23, 'T23', '台中霧峰林家宮保第園區', 'T23_1S.jpg', 'T23_1.jpg', 2, 2, '1', 10, 2, 4000, '', '了解霧峰林家對台灣的貢獻', '行程時間:一日遊\n\n途經地點:\n霧峰林家宮保第園區', '霧峰林家宮保第園區', '・全程皆以走動方式進行請考量自身行動能力與體能負荷。\n・戶外活動請自備遮陽防曬用品以及水分補充。\n・請準時抵達，逾時不候。', '集合地點:7:30台北車站', '出發 7 – 14 天取消行程，退費用的40% \n出發 7 天以內取消行程，恕無法退款。', '4', '0000-00-00 00:00:00'),
(24, 'T24', '南投杉林溪一日遊', 'T24_1S.jpg', 'T24_1.jpg', 2, 1, '1', 10, 2, 4000, '', '漫步南投杉林溪間', '行程時間:一日遊\n\n途經地點:\n杉林溪\n松瀧岩\n孟宗竹林\n妖怪村', '杉林溪森林渡假園區的對外交通，主要是仰賴杉林溪公路聯絡。杉林溪公路全長十七公里，途中的「生肖彎」，為每繞一百八十度的彎道，即分別以十二生肖來命名。每轉一個彎，視野便更佳延伸，也形成此段公路的一大特色', '・全程皆以走動方式進行請考量自身行動能力與體能負荷。\n・戶外活動請自備遮陽防曬用品以及水分補充。\n・請準時抵達，逾時不候。', '集合地點:7:30台北車站', '出發 7 – 14 天取消行程，退費用的40% \n出發 7 天以內取消行程，恕無法退款。', '5', '0000-00-00 00:00:00'),
(25, 'T25', '森渼原豪華露營體驗', 'T25_1S.jpg', 'T25_1.jpg', 2, 1, '2', 10, 2, 5000, '', '舒適寬敞的野趣露營環境', '行程時間:兩天一夜\n\n途經地點:\n杉林溪\n松瀧岩\n孟宗竹林\n妖怪村', '入住懶人豪華露營提供絕美丹麥精靈帳、神殿帳，享受星級飯店同規格寢具住宿', '・全程皆以走動方式進行請考量自身行動能力與體能負荷。\n・戶外活動請自備遮陽防曬用品以及水分補充。\n・請準時抵達，逾時不候。', '集合地點:7:30台北車站', '出發 7 – 14 天取消行程，退費用的40% \n出發 7 天以內取消行程，恕無法退款。', '5', '0000-00-00 00:00:00'),
(26, 'T26', '台南文化景點', 'T026_1S.jpg', 'T026_1.jpg,T026_2.jpg', 3, 2, '2', 10, 2, 5000, '', '暢遊台南文化', '行程時間:兩天一夜\n\n途經地點:\n鹿耳門聖母廟\n四草綠色隧道\n安平樹屋\n夕遊出張所\n藍晒圖文創園區', '行程時間:兩天一夜\n\n途經地點:\n鹿耳門聖母廟\n四草綠色隧道\n安平樹屋\n夕遊出張所\n藍晒圖文創園區', '・全程皆以走動方式進行請考量自身行動能力與體能負荷。\n・戶外活動請自備遮陽防曬用品以及水分補充。\n・請準時抵達，逾時不候。', '集合地點:7:30台北車站', '出發 7 – 14 天取消行程，退費用的40% \n出發 7 天以內取消行程，恕無法退款。', '4', '0000-00-00 00:00:00'),
(27, 'T27', '府城懷舊之旅', 'T027_1S.jpg', 'T027_1.jpg,T027_2.jpg', 3, 2, '2', 10, 2, 3000, '', '穿梭大街小巷認識不一樣的台南', '行程時間:兩天一夜\n\n途經地點:\n300多年歷史的赤崁樓是台南的明星古蹟之一，奠定了台南行政商業中心的位置', '300多年歷史的赤崁樓是台南的明星古蹟之一，奠定了台南行政商業中心的位置', '・全程皆以走動方式進行請考量自身行動能力與體能負荷。\n・戶外活動請自備遮陽防曬用品以及水分補充。\n・請準時抵達，逾時不候。', '集合地點:7:30台北車站', '出發 7 – 14 天取消行程，退費用的40% \n出發 7 天以內取消行程，恕無法退款。', '5', '0000-00-00 00:00:00'),
(28, 'T28', '三峽皇后鎮森林', 'T28_1S.jpg', 'T28_1.jpg', 1, 1, '2', 10, 1, 2500, '', '體驗露營的戶外生活為目標', '行程時間:兩天一夜\n\n途經地點:\n三峽皇后鎮森林', '體驗露營的戶外生活為目標，是露營新手第一選擇\n沙發、客廳、臥室、衛浴設備，是像家一樣幸福的移動城堡 \n所有的餐點，都由管家親自送達您的庭院', '・全程皆以走動方式進行請考量自身行動能力與體能負荷。\n・戶外活動請自備遮陽防曬用品以及水分補充。\n・請準時抵達，逾時不候。', '集合地點:7:30台北車站', '出發 7 – 14 天取消行程，退費用的40% \n出發 7 天以內取消行程，恕無法退款。', '4', '0000-00-00 00:00:00'),
(29, 'T29', '四草綠色隧道', 'T29_1S.jpg', 'T29_1.jpg,T029_2.jpg', 3, 2, '1', 10, 2, 3000, '', '悠遊於四草湖之美', '行程時間:一日遊\n\n途經地點:\n台江', '欣賞濕地生態，賞鳥愛好者的天堂 \n認識沿途養蚵生態捕魚的傳統技法', '・全程皆以走動方式進行請考量自身行動能力與體能負荷。\n・戶外活動請自備遮陽防曬用品以及水分補充。\n・請準時抵達，逾時不候。', '集合地點:7:30台北車站', '出發 7 – 14 天取消行程，退費用的40% \n出發 7 天以內取消行程，恕無法退款。', '3', '0000-00-00 00:00:00'),
(30, 'T30', '新竹綠世界生態農場', 'T30_1S.jpg', 'T30_1.jpg', 1, 1, '1', 20, 1, 2000, '', '透過旅遊讓交友更輕鬆', '行程時間:一日遊\n\n途經地點:\n新竹綠世界生態農場', '綠世界農場很好玩，表演有趣，動物很多，環境規劃完善，很推薦！', '・全程皆以走動方式進行請考量自身行動能力與體能負荷。\n・戶外活動請自備遮陽防曬用品以及水分補充。\n・請準時抵達，逾時不候。', '集合地點:7:30台北車站', '出發 7 – 14 天取消行程，退費用的40% \n出發 7 天以內取消行程，恕無法退款。', '5', '0000-00-00 00:00:00'),
(31, 'T31', '司馬庫斯 & 巨木群步道', 'T31_1S.jpg', 'T31_1.jpg', 1, 1, '1', 20, 3, 3000, '', '透過旅遊讓交友更輕鬆', '行程時間:一日遊\n\n途經地點:\n司馬庫斯 & 巨木群步道', '司馬庫斯的美，值得你每年的四季各去一次', '・全程皆以走動方式進行請考量自身行動能力與體能負荷。\n・戶外活動請自備遮陽防曬用品以及水分補充。\n・請準時抵達，逾時不候。', '集合地點:7:30台北車站', '出發 7 – 14 天取消行程，退費用的40% \n出發 7 天以內取消行程，恕無法退款。', '4', '0000-00-00 00:00:00'),
(32, 'T32', '霞喀羅古道&普天宮月老廟', 'T32_1S.jpg', 'T32_1.jpg', 1, 2, '1', 20, 2, 4000, '', '漫步在霞喀羅古道\n', '行程時間:一日遊\n\n途經地點:\n霞喀羅古道＆內灣老街\n普天宮月老廟', '臥虎藏龍般的竹林「粟園駐在所遺址」 \n光影變幻奇佳的馬鞍駐在所遺址，是拍攝熱點', '・全程皆以走動方式進行請考量自身行動能力與體能負荷。\n・戶外活動請自備遮陽防曬用品以及水分補充。\n・請準時抵達，逾時不候。', '集合地點:7:30台北車站', '出發 7 – 14 天取消行程，退費用的40% \n出發 7 天以內取消行程，恕無法退款。', '5', '0000-00-00 00:00:00'),
(33, 'T33', '綠舞日式主題園區', 'T33_1S.jpg', 'T33_1.jpg', 1, 1, '1', 20, 4, 4000, '', '網美必訪之日式庭園渡假園區', '行程時間:一日遊\n\n途經地點:\n綠舞日式主題園區', '換上日式傳統浴衣，彷彿身處日本京都，參與抹茶體驗課程 \n2021 年 4 月起，引進羊駝、水豚、狐獴、刺蝟等動物，日式園區打造成療癒系動物園', '・全程皆以走動方式進行請考量自身行動能力與體能負荷。\n・戶外活動請自備遮陽防曬用品以及水分補充。\n・請準時抵達，逾時不候。', '集合地點:7:30台北車站', '出發 7 – 14 天取消行程，退費用的40% \n出發 7 天以內取消行程，恕無法退款。', '5', '0000-00-00 00:00:00'),
(34, 'T34', 'DPS夢想實踐者', 'T34_1S.jpg', 'T34_1.jpg', 1, 1, '2', 30, 2, 6000, '', '不可錯過的好地方！', '行程時間:兩天一夜\n\n途經地點:\n溪海口面向東方，風景優美的生態，穩重優雅的水域， 放心玩水、放開玩之好選擇好去處喔！', '水流平穩無浪，安全的體驗水上區域 ・想玩水又害怕水的您，我們這提供您最放心的選擇 ・提供完善的教學訓練以及全套裝備，全程將有專業教練隨隊伴航 ・04:30（朦朧拂曉團）/ 08:30（晨光陽光團） / 14:00 (涼爽下午團)', '・全程皆以走動方式進行請考量自身行動能力與體能負荷。\n・戶外活動請自備遮陽防曬用品以及水分補充。\n・請準時抵達，逾時不候。', '集合地點:7:30台北車站', '出發 7 – 14 天取消行程，退費用的40% \n出發 7 天以內取消行程，恕無法退款。', '5', '0000-00-00 00:00:00'),
(35, 'T35', '宜蘭登山健行', 'T35_1S.jpg', 'T35_1.jpg', 1, 2, '1', 20, 1, 4000, '', '宜蘭 IG 打卡景點', '行程時間:一日遊\n\n途經地點:\n宜蘭抹茶山＆聖母山莊', '宜蘭 IG 打卡景點：抹茶山（臺灣の抹茶冰淇淋山）', '・全程皆以走動方式進行請考量自身行動能力與體能負荷。\n・戶外活動請自備遮陽防曬用品以及水分補充。\n・請準時抵達，逾時不候。', '集合地點:7:30台北車站', '出發 7 – 14 天取消行程，退費用的40% \n出發 7 天以內取消行程，恕無法退款。', '', '0000-00-00 00:00:00'),
(36, 'T36', '啞口天池＆雪山神木步道', 'T36_1S.jpg', 'T36_1.jpg', 2, 2, '2', 30, 2, 5000, '', '交通、專人導覽，一次搞定！', '行程時間:兩天一夜\n\n途經地點:\n啞口天池＆雪山神木步道', '啞口天池＆雪山神木步道', '・全程皆以走動方式進行請考量自身行動能力與體能負荷。\n・戶外活動請自備遮陽防曬用品以及水分補充。\n・請準時抵達，逾時不候。', '集合地點:7:30台北車站', '出發 7 – 14 天取消行程，退費用的40% \n出發 7 天以內取消行程，恕無法退款。', '', '0000-00-00 00:00:00'),
(37, 'T37', '阿里山國家森林遊樂區', 'T37_1S.jpg', 'T37_1.jpg', 3, 2, '2', 10, 3, 4000, '', '門票、專人導覽，一次搞定！', '行程時間:兩天一夜\n\n途經地點:\n嘉義阿里山', '阿里山國家森林遊樂區', '・全程皆以走動方式進行請考量自身行動能力與體能負荷。\n・戶外活動請自備遮陽防曬用品以及水分補充。\n・請準時抵達，逾時不候。', '集合地點:7:30台北車站', '出發 7 – 14 天取消行程，退費用的40% \n出發 7 天以內取消行程，恕無法退款。', '', '0000-00-00 00:00:00'),
(38, 'T38', '優遊吧斯鄒族文化部落', 'T38_1S.jpg', 'T38_1.jpg', 3, 2, '2', 10, 3, 4000, '', '門票、專人導覽，一次搞定！', '行程時間:兩天一夜\n\n途經地點:\n嘉義阿里山', '優遊吧斯鄒族文化部落', '・全程皆以走動方式進行請考量自身行動能力與體能負荷。\n・戶外活動請自備遮陽防曬用品以及水分補充。\n・請準時抵達，逾時不候。', '集合地點:7:30台北車站', '出發 7 – 14 天取消行程，退費用的40% \n出發 7 天以內取消行程，恕無法退款。', '', '0000-00-00 00:00:00'),
(39, 'T39', '台南漁光島', 'T39_1S.jpg', 'T39_1.jpg', 3, 1, '2', 20, 4, 6000, '', '學習觀察水域地形安全', '行程時間:兩天一夜\n\n途經地點:\n專業嚮導帶領，新手也能輕鬆體驗登山健行趣', '海浪上的划行 \n體驗下浪快感 \n乘風破浪', '・全程皆以走動方式進行請考量自身行動能力與體能負荷。\n・戶外活動請自備遮陽防曬用品以及水分補充。\n・請準時抵達，逾時不候。', '集合地點:7:30台北車站', '出發 7 – 14 天取消行程，退費用的40% \n出發 7 天以內取消行程，恕無法退款。', '', '0000-00-00 00:00:00'),
(40, 'T40', '台南安平旗-穿越感受古都', 'T40_1S.jpg', 'T40_1.jpg', 3, 2, '1', 20, 2, 4000, '', '穿旗袍遊古城', '行程時間:一日遊\n\n途經地點:\n台南安平', '現場有專人協助挑選合身旗袍，並提供盤髮服務及扇子等小配件，帶你穿越時空感受古都情懷\n體驗行程款式齊全，也有男士馬褂可挑選，一同融入老城舊瓦的氛圍\n身著復古旗袍遊台南古城，沿街拍下珍貴的影像回憶', '・全程皆以走動方式進行請考量自身行動能力與體能負荷。\n・戶外活動請自備遮陽防曬用品以及水分補充。\n・請準時抵達，逾時不候。', '集合地點:7:30台北車站', '出發 7 – 14 天取消行程，退費用的40% \n出發 7 天以內取消行程，恕無法退款。', '', '0000-00-00 00:00:00'),
(41, 'T41', 'Wooderful life 木育森林\n', 'T41_1S.jpg', 'T41_1.jpg', 3, 1, '1', 30, 2, 5000, '', '打造屬於自己專屬的音樂鈴', '行程時間:一日遊\n\n途經地點:\n高雄駁二', '體驗原木打造的遊樂空間，7 大體驗區，超過 50 種木製設施 \nDIY 區手作、木育場區遊玩，一次享有兩種體驗活動', '・全程皆以走動方式進行請考量自身行動能力與體能負荷。\n・戶外活動請自備遮陽防曬用品以及水分補充。\n・請準時抵達，逾時不候。', '集合地點:7:30台北車站', '出發 7 – 14 天取消行程，退費用的40% \n出發 7 天以內取消行程，恕無法退款。', '', '0000-00-00 00:00:00'),
(42, 'T42', '柴山天雨洞 & 西海岸秘境\n', 'T42_1S.jpg', 'T42_1.jpg', 3, 2, '2', 10, 5, 5000, '', '欣賞美麗海景又能享受登山樂趣', '行程時間:兩天一夜\n\n途經地點:\n柴山阿朗壹古道 \n西海岸秘境', '依山傍海的探索路線，有美麗海景又能享受登山樂趣，此處可看到柴山崩塌地形的證據，也能看到特殊海景，是值得一探的好地方。', '・全程皆以走動方式進行請考量自身行動能力與體能負荷。\n・戶外活動請自備遮陽防曬用品以及水分補充。\n・請準時抵達，逾時不候。', '集合地點:7:30台北車站', '出發 7 – 14 天取消行程，退費用的40% \n出發 7 天以內取消行程，恕無法退款。', '', '0000-00-00 00:00:00'),
(43, 'T43', '星光海陸燒烤', 'T43_1S.jpg', 'T43_1.jpg', 3, 1, '2', 30, 5, 6000, '', '遠離塵囂，享受美食與音樂', '行程時間:兩天一夜\n\n途經地點:\n高雄圓山大飯店', '高雄圓山大飯店', '・全程皆以走動方式進行請考量自身行動能力與體能負荷。\n・戶外活動請自備遮陽防曬用品以及水分補充。\n・請準時抵達，逾時不候。', '集合地點:7:30台北車站', '出發 7 – 14 天取消行程，退費用的40% \n出發 7 天以內取消行程，恕無法退款。', '', '0000-00-00 00:00:00'),
(44, 'T44', '高雄柴山秘境之旅', 'T44_1S.jpg', 'T44_1.jpg', 3, 1, '2', 30, 4, 5000, '', '石灰岩洞穴探險', '行程時間:兩天一夜\n\n途經地點:\n石灰岩洞穴', '石灰岩洞穴', '・全程皆以走動方式進行請考量自身行動能力與體能負荷。\n・戶外活動請自備遮陽防曬用品以及水分補充。\n・請準時抵達，逾時不候。', '集合地點:7:30台北車站', '出發 7 – 14 天取消行程，退費用的40% \n出發 7 天以內取消行程，恕無法退款。', '', '0000-00-00 00:00:00'),
(45, 'T45', '鹿境梅花鹿生態園區', 'T45_1S.jpg', 'T45_1.jpg', 3, 1, '2', 30, 5, 5000, '', '帶你深入認識梅花鹿生態', '行程時間:兩天一夜\n\n途經地點:\n鹿境梅花鹿生態園區 \n城隍廟參拜', '鹿境梅花鹿生態園區 \n城隍廟參拜', '・全程皆以走動方式進行請考量自身行動能力與體能負荷。\n・戶外活動請自備遮陽防曬用品以及水分補充。\n・請準時抵達，逾時不候。', '集合地點:7:30台北車站', '出發 7 – 14 天取消行程，退費用的40% \n出發 7 天以內取消行程，恕無法退款。', '', '0000-00-00 00:00:00'),
(46, 'T46', '萬里桐秘境 SUP 立式划槳+浮潛', 'T46_1S.jpg', 'T46_1.jpg', 3, 1, '2', 30, 4, 6000, '', '最高品質浮潛！', '行程時間:兩天一夜\n\n途經地點:\n墾丁萬里桐秘境', '全程教練陪同、提供飲水、浮潛裝備、水中餵魚、沖洗間設備', '・全程皆以走動方式進行請考量自身行動能力與體能負荷。\n・戶外活動請自備遮陽防曬用品以及水分補充。\n・請準時抵達，逾時不候。', '集合地點:7:30台北車站', '出發 7 – 14 天取消行程，退費用的40% \n出發 7 天以內取消行程，恕無法退款。', '', '0000-00-00 00:00:00'),
(47, 'T47', '雙流國家森林遊樂區', 'T47_1S.jpg', 'T47_1.jpg', 3, 2, '2', 30, 1, 4000, '', '白榕步道龜甲屋遺址', '行程時間:兩天一夜\n\n途經地點:\n雙流國家森林遊樂區', '雙流特別的生態，是在帽子山步道沿線可見的恆春半島代表植物', '・全程皆以走動方式進行請考量自身行動能力與體能負荷。\n・戶外活動請自備遮陽防曬用品以及水分補充。\n・請準時抵達，逾時不候。', '集合地點:7:30台北車站', '出發 7 – 14 天取消行程，退費用的40% \n出發 7 天以內取消行程，恕無法退款。', '', '0000-00-00 00:00:00'),
(48, 'T48', '野馬瞰山森林&雪霸觀霧漫步雲端', 'T48_1S.jpg', 'T48_1.jpg', 2, 1, '2', 30, 3, 6000, '', '一次盡覽雪霸最純淨的自然之美', '行程時間:兩天一夜\n\n途經地點:\n新竹野馬瞰山森林\n雪霸觀霧漫步雲端', '觀霧山莊的霧社櫻王花專業司導帶你抵達雪霸，可以選擇從台北、桃園或新竹出發', '・全程皆以走動方式進行請考量自身行動能力與體能負荷。\n・戶外活動請自備遮陽防曬用品以及水分補充。\n・請準時抵達，逾時不候。', '集合地點:7:30台北車站', '出發 7 – 14 天取消行程，退費用的40% \n出發 7 天以內取消行程，恕無法退款。', '', '0000-00-00 00:00:00'),
(49, 'T49', '浪漫和平島公園一日遊', 'T49_1S.jpg', 'T49_1.jpg', 1, 1, '1', 30, 4, 4000, '', '隨性的在草地野餐，享受悠閒慢活時光', '行程時間:一日遊\n\n途經地點:\n和平島公園', '基隆和平島公園，島上的地形因為受到長期的風化侵蝕與浪濤衝擊，因此形成了蕈狀石、豆腐岩、海蝕洞與海蝕平台等奇特的地質景觀，且海洋與陸地交會之處形成潮間帶，孕育豐富多樣的生命', '・全程皆以走動方式進行請考量自身行動能力與體能負荷。\n・戶外活動請自備遮陽防曬用品以及水分補充。\n・請準時抵達，逾時不候。', '集合地點:7:30台北車站', '出發 7 – 14 天取消行程，退費用的40% \n出發 7 天以內取消行程，恕無法退款。', '', '0000-00-00 00:00:00'),
(50, 'T50', '春室-手工玻璃杯體驗', 'T50_1S.jpg', 'T50_1.jpg', 1, 1, '1', 30, 4, 4000, '', '親手獨一無二的玻璃杯\n', '行程時間:一日遊\n\n途經地點:\n春室 Glass Studio', '春室是一棟座落於新竹公園，相鄰市立動物園，被樹木圍繞著的三層樓概念空間。 從春池本業──回收玻璃出發，春室深信循環經濟與環境共生的價值，', '・全程皆以走動方式進行請考量自身行動能力與體能負荷。\n・戶外活動請自備遮陽防曬用品以及水分補充。\n・請準時抵達，逾時不候。', '集合地點:7:30台北車站', '出發 7 – 14 天取消行程，退費用的40% \n出發 7 天以內取消行程，恕無法退款。', '', '0000-00-00 00:00:00'),
(51, 'T51', '和服浴衣體驗，霞海月老參拜', 'T51_1S.jpg', 'T51_1.jpg', 1, 1, '1', 30, 1, 4000, '', '嚴選的精緻和服浴衣', '行程時間:一日遊\n\n途經地點:\n新北投\n霞海城隍廟', '', '・全程皆以走動方式進行請考量自身行動能力與體能負荷。\n・戶外活動請自備遮陽防曬用品以及水分補充。\n・請準時抵達，逾時不候。', '集合地點:7:30台北車站', '出發 7 – 14 天取消行程，退費用的40% \n出發 7 天以內取消行程，恕無法退款。', '', '0000-00-00 00:00:00'),
(52, 'T52', '曹家花田香', 'T52_1S.jpg', 'T52_1.jpg', 1, 1, '1', 30, 1, 4000, '', '具有復古氛圍的農家面貌', '行程時間:一日遊\n\n途經地點:\n曹家花田香', '', '・全程皆以走動方式進行請考量自身行動能力與體能負荷。\n・戶外活動請自備遮陽防曬用品以及水分補充。\n・請準時抵達，逾時不候。', '集合地點:7:30台北車站', '出發 7 – 14 天取消行程，退費用的40% \n出發 7 天以內取消行程，恕無法退款。', '', '0000-00-00 00:00:00'),
(53, 'T53', '飛牛牧場', 'T53_1S.jpg', 'T53_1.jpg', 1, 1, '2', 20, 5, 6000, '', '享有早餐、星光樂趣體驗等等服務', '行程時間:一日遊\n\n途經地點:\n飛牛牧場', '', '・全程皆以走動方式進行請考量自身行動能力與體能負荷。\n・戶外活動請自備遮陽防曬用品以及水分補充。\n・請準時抵達，逾時不候。', '集合地點:7:30台北車站', '出發 7 – 14 天取消行程，退費用的40% \n出發 7 天以內取消行程，恕無法退款。', '', '0000-00-00 00:00:00'),
(54, 'T54', '小時代寫真館漢服古風寫真攝影', 'T54_1S.jpg', 'T54_1.jpg', 1, 2, '1', 30, 2, 6000, '', '攝影風格強調自然、隨性的抓拍', '行程時間:一日遊\n\n途經地點:\n台北大稻埕', '', '・全程皆以走動方式進行請考量自身行動能力與體能負荷。\n・戶外活動請自備遮陽防曬用品以及水分補充。\n・請準時抵達，逾時不候。', '集合地點:7:30台北車站', '出發 7 – 14 天取消行程，退費用的40% \n出發 7 天以內取消行程，恕無法退款。', '', '0000-00-00 00:00:00'),
(55, 'T55', '桃園觀音草漯沙丘體驗', 'T55_1S.jpg', 'T55_1.jpg', 1, 2, '1', 30, 2, 2000, '', '走訪台版薩哈拉沙漠', '行程時間:一日遊\n\n途經地點:\n版薩哈拉沙漠', '', '・全程皆以走動方式進行請考量自身行動能力與體能負荷。\n・戶外活動請自備遮陽防曬用品以及水分補充。\n・請準時抵達，逾時不候。', '集合地點:7:30台北車站', '出發 7 – 14 天取消行程，退費用的40% \n出發 7 天以內取消行程，恕無法退款。', '', '0000-00-00 00:00:00'),
(56, 'T56', '布拉旦部落＆原住民體驗＆白楊步道水濂洞', 'T56_1S.jpg', 'T56_1.jpg', 4, 1, '2', 20, 10, 5000, '', '步行於太魯閣的白楊步道，以及湧泉傾瀉而下的千年水濂洞', '行程時間:兩天一夜\n\n途經地點:\n布拉旦部落', '', '・全程皆以走動方式進行請考量自身行動能力與體能負荷。\n・戶外活動請自備遮陽防曬用品以及水分補充。\n・請準時抵達，逾時不候。', '集合地點:7:30台北車站', '出發 7 – 14 天取消行程，退費用的40% \n出發 7 天以內取消行程，恕無法退款。', '', '0000-00-00 00:00:00'),
(57, 'T57', '遠雄海洋公園住宿體驗', 'T57_1S.jpg', 'T57_1.jpg', 4, 1, '2', 30, 5, 5000, '', '望著水生動物入睡的獨特體驗', '行程時間:兩天一夜\n\n途經地點:\n遠雄海洋公園', '', '・全程皆以走動方式進行請考量自身行動能力與體能負荷。\n・戶外活動請自備遮陽防曬用品以及水分補充。\n・請準時抵達，逾時不候。', '集合地點:7:30台北車站', '出發 7 – 14 天取消行程，退費用的40% \n出發 7 天以內取消行程，恕無法退款。', '', '0000-00-00 00:00:00'),
(58, 'T58', '池南國家森林遊樂區', 'T58_1S.jpg', 'T58_1.jpg', 4, 2, '2', 30, 2, 5000, '', '想遠離都市塵囂的好選擇', '行程時間:兩天一夜\n\n途經地點:\n池南國家森林遊樂區', '', '・全程皆以走動方式進行請考量自身行動能力與體能負荷。\n・戶外活動請自備遮陽防曬用品以及水分補充。\n・請準時抵達，逾時不候。', '集合地點:7:30台北車站', '出發 7 – 14 天取消行程，退費用的40% \n出發 7 天以內取消行程，恕無法退款。', '', '0000-00-00 00:00:00'),
(59, 'T59', '翡翠谷溯溪冒險體驗', 'T59_1S.jpg', 'T59_1.jpg', 4, 1, '2', 30, 3, 6000, '', '嚴選當天最適合溯溪的秘境溪流', '行程時間:兩天一夜\n\n途經地點:\n池砂婆礑\n三棧南溪\n翡翠谷溯溪冒險體驗', '', '・全程皆以走動方式進行請考量自身行動能力與體能負荷。\n・戶外活動請自備遮陽防曬用品以及水分補充。\n・請準時抵達，逾時不候。', '集合地點:7:30台北車站', '出發 7 – 14 天取消行程，退費用的40% \n出發 7 天以內取消行程，恕無法退款。', '', '0000-00-00 00:00:00'),
(60, 'T60', '鹿野高台慢旅行', 'T60_1S.jpg', 'T60_1.jpg', 4, 1, '2', 20, 2, 6000, '', '透過旅遊讓交友更輕鬆', '行程時間:兩天一夜\n\n途經地點:\n展開鹿野高台慢旅行', '', '・全程皆以走動方式進行請考量自身行動能力與體能負荷。\n・戶外活動請自備遮陽防曬用品以及水分補充。\n・請準時抵達，逾時不候。', '集合地點:7:30台北車站', '', '', '0000-00-00 00:00:00'),
(61, 'T61', '浪漫純樸農村體驗', 'T61_1S.jpg', 'T61_1.jpg', 3, 1, '1', 30, 2, 6000, '', '透過旅遊讓交友更輕鬆', '行程時間:一日遊\n\n途經地點:\n浪漫純樸農村體驗', '', '・全程皆以走動方式進行請考量自身行動能力與體能負荷。\n・戶外活動請自備遮陽防曬用品以及水分補充。\n・請準時抵達，逾時不候。', '集合地點:7:30台北車站', '出發 7 – 14 天取消行程，退費用的40% \n出發 7 天以內取消行程，恕無法退款。', '', '0000-00-00 00:00:00'),
(62, 'T62', '福壽山茶廠-茶品體驗活動', 'T62_1S.jpg', 'T62_1.jpg', 2, 2, '1', 30, 3, 3000, '', '揉出古蹟旅遊香氣', '行程時間:一日遊\n\n途經地點:\n茶品體驗活動', '', '・全程皆以走動方式進行請考量自身行動能力與體能負荷。\n・戶外活動請自備遮陽防曬用品以及水分補充。\n・請準時抵達，逾時不候。', '集合地點:7:30台北車站', '出發 7 – 14 天取消行程，退費用的40% \n出發 7 天以內取消行程，恕無法退款。', '', '0000-00-00 00:00:00'),
(63, 'T63', '柳營尖山埤', 'T63_1S.jpg', 'T63_1.jpg', 3, 2, '1', 30, 5, 4000, '', '暢徉於山林之樂', '行程時間:一日遊\n\n途經地點:\n柳營尖山埤', '', '・全程皆以走動方式進行請考量自身行動能力與體能負荷。\n・戶外活動請自備遮陽防曬用品以及水分補充。\n・請準時抵達，逾時不候。', '集合地點:7:30台北車站', '出發 7 – 14 天取消行程，退費用的40% \n出發 7 天以內取消行程，恕無法退款。', '', '0000-00-00 00:00:00'),
(64, 'T64', '花蓮賞鯨｜多羅滿海洋賞鯨', 'T64_1S.jpg', 'T64_1.jpg', 4, 2, '兩天一夜', 20, 5, 6000, '', '近距離觀賞座頭鯨等海洋生物', '行程時間:兩天一夜\n\n途經地點:\n多羅滿海洋', '', '・全程皆以走動方式進行請考量自身行動能力與體能負荷。\n・戶外活動請自備遮陽防曬用品以及水分補充。\n・請準時抵達，逾時不候。', '集合地點:7:30台北車站', '出發 7 – 14 天取消行程，退費用的40% \n出發 7 天以內取消行程，恕無法退款。', '', '0000-00-00 00:00:00'),
(65, 'T65', '浪漫水湳洞山城美館', 'T65_1S.jpg', 'T65_1.jpg', 1, 1, '1', 20, 2, 2000, '', '透過旅遊讓交友更輕鬆', '行程時間:一日遊\n\n途經地點:\n山城美館', '', '・全程皆以走動方式進行請考量自身行動能力與體能負荷。\n・戶外活動請自備遮陽防曬用品以及水分補充。\n・請準時抵達，逾時不候。', '集合地點:7:30台北車站', '出發 7 – 14 天取消行程，退費用的40% \n出發 7 天以內取消行程，恕無法退款。', '', '0000-00-00 00:00:00'),
(66, 'T66', '漫遊海港山城', 'T66_1S.jpg', 'T66_1.jpg', 1, 1, '1', 30, 5, 2000, '', '透過旅遊讓交友更輕鬆', '行程時間:一日遊\n\n途經地點:\n海港山城', '', '・全程皆以走動方式進行請考量自身行動能力與體能負荷。\n・戶外活動請自備遮陽防曬用品以及水分補充。\n・請準時抵達，逾時不候。', '集合地點:7:30台北車站', '出發 7 – 14 天取消行程，退費用的40% \n出發 7 天以內取消行程，恕無法退款。', '', '0000-00-00 00:00:00'),
(67, 'T67', '巷弄騎乘派對', 'T68_1S.jpg', 'T68_1.jpg', 2, 1, '1', 30, 5, 3000, '', '感受中興新村閒適、療癒氛圍', '行程時間:一日遊\n\n途經地點:\n中興新村', '', '・全程皆以走動方式進行請考量自身行動能力與體能負荷。\n・戶外活動請自備遮陽防曬用品以及水分補充。\n・請準時抵達，逾時不候。', '集合地點:7:30台北車站', '出發 7 – 14 天取消行程，退費用的40% \n出發 7 天以內取消行程，恕無法退款。', '', '0000-00-00 00:00:00'),
(68, 'T68', '日月潭纜車＆遊湖', 'T68_1S.jpg', 'T68_1.jpg', 2, 1, '1', 10, 3, 3000, '', '乘船遊湖，欣賞日月潭湖光山色', '行程時間:一日遊\n\n途經地點:\n日月潭', '', '・全程皆以走動方式進行請考量自身行動能力與體能負荷。\n・戶外活動請自備遮陽防曬用品以及水分補充。\n・請準時抵達，逾時不候。', '集合地點:7:30台北車站', '出發 7 – 14 天取消行程，退費用的40% \n出發 7 天以內取消行程，恕無法退款。', '', '0000-00-00 00:00:00'),
(69, 'T69', '南投清境 － 日月潭', 'T69_1S.jpg', 'T69_1.jpg', 2, 2, '1', 10, 2, 4000, '', '輕鬆出遊無負擔', '行程時間:一日遊\n\n途經地點:\n日月潭', '', '・全程皆以走動方式進行請考量自身行動能力與體能負荷。\n・戶外活動請自備遮陽防曬用品以及水分補充。\n・請準時抵達，逾時不候。', '集合地點:7:30台北車站', '出發 7 – 14 天取消行程，退費用的40% \n出發 7 天以內取消行程，恕無法退款。', '', '0000-00-00 00:00:00'),
(70, 'T70', '合歡山暗空公園觀星體驗', 'T70_1S.jpg', 'T70_1.jpg', 2, 1, '2', 30, 10, 6000, '', '盡情欣賞浩瀚銀河', '行程時間:兩天一夜\n\n途經地點:\n合歡山', '', '・全程皆以走動方式進行請考量自身行動能力與體能負荷。\n・戶外活動請自備遮陽防曬用品以及水分補充。\n・請準時抵達，逾時不候。', '集合地點:7:30台北車站', '出發 7 – 14 天取消行程，退費用的40% \n出發 7 天以內取消行程，恕無法退款。', '', '0000-00-00 00:00:00'),
(71, 'T71', '日月潭sup滑人水上體驗俱樂部', 'T71_1S.jpg', 'T71_1.jpg', 2, 1, '2', 30, 10, 6000, '', '山明水秀、風光明媚', '行程時間:兩天一夜\n\n途經地點:\n日月潭', '', '・全程皆以走動方式進行請考量自身行動能力與體能負荷。\n・戶外活動請自備遮陽防曬用品以及水分補充。\n・請準時抵達，逾時不候。', '集合地點:7:30台北車站', '出發 7 – 14 天取消行程，退費用的40% \n出發 7 天以內取消行程，恕無法退款。', '', '0000-00-00 00:00:00'),
(72, 'T72', '茶鄉鐵道之旅', 'T72_1S.jpg', 'T72_1.jpg', 1, 2, '1', 20, 2, 3000, '', '茶香不只一心二葉', '行程時間:一日遊\n\n途經地點:\n坪林、艋舺、大稻埕', '', '・全程皆以走動方式進行請考量自身行動能力與體能負荷。\n・戶外活動請自備遮陽防曬用品以及水分補充。\n・請準時抵達，逾時不候。', '集合地點:7:30台北車站', '出發 7 – 14 天取消行程，退費用的40% \n出發 7 天以內取消行程，恕無法退款。', '', '0000-00-00 00:00:00'),
(73, 'T73', '笨港信仰之旅', 'T73_1S.jpg', 'T73_1.jpg', 3, 2, '1', 20, 2, 3000, '', '笨港信仰之旅', '行程時間:一日遊\n\n途經地點:\n新港、笨港、虎尾', '', '・全程皆以走動方式進行請考量自身行動能力與體能負荷。\n・戶外活動請自備遮陽防曬用品以及水分補充。\n・請準時抵達，逾時不候。', '集合地點:7:30台北車站', '出發 7 – 14 天取消行程，退費用的40% \n出發 7 天以內取消行程，恕無法退款。', '', '0000-00-00 00:00:00'),
(74, 'T74', '北臺灣淘金之旅', 'T74_1S.jpg', 'T74_1.jpg', 1, 2, '1', 20, 2, 3000, '', '淘不盡的繁華舊夢', '行程時間:一日遊\n\n途經地點:\n金瓜石、九份、基隆', '', '・全程皆以走動方式進行請考量自身行動能力與體能負荷。\n・戶外活動請自備遮陽防曬用品以及水分補充。\n・請準時抵達，逾時不候。', '集合地點:7:30台北車站', '出發 7 – 14 天取消行程，退費用的40% \n出發 7 天以內取消行程，恕無法退款。', '', '0000-00-00 00:00:00'),
(75, 'T75', '山林美學之旅', 'T75_1S.jpg', 'T75_1.jpg', 1, 2, '1', 20, 1, 3000, '', '山神眷顧的百年工藝', '行程時間:一日遊\n\n途經地點:\n銅鑼、三義', '', '・全程皆以走動方式進行請考量自身行動能力與體能負荷。\n・戶外活動請自備遮陽防曬用品以及水分補充。\n・請準時抵達，逾時不候。', '集合地點:7:30台北車站', '出發 7 – 14 天取消行程，退費用的40% \n出發 7 天以內取消行程，恕無法退款。', '', '0000-00-00 00:00:00'),
(76, 'T76', '建築與藝術之旅', 'T76_1S.jpg', 'T76_1.jpg', 2, 2, '1', 20, 3, 3000, '', '精雕細琢的匠人精神', '行程時間:一日遊\n\n途經地點:\n鹿港、霧峰、草屯', '', '・全程皆以走動方式進行請考量自身行動能力與體能負荷。\n・戶外活動請自備遮陽防曬用品以及水分補充。\n・請準時抵達，逾時不候。', '集合地點:7:30台北車站', '出發 7 – 14 天取消行程，退費用的40% \n出發 7 天以內取消行程，恕無法退款。', '', '0000-00-00 00:00:00'),
(77, 'T77', '閩式古都之旅', 'T77_1S.jpg', 'T77_1.jpg', 3, 2, '1', 20, 2, 3000, '', '府城的兼容並蓄', '行程時間:一日遊\n\n途經地點:\n台南', '', '・全程皆以走動方式進行請考量自身行動能力與體能負荷。\n・戶外活動請自備遮陽防曬用品以及水分補充。\n・請準時抵達，逾時不候。', '集合地點:7:30台北車站', '出發 7 – 14 天取消行程，退費用的40% \n出發 7 天以內取消行程，恕無法退款。', '', '0000-00-00 00:00:00'),
(78, 'T78', '六堆客庄之旅', 'T78_1S.jpg', 'T78_1.jpg', 1, 2, '1', 20, 2, 3000, '', '水神滋養的土地', '行程時間:一日遊\n\n途經地點:\n內埔、麟洛、萬巒、美濃', '', '・全程皆以走動方式進行請考量自身行動能力與體能負荷。\n・戶外活動請自備遮陽防曬用品以及水分補充。\n・請準時抵達，逾時不候。', '集合地點:7:30台北車站', '出發 7 – 14 天取消行程，退費用的40% \n出發 7 天以內取消行程，恕無法退款。', '', '0000-00-00 00:00:00'),
(79, 'T79', '眷村懷舊之旅', 'T79_1S.jpg', 'T79_1.jpg', 3, 2, '1', 20, 2, 3000, '', '孕育三軍的搖籃 \n', '行程時間:一日遊\n\n途經地點:\n左營、鳳山、岡山\n', '', '・全程皆以走動方式進行請考量自身行動能力與體能負荷。\n・戶外活動請自備遮陽防曬用品以及水分補充。\n・請準時抵達，逾時不候。', '集合地點:7:30台北車站', '出發 7 – 14 天取消行程，退費用的40% \n出發 7 天以內取消行程，恕無法退款。', '', '0000-00-00 00:00:00'),
(80, 'T80', '原民智慧之旅', 'T80_1S.jpg', 'T80_1.jpg', 4, 2, '2', 20, 2, 3000, '', '原民智慧之旅', '行程時間:兩天一夜\n\n途經地點:\n臺東市區、成功、長濱\n', '', '・全程皆以走動方式進行請考量自身行動能力與體能負荷。\n・戶外活動請自備遮陽防曬用品以及水分補充。\n・請準時抵達，逾時不候。', '集合地點:7:30台北車站', '出發 7 – 14 天取消行程，退費用的40% \n出發 7 天以內取消行程，恕無法退款。', '', '0000-00-00 00:00:00'),
(81, 'T81', '淡水輕旅行', 'T81_1S.jpg', 'T81_1.jpg', 1, 1, '1', 20, 3, 2000, '', '來場夏日浪漫小旅行！', '行程時間:一日遊\n\n途經地點:\n淡水\n', '', '・全程皆以走動方式進行請考量自身行動能力與體能負荷。\n・戶外活動請自備遮陽防曬用品以及水分補充。\n・請準時抵達，逾時不候。', '集合地點:7:30台北車站', '出發 7 – 14 天取消行程，退費用的40% \n出發 7 天以內取消行程，恕無法退款。', '', '0000-00-00 00:00:00');

-- --------------------------------------------------------

--
-- 資料表結構 `travel_daytime`
--

CREATE TABLE `travel_daytime` (
  `sid` int(11) NOT NULL,
  `travel_daytime` varchar(255) NOT NULL
) ENGINE=InnoDB DEFAULT CHARSET=utf8mb4;

--
-- 傾印資料表的資料 `travel_daytime`
--

INSERT INTO `travel_daytime` (`sid`, `travel_daytime`) VALUES
(1, '一日遊'),
(2, '兩天一夜');

-- --------------------------------------------------------

--
-- 資料表結構 `travel_kind`
--

CREATE TABLE `travel_kind` (
  `sid` int(11) NOT NULL,
  `travel_kind` varchar(100) NOT NULL
) ENGINE=InnoDB DEFAULT CHARSET=utf8mb4;

--
-- 傾印資料表的資料 `travel_kind`
--

INSERT INTO `travel_kind` (`sid`, `travel_kind`) VALUES
(1, '交友聯誼'),
(2, '文化之旅');

-- --------------------------------------------------------

--
-- 資料表結構 `travel_order`
--

CREATE TABLE `travel_order` (
  `sid` int(11) NOT NULL,
  `id` int(11) NOT NULL,
  `member_id` int(11) NOT NULL,
  `state` varchar(100) DEFAULT NULL,
  `price` varchar(100) DEFAULT NULL,
  `name` varchar(100) DEFAULT NULL,
  `phone` varchar(100) DEFAULT NULL,
  `address_city` varchar(100) DEFAULT NULL,
  `address_region` varchar(100) DEFAULT NULL,
  `address` varchar(255) DEFAULT NULL,
  `payment` varchar(100) DEFAULT NULL,
  `payment_state` varchar(100) DEFAULT NULL,
  `created_at` datetime NOT NULL
) ENGINE=InnoDB DEFAULT CHARSET=utf8mb4;

--
-- 已傾印資料表的索引
--

--
-- 資料表索引 `address`
--
ALTER TABLE `address`
  ADD PRIMARY KEY (`sid`);

--
-- 資料表索引 `draw`
--
ALTER TABLE `draw`
  ADD PRIMARY KEY (`sid`);

--
-- 資料表索引 `fortune`
--
ALTER TABLE `fortune`
  ADD PRIMARY KEY (`sid`);

--
-- 資料表索引 `love`
--
ALTER TABLE `love`
  ADD PRIMARY KEY (`sid`);

--
-- 資料表索引 `member`
--
ALTER TABLE `member`
  ADD PRIMARY KEY (`id`);

--
-- 資料表索引 `product`
--
ALTER TABLE `product`
  ADD PRIMARY KEY (`sid`);

--
-- 資料表索引 `product_category`
--
ALTER TABLE `product_category`
  ADD PRIMARY KEY (`sid`);

--
-- 資料表索引 `product_list`
--
ALTER TABLE `product_list`
  ADD PRIMARY KEY (`sid`);

--
-- 資料表索引 `product_order`
--
ALTER TABLE `product_order`
  ADD PRIMARY KEY (`sid`);

--
-- 資料表索引 `review`
--
ALTER TABLE `review`
  ADD PRIMARY KEY (`sid`);

--
-- 資料表索引 `review_tags`
--
ALTER TABLE `review_tags`
  ADD PRIMARY KEY (`sid`);

--
-- 資料表索引 `temple`
--
ALTER TABLE `temple`
  ADD PRIMARY KEY (`sid`);

--
-- 資料表索引 `travel`
--
ALTER TABLE `travel`
  ADD PRIMARY KEY (`sid`);

--
-- 資料表索引 `travel_daytime`
--
ALTER TABLE `travel_daytime`
  ADD PRIMARY KEY (`sid`);

--
-- 資料表索引 `travel_kind`
--
ALTER TABLE `travel_kind`
  ADD PRIMARY KEY (`sid`);

--
-- 資料表索引 `travel_order`
--
ALTER TABLE `travel_order`
  ADD PRIMARY KEY (`sid`);

--
-- 在傾印的資料表使用自動遞增(AUTO_INCREMENT)
--

--
-- 使用資料表自動遞增(AUTO_INCREMENT) `address`
--
ALTER TABLE `address`
  MODIFY `sid` int(11) NOT NULL AUTO_INCREMENT, AUTO_INCREMENT=72;

--
-- 使用資料表自動遞增(AUTO_INCREMENT) `draw`
--
ALTER TABLE `draw`
  MODIFY `sid` int(11) NOT NULL AUTO_INCREMENT, AUTO_INCREMENT=11;

--
-- 使用資料表自動遞增(AUTO_INCREMENT) `fortune`
--
ALTER TABLE `fortune`
  MODIFY `sid` int(11) NOT NULL AUTO_INCREMENT, AUTO_INCREMENT=10;

--
-- 使用資料表自動遞增(AUTO_INCREMENT) `love`
--
ALTER TABLE `love`
  MODIFY `sid` int(11) NOT NULL AUTO_INCREMENT;

--
-- 使用資料表自動遞增(AUTO_INCREMENT) `member`
--
ALTER TABLE `member`
  MODIFY `id` int(11) NOT NULL AUTO_INCREMENT, AUTO_INCREMENT=18;

--
-- 使用資料表自動遞增(AUTO_INCREMENT) `product`
--
ALTER TABLE `product`
  MODIFY `sid` int(11) NOT NULL AUTO_INCREMENT, AUTO_INCREMENT=84;

--
-- 使用資料表自動遞增(AUTO_INCREMENT) `product_category`
--
ALTER TABLE `product_category`
  MODIFY `sid` int(11) NOT NULL AUTO_INCREMENT, AUTO_INCREMENT=5;

--
-- 使用資料表自動遞增(AUTO_INCREMENT) `product_list`
--
ALTER TABLE `product_list`
  MODIFY `sid` int(11) NOT NULL AUTO_INCREMENT;

--
-- 使用資料表自動遞增(AUTO_INCREMENT) `product_order`
--
ALTER TABLE `product_order`
  MODIFY `sid` int(11) NOT NULL AUTO_INCREMENT;

--
-- 使用資料表自動遞增(AUTO_INCREMENT) `review`
--
ALTER TABLE `review`
  MODIFY `sid` int(11) NOT NULL AUTO_INCREMENT;

--
-- 使用資料表自動遞增(AUTO_INCREMENT) `review_tags`
--
ALTER TABLE `review_tags`
  MODIFY `sid` int(11) NOT NULL AUTO_INCREMENT, AUTO_INCREMENT=6;

--
-- 使用資料表自動遞增(AUTO_INCREMENT) `temple`
--
ALTER TABLE `temple`
  MODIFY `sid` int(11) NOT NULL AUTO_INCREMENT, AUTO_INCREMENT=13;

--
-- 使用資料表自動遞增(AUTO_INCREMENT) `travel`
--
ALTER TABLE `travel`
  MODIFY `sid` int(11) NOT NULL AUTO_INCREMENT, AUTO_INCREMENT=82;

--
-- 使用資料表自動遞增(AUTO_INCREMENT) `travel_daytime`
--
ALTER TABLE `travel_daytime`
  MODIFY `sid` int(11) NOT NULL AUTO_INCREMENT, AUTO_INCREMENT=3;

--
-- 使用資料表自動遞增(AUTO_INCREMENT) `travel_kind`
--
ALTER TABLE `travel_kind`
  MODIFY `sid` int(11) NOT NULL AUTO_INCREMENT, AUTO_INCREMENT=3;

--
-- 使用資料表自動遞增(AUTO_INCREMENT) `travel_order`
--
ALTER TABLE `travel_order`
  MODIFY `sid` int(11) NOT NULL AUTO_INCREMENT;
COMMIT;

/*!40101 SET CHARACTER_SET_CLIENT=@OLD_CHARACTER_SET_CLIENT */;
/*!40101 SET CHARACTER_SET_RESULTS=@OLD_CHARACTER_SET_RESULTS */;
/*!40101 SET COLLATION_CONNECTION=@OLD_COLLATION_CONNECTION */;
