-- phpMyAdmin SQL Dump
-- version 5.2.0
-- https://www.phpmyadmin.net/
--
-- 主機： localhost
-- 產生時間： 2022 年 10 月 04 日 05:34
-- 伺服器版本： 10.4.21-MariaDB
-- PHP 版本： 8.0.19

SET SQL_MODE = "NO_AUTO_VALUE_ON_ZERO";
START TRANSACTION;
SET time_zone = "+00:00";


/*!40101 SET @OLD_CHARACTER_SET_CLIENT=@@CHARACTER_SET_CLIENT */;
/*!40101 SET @OLD_CHARACTER_SET_RESULTS=@@CHARACTER_SET_RESULTS */;
/*!40101 SET @OLD_COLLATION_CONNECTION=@@COLLATION_CONNECTION */;
/*!40101 SET NAMES utf8mb4 */;

--
-- 資料庫： `meow`
--

-- --------------------------------------------------------

--
-- 資料表結構 `address`
--

CREATE TABLE `address` (
  `sid` int(11) NOT NULL,
  `city` varchar(10) CHARACTER SET utf8 NOT NULL,
  `parent` varchar(10) CHARACTER SET utf8 NOT NULL
) ENGINE=InnoDB DEFAULT CHARSET=utf8mb4;

--
-- 傾印資料表的資料 `address`
--

INSERT INTO `address` (`sid`, `city`, `parent`) VALUES
(1, '北部', '0'),
(2, '中部', '0'),
(3, '南部', '0'),
(4, '東部', '0'),
(5, '臺北市', '1'),
(6, '新北市', '1'),
(7, '基隆市', '1'),
(8, '宜蘭縣', '1'),
(9, '桃園市', '1'),
(10, '新竹市', '1'),
(11, '新竹縣', '1'),
(12, '苗栗縣', '2'),
(13, '彰化縣', '2'),
(14, '臺中市', '2'),
(15, '南投縣', '2'),
(16, '雲林縣', '2'),
(17, '嘉義市', '3'),
(18, '嘉義縣', '3'),
(19, '臺南市', '3'),
(20, '高雄市', '3'),
(21, '屏東縣', '3'),
(22, '花蓮縣', '4'),
(23, '臺東縣', '4'),
(24, '中正區', '5'),
(25, '大同區', '5'),
(26, '中山區', '5'),
(27, '萬華區', '5'),
(28, '信義區', '5'),
(29, '松山區', '5'),
(30, '大安區', '5'),
(31, '南港區', '5'),
(32, '北投區', '5'),
(33, '內湖區', '5'),
(34, '士林區', '5'),
(35, '文山區', '5'),
(36, '板橋區', '6'),
(37, '新莊區', '6'),
(38, '泰山區', '6'),
(39, '林口區', '6'),
(40, '淡水區', '6'),
(41, '金山區', '6'),
(42, '八里區', '6'),
(43, '萬里區', '6'),
(44, '石門區', '6'),
(45, '三芝區', '6'),
(46, '瑞芳區', '6'),
(47, '汐止區', '6'),
(48, '平溪區', '6'),
(49, '貢寮區', '6'),
(50, '雙溪區', '6'),
(51, '深坑區', '6'),
(52, '石碇區', '6'),
(53, '新店區', '6'),
(54, '坪林區', '6'),
(55, '烏來區', '6'),
(56, '中和區', '6'),
(57, '永和區', '6'),
(58, '土城區', '6'),
(59, '三峽區', '6'),
(60, '樹林區', '6'),
(61, '鶯歌區', '6'),
(62, '三重區', '6'),
(63, '蘆洲區', '6'),
(64, '五股區', '6'),
(65, '仁愛區', '7'),
(66, '中正區', '7'),
(67, '信義區', '7'),
(68, '中山區', '7'),
(69, '安樂區', '7'),
(70, '暖暖區', '7'),
(71, '七堵區', '7');

-- --------------------------------------------------------

--
-- 資料表結構 `draw`
--

CREATE TABLE `draw` (
  `sid` int(11) NOT NULL,
  `id` varchar(100) DEFAULT NULL,
  `img` varchar(255) NOT NULL,
  `draw_name` varchar(255) DEFAULT NULL
) ENGINE=InnoDB DEFAULT CHARSET=utf8mb4;

--
-- 傾印資料表的資料 `draw`
--

INSERT INTO `draw` (`sid`, `id`, `img`, `draw_name`) VALUES
(1, 'D01', 'draw09.png', '九'),
(2, 'D02', 'draw12.png', '十二'),
(3, 'D03', 'draw57.png', '五十七'),
(4, 'D04', 'draw63.png', '六十三'),
(5, 'D05', 'draw64.png', '六十四'),
(6, 'D06', 'draw74.png', '七十四'),
(7, 'D07', 'draw75.png', '七十五'),
(8, 'D08', 'draw81.png', '八十一'),
(9, 'D09', 'draw92.png', '九十二'),
(10, 'D10', 'draw95.png', '九十五');

-- --------------------------------------------------------

--
-- 資料表結構 `forturn`
--

CREATE TABLE `forturn` (
  `sid` int(11) NOT NULL,
  `id` varchar(100) DEFAULT NULL,
  `img` varchar(255) NOT NULL
) ENGINE=InnoDB DEFAULT CHARSET=utf8mb4;

--
-- 傾印資料表的資料 `forturn`
--

INSERT INTO `forturn` (`sid`, `id`, `img`) VALUES
(1, 'F01', 'fortune01.jpg'),
(2, 'F02', 'fortune02.jpg'),
(3, 'F03', 'fortune03.jpg'),
(4, 'F04', 'fortune04.jpg'),
(5, 'F05', 'fortune05.jpg'),
(6, 'F06', 'fortune06.jpg'),
(7, 'F07', 'fortune07.jpg'),
(8, 'F08', 'fortune08.jpg'),
(9, 'F09', 'fortune09.jpg');

-- --------------------------------------------------------

--
-- 資料表結構 `love`
--

CREATE TABLE `love` (
  `sid` int(11) NOT NULL,
  `member_id` int(11) NOT NULL,
  `target_type` int(11) DEFAULT NULL,
  `collect_sid` int(11) NOT NULL,
  `created_at` datetime NOT NULL
) ENGINE=InnoDB DEFAULT CHARSET=utf8mb4;

--
-- 傾印資料表的資料 `love`
--

INSERT INTO `love` (`sid`, `member_id`, `target_type`, `collect_sid`, `created_at`) VALUES
(7, 16, 2, 3, '2022-09-26 17:18:00'),
(8, 16, 2, 10, '2022-09-27 17:18:00'),
(9, 16, 2, 8, '2022-09-28 17:18:00'),
(10, 16, 2, 27, '2022-09-29 17:18:00'),
(16, 16, 4, 1, '2022-10-05 17:18:00'),
(17, 16, 4, 2, '2022-10-06 17:18:00'),
(25, 16, 1, 74, '2022-09-29 20:49:07'),
(26, 16, 1, 32, '2022-09-29 20:51:09'),
(27, 16, 1, 38, '2022-09-29 20:51:12'),
(28, 16, 1, 37, '2022-09-29 20:51:13'),
(29, 16, 1, 43, '2022-09-29 20:51:17'),
(30, 16, 1, 47, '2022-09-29 20:51:21'),
(31, 16, 1, 50, '2022-09-29 20:51:26'),
(32, 16, 1, 52, '2022-09-29 20:51:31'),
(35, 16, 3, 5, '2022-09-30 18:20:11'),
(36, 16, 3, 1, '2022-09-30 18:33:28');

-- --------------------------------------------------------

--
-- 資料表結構 `love_type`
--

CREATE TABLE `love_type` (
  `sid` int(11) NOT NULL,
  `name` varchar(100) NOT NULL
) ENGINE=InnoDB DEFAULT CHARSET=utf8mb4;

--
-- 傾印資料表的資料 `love_type`
--

INSERT INTO `love_type` (`sid`, `name`) VALUES
(1, '商品'),
(2, '行程'),
(3, '詩籤'),
(4, '運勢');

-- --------------------------------------------------------

--
-- 資料表結構 `member`
--

CREATE TABLE `member` (
  `id` int(11) NOT NULL,
  `email` varchar(255) CHARACTER SET utf8 NOT NULL,
  `password` varchar(255) CHARACTER SET utf8 NOT NULL,
  `picture` mediumtext CHARACTER SET utf8 DEFAULT current_timestamp(),
  `name` varchar(50) CHARACTER SET utf8 DEFAULT NULL,
  `mobile` varchar(50) CHARACTER SET utf8 DEFAULT NULL,
  `birthday` date DEFAULT NULL,
  `address_city` int(11) DEFAULT NULL,
  `address_region` int(11) DEFAULT NULL,
  `address` varchar(50) CHARACTER SET utf8 DEFAULT NULL,
  `created_at` datetime NOT NULL
) ENGINE=InnoDB DEFAULT CHARSET=utf8mb4;

--
-- 傾印資料表的資料 `member`
--

INSERT INTO `member` (`id`, `email`, `password`, `picture`, `name`, `mobile`, `birthday`, `address_city`, `address_region`, `address`, `created_at`) VALUES
(16, '999@g.com', '$2y$10$hJac1zSHn48byz.MB5xbY.qaH5RDlEjVUIaS/NZVngMGxJg0n.Ul.', 'data:image/png;base64,iVBORw0KGgoAAAANSUhEUgAAAPAAAADeCAYAAAAD843UAACgUklEQVR42uz9d5xc133fD7/PuWX67Oxsxe5i0ReFAAgSBDspkiIpiiqU1WVZtmXZsRPHdpTEdiQ/eRI/dqwktpOf4zjNjmwnsWJbbpLc1CmJYicIgiR6r4vdxbZpd+6955znj3tn5s4CiZ1fVAByvnjtC1tm787MvZ/77Z8P9KxnPetZz3rWs571rGc961nPetaznvWsZz3rWc961rOe9axnPetZz3rWs571rGc961nPetaznvWsZz3rWc961rOe9axnPetZz3rWs571rGc961nPetazb7mJ3lvwf2e7CiX35crSmMIUpRDbQAwCZNMOw31ZCmkH25JkUg7GGGaW6lyYr3r1pn/EGBYBDSwC53rvZs96AP7OWBaYAiZtIUbXjPTdsW3N0GjadXcZrNF8xiafdujPp8inHSwpyKYdtDbMLTe4tNjw/Ka//3K1MXfk3Lw+enF+OgjVXwGHgAO9t7dnPQB/i+2mQsk+Vq9OVLW6d3Ko76ad60a2rx8rj430ZYpDgwPDGycH3IFsGtdxyKUsHKmwBUgBQoAlBQYIQo3nKxarDeYrDU5eqnL8/Kx/cb5y6rkjFw+8dPLSNzHm+fF0Zu+gk6rvqyyGvXe/Zz0A/7+0qWy+dKRenbKkeNtQMXfrTRtXTT1y2+bRW3esSw/35ShlHNxUCmFZmFCBMWAU6BClQoxWYMAYDQikBCEEQgikEIQa/CBkvtLg1dNz4TOHzi8/c+jcqf0nZ45UGs2vhkr/CTDXOxM96wH4/9zudaT8gfGhvpvfceeWtTdtGi/dvG0NI+UCGdvGmOgNNBi0BmMMRmsMJgJwqBBoMApjTHxIg0EgpUDE3lkKCUAYapZqHofOzvMnTx4K//LZo9PTC9U/Az4HfB3weqekZz0A/802CvyUQLzz+x7YPvG+B3Zlb9m1kXzKQShNEBqMNp03UURvo9YaIUQEYh1gjEErhTAhOvbAIoJ37IXj3+0cCq01jaZieqHGi8en+avnjlWfePXs3Hy18dmUEP/W0/pU7/T0rAfgq9ievrL7wtL8LQb+6U0bVt35s++/t/jGW7eQS7v4oUFHbjYCohCRB47fwcjBmjYI0QHGgFYK0DGIWx4bBKYN4qSZ2BPXvJCKF1KpNfnay6f55OdfrF+Yr5xoBuHbgB6Ie9YDcMIkMGxJ8XeHS/kfev8bbhj7iffcIyeGylRrdYR0IqTGYbBIoK4F3Nb3jImArrWOwmYdglEIo9DGtI8RHSdxrPZ/AmMMnq9YqvksN0KyruTE9AK/8ulv6meOXDimtHkP8ErcgurZ69is3luALYTYU0i7/+LRPZu+/5c+/MaB73/0dlFISaqeQWSKyHQOY0AaBSICWTubjQtSCTS3QW6MAaNByOg3jMYIER1DCKTo3EeFiD07IGVU4AJQSrFQCxjuz/PArg3i+IX5/un56gOh1s8DF+gKwHvWA/Dry9K2JR8YKeV/4T333vCmn/vQvc7uLRP4xiVMl7GKI1i5MsLNISwnAqMKwBhE0hO3YumEF46w3PpaI4jBHMfJ0e8mwC9EIhzqVKmVAT/U1L2QbMrmrhvWiPOzS+Uzs0s3GW323lgoTU/7Xg/EPQC/7iybcqw3TQ6Vfv4HHt5120ffdQfDA/00yKOLY5AtI90MwnIQ0oLYo5qwiWwBsQXYZCEr9sLtqnM7bDbt70UPjQpa7ZBc0AVgiABsjEFpQ6Ci/nEuZbN2pCSOXZgfnFmsj9dU+FRT68XepdwD8OvK87q29Za1I6Vf+MGHb9r5I2/ZTV+xgHJLyOIwwskiEGgTVZUlMgKwX8cEjQh4Ce/bAqRJ5LhGm3beHD1eximrboPUJMLtxP2g7YGFiEAeAdgQKo0fagb7sowPFKyDZy/3XarUG8aYl3stph6AXxeWsyw3MOaxob7cP//Bh2/a9sOP7qaQzxG6fYjCENjpdjjcqltFrSGF8WuYwEOYZO0o8pat3Fi3wmfTSk5b3lfHIbTpgLTVTqJV2e4GcAvUxhiC0NAMo0JYGBpG+nOkU3b++MX58Uq9eTZv20d9rVXvku4B+DVtoTEP5dLuv3zrbZu2/oN33UZ/IUdgFZC5QXCyiVy0k5tKIVCBh2hWIGx2ACxEPJbR+dwYE3nu1h80Kur8msj7tiLrTjupBVYT3zQ6NwODIS5/EcTeN1AaFf/maH+ehapXOnVpUTSC8EUDl3uXdA/Ar13va9slacnfeNvtU7t/+r13MjFQJJAZrMIwIl2Ict0VYW3kAjWmWQOvAjq48jGJnNcY0wmPdRiDN/bECc8t6BxetDx+++/Ffj3hkYNQEyhDM1AoE+Xa2ZRDLuXIo+cv919eapzcWeh7Zdr3el64B+DXnu0plt2zzcb/5+4bVr/nEz/0gLVxrIwXgsgNIHL9UY5qOnPKmHhiCkD56MYyNKtdjXMRg84YE3liA1q3fHIE2Li0Fc1HxyF1y8dLkShoyRaIE6Us0QrAQakIwJ6vUYl+dF82xWLNKxyfXnDPVmv7DFzqXdavH5Ovlxf6/PL83ykXMj/8sffd5W6eKNPwArBcLDeNkFbsOQ1d6GlZ4IFfh3g4o/WhtW5XnQGMIO7nGtAqDqk16NaSw9WeWZz7JqrVnd5y5znYtkQKcO3OKQtCTcp1ufOGSTasKt+qMfcC+d5l3QPwa812Ah/68bfeUr5n11pqDR+EwHKznbw3Dm/NivKUDpvo2mV0s4E2OgZuYqIqWXXWKlFbjh5jVBAvOHQebrpuEGZFUB09aOUNRQBCCmzb6jppvlJMDpW4fetEabiUezMw2busewB+LdmoY1s/94H7tu/80cdukc1mgDYGadngpCDOe6VojT3G4DGgVYCqLaIa1SgPjkNk4oUEE/d9ldIIo9oeNJqD1nG+3AG6ToTPK518C6ZJcGtt2q0pSwpStsSWYFud8UttDI5jcefWCblhtP9mAbfGhAM96wH4NWHvvHvb6nv/+fe/Id2XcQlDjRASKS2k7SJMDL6W84snrbTyUbVFzPJMG9SdQlUELq2i1pBEteGnVLTwIE2IMa0KdcLHihX+VogrfpYcyWzdAKQQuLaFACxpJULuKJQeLheZHO0fzmfcN9giovXpWQ/A17vdWsymPvyjb90zOjFUpOE1QZjYf4KQEiwb0QJay1OGTVR1Hlm9BKqJUX7XQVtgFigk8ZhkfADbEtgiRAiBFW3vd/q98Q5wp3hFpwUVt45aXWETe/xQgYpXF1vP0UoeII4CUq7NHVvG5Wh//r1CiFsyluX2Lu8egK9ny6Zs6wfee++27XfumMD3AxI79WitUH4zmm0WrbaPRqgmpraAWZ4hbDba4TI6bIMXoyJQG93xoEaD9iEGuxRRWG5JOsv70BVCR9NbJGarWZEXd5rGBoOUEXhbx0qOcvqB4oY1I9y8aSxbzKf3NJTqhdE9AF+35gLv2LZm6MH337c93Z9xCZVpg6U9GaVDUH5UaPIb6PoCavkSeukCprmEUc3ORlGc20b5rYqxE/9MBxFwWyF2/C8anxRdwbCO21PJkLyF0vmlBrOL9cTjRfsX/VDTDBSWJbGl7LoNGGPwQ0Um7fDonilG+/M/mHLssd7l3QPw9WqT+bTztsfu2Lx+54YRQqXj1b/WTEVUMcZbxtSXMJVZ9PI0enkGVZlD+Y1Ovqt8tIpA2xqHFPF8s9Aq8rrtCnYcWieodujaWuqkuDr+aP2dWtPnuSMXWKh5OI7VDplbu8G1RsDcUoMgDLFk1FZqHazVdvJ8xeRIiXWj/aMpx3o4vpH17DVs9mv0dZW2rh4cvXXLmJ12LIIg7Ew+xaGnEKD9eju/1UqhVdiZZRYgTDSUIYRph9qtnFa2JqdMgmEDMK09YDprg6btdVsg76pigYGLl2ucv1zlnp1rMLoFckO9GVJvhjx14CxPvHKGfDbNtjVDrB4ukc+k4ptTdDilDbmUza1Tq3jm0NkPAZ8E/N5l3vPA143lbdu1LbnxhrUjE2tHy3E71nR1VA0ibgdpTCuE1hHljUF05ZbJopXRiWq0aa8pAAadKB6blqdPrAsbE+0hJY9P2wvDiYuLSMeiv1QgVBptoOaFeL7m5ZMzPH5Kc45xPvnlV/nVP3qST335JS7OLePaEiue15YCmkHI7Vsm2DQ2MJZx7Zt7l3gPwNeVeUplBwuZG9cM960dLKQjfqqEw5NScHmpzgtHL+I6druQpE0n5CXhMZP5aDv8Fq08t7vW1J3RijY9jjYGbVbE0J0EFg0cvzDPxMggIp1HG0GjGeIHmgtzy7y8kOEd3//j/ItP/Esefes7OH+5ov/6heP8/uMvc3FumbRjRZVtIFSG/nyWO7auHrUt+Z49feVeGN0D8PVjoTH2cCmXHx/M2/lcCtuxupYOBIYg1Hzz1XPUmyGWJTth7UpwsQKoiWO0/2+H0J3Ht71+PLV1tcmt9rEELNc8Dp29zKrBfox0CMIo7wXDwbOzrN31MA888AZuu3UnH/8nP83WnXtkvRnwxIEzfO7pQ9QaXgziKKwPtWb3plUMFLOP7FteXN+7zHsAvq5sbKDAUF+Wg6dmOXF+EduSsacVaJmmXC6RsuD0pSUc2+pMPK3gxOj6rBVGJ75njMD8b5gBk1VnVrSQWp/ZlmR+yWOxGTI41A/NOs0gwAALlQbnwhI37bmJUl/UFdq6bTMPPvggBomnLL7+yhmePHguGg21JEIIAmWYGCqxZri0PjB6oneZ9wB8PVl6bKCQPTm9yC9+6ht89D9/gUNnL5NJ2ViOi5XvJ1cqsG7VAAvL9Wje2SQ4qRIbQrKdq4qunLYboq3yVRw0G5EAeCJ0Ft3HEImlfdsSTI0PMljM06h7NAOFY0mOXZjHdwcYGOyLesmA6zjc94a76C/1IYTR8w3N1/af4vzsEraMnoPWhlza4eaNowC9PLgH4OvK/GcOXfB++wv7+frBS+w9W+F/fu0QdT9E2mmE5aBknomhEp4fE64nNoE6ndvOOuEV8xUkua1MJ9BuP3glL1an/yxFpMrQOmioDP2FDN9z9w3YQL3htelzzs4tM7l+B8Vif7t6blkWW7duZvXqjRhtpLRsXj45w4vHpwm1iSbN4tezZfUgjm29Z1ehVOpd6j0AXy+mD5+b0wfPzLHthpv56E/9DE+fqnH03DyOE3lBC02xr8i5yxUqtSAOsRNYa6fDMRgSPSjRlR3TTYWTmE+OuKG7S1tSXBlCG2PIpV02j5fxq0v4TQ8Z82DVRZqhsQnS6XR7+AMgl82xZnItBrDdFDUl2X/yEst1LxZRMwTaMD5QYLgvt/b1tDbaA/BroI6ltPGFFDzw0AO87/t+kPVbbuLcmVlUay836uQyv9ygUm9g21Y7xG1hsE190+rrJpbtjUkOZnSXoFtzzFonoCvEFatHXT/DYEIPFfooDY5j4flNLl5apNkMu0J3AUjLItsXOVVLSmzbYt/xixw5O9cO/b1myHC5jx3rhor7Kov/onep9wB8XZiAQWCir6+fVePrmVjVz8YbbmS56iH9OtpvguUyNpDnvW/YTj6bpumH3XPKQiRqV4YVNByJr3Xb8SbBm6xot2Avup1xfJMw7ZYVGIz20VpjCcHlZY+DJ8+yuHAek6DxMfEyQz7rtG8wtptm3jO8eGIaPwyRUqB01HV+9NYpWwox1bvUewC+5m13sV/alnWLFOLBwaExVo0M4jiCyfEJnrzo4YUKmssYv44lYLAv3Q45zVXqU532U2v6Kt4kStSV23PPbfbJK8tcreq1jnd82yOUCfZLGbPwWFLg2pLlRpOq57NUVQShSXjrqLLdbHZAbUmJBA6cnuHych0ZaxH7vmKwmCUd0Xj0lht6AL627dXqkm1JMSilKLnZHLlCFksKbrp5J5dqhrnFBkI10Y0KoKJF/LZ3TBSiTBeKY7mT6KMFpDZJO1yhd8TVguXWsv+K4wvAliJeMRSkUza5jEMzUHh+SHX5EmHgRc8z/jt+EHLm4qXEcwTbcTgzW+Ho+XlkfLPxQ0VfPivXj/ZPAXf3LvcegK9p87QeVsgdyE5VSgBbpzaQHVzDxdkqjm1FFLFGJzR6Wzlq3AoSJqGe0NIq6lZQEEL8bwP5buGyzvG7ESyi9UAZbRULIUi7Fql4mUEbOHLgFarLy11MHUGgCH0/cXuIwuhKU/PKyWmaQYiUEqUNhWyKdaN9RQEP7SqUelNZPQBf0zYmLPsW20nRbFRo1OtoA2lXMja2hsOnZ3BdK1oJbOWV8RyxJRMhcmK2OAJ5R31wJZMVXd+lLVQmVjJvrBA+k1K0d4VbP7OkaO/76rgCvveFZ3j2ub00m357suv8hUUuT5+Lwm5pozNFVKaIsWzOzi1T8QIs0cm9N6wqu0KIqZON2nDvku8B+FouYLnCcYvWwCiXaw0uXDiPH0SL+OvWbeDJk5eRQnYKSO2NW9PeMJKyA2IRL+XLVoX6KuBdWeRqqwwK2gv4UtAVituWwLZkxNiR+PsdiZYor7WkYG5ujv/0n3+TF146htaGMFTs3bufc+dPYTkpjOUQDK+hsfEWGF3H2cUmlxYb7b+vlWbbmhF7VX9+7VIY9HaEewC+hgEshNT5sh2s300lP8SZsxeo1WoRgKd2cG6uih9E88+s0CQSSY5mEe3irwyTxdX/ZjeYW7JJsRcn9uS2BMsS0TJ+VyW7M4x5tajcTWd47tlv8m9++V/zhS9+gy8/9Sp//dlP0Ww2sW0HoQNUOk8wvBazbhczgcORc3PtoRFjYGKoT26dHMwD5d4l/9qy19w+sMr1Ew6vwV6e5dlnnuX8ucco9/exaeM4Hmnqno9lWQSBThSpOrlpezgjkV+2KsYmGQoLceWSw4qqNSuob7oKW/FcZatKLcRKup3ILDsSF//q45/n5PFD4GQ4d2y/Tmdy0hIGo0Ok30QETcLSCCbXz6Gzczyye0MUjkfcQoyW8/QGOnoe+Jo3Y9lgR/elvc8/xaEjpwhCw8hwP9m+sq7Uo8mrbjZmkShkrXS5sYdsT3ckhjhMAq6JIlUSjB3+KujaII7DeK1Bqc6ucYvY3bElUkSnRxYHULkSx0+d4NCBfQRYUjpO5zXbNsayMY5L/5pNeLlBqn7ElKkx2FJQzmeKAnbuKpR67aQegK9JSxtjJqRXy8pGHVta1KoVPvdnf8ql6WmK+Qy24zC/XI15lUX3EmA8E538rmg73OTSAlfdWhLJUZD2lpLoLB+2NxlEpBOuDKGKVw2BmI02lneAbMoh5VioTAF/fAtqaC2OVKTTmcgrJ4dCpAUyumnVZBqyfSxUG+12lyUEQ33Zcl8ufder1aWeckMvhL4mzQVGUWEeHZHOpVMOf/HZP6SvPMCOHbt46aV9zNw7wA5LdrVyWqGx6AqTRaLIFX9uOqOPJMJrkegLmxXT0mLFHKSJ94OTs80tdUJtoBUbKB0RAah8mXB4Lc7cWYydjXi42rdfG2Onu3Lp0BjWrNuOFqexhEDF0Xp/X16WcuniYs3reeAegK9JC4FFhPBaU0fCyRCEIZ/8rX8fDWroAKUjULX7ui0m5q6cNsG5TBe7K8aQ+N1OENMB8Yrt30TYbbSOJrFgZS2brmJ27LItS2rTNySNm0EVhzGW3Q1gITCpHNm+fgaKaZa8kNDAyOgorncZtBetbhjBSF+WciEzcWpm8XbgVO/S74XQ15TlbTu0hKhK0K4lELk+tCVxJWTyRax0jiDUslJvgnXlyzZdea1p0+x07x+Jbq99tZy5pfcdU1N2Zjg6xxRJzyxEhydL0M6RCymbXC4nVWkE47iE/cOE5TFCJNK2seI2lFssQb4fKQT9GYdcUEEqn5HVq/BCHXtzTX8+zVg5N2kJcc/uYn+vmNXzwNeWVcPQl0JMD8qwums0P1gZ2Mirp1/FhJexjMFNpWgKwZmLc91TUleBckuAzCSW8Vv/taheZXJSwyRyXNFRIezIg5qVjj3x50z7RtCaYUZALpch7brJ6Bi9YTcb163D8mroyxc4t1DBlMfIlfoAg53OYEojBGqRXNamLjuz065jMTHUZ6dcJzvd9GR7E6NnPQBfS5ZLpVjf14+byzM/NMSlSiRaH/SP4Xh1fWquLjFEAx1tDiuRWMJPFq46gBVXURNs/VYrh23ly0Z0RL47At9xyCNanr0b0K0psFaoPVhIM9gXzXJrwJGCNZunWJVxyEyfpD6+lvnLS1Rzg53w24BOZdn30gHuywyQEk6bJldKyVBfjrRjlWdq3ihwrnf590Loa84Wlxc5P3cJvzyEWLMF3BTGsvEntmKt3iqV0hil4oJVR0mBBOF6Nw2t6VZBSC7wt+LlhOiZSawltotYAoxYeZxOL1iIWO8oPqbWhr5cmsnBAlkRkcmvLuUYz7ogLRrjG2lMTKEmpnAKRaS0ENLCbzQQs2fxzh4h8LwuITWBIJNyMLA2MGZ779LveeBr0vzKIhdnL5D1fexV69CT2wm0JiwNIfwGzfAwWpto0iqhCEqC+cYkqsFtjuguL9zxxiLmkhZ0C5BhWkoQ8fdb4I7Y39uFMyki3d8kukOlcR2L4YJF7vwcfnmcsVIBKTv3WyEttOWwVG1QkE1SlTlK/gI3ZS7zll3rKWRcdOs5x6F8PpMi7ViDPQ3hHoCvydeSz6bLKdfKyuoCBd9jcHCY0xtuxAtNe+jfQUaASS7iJzwoKwLljnRJ2/8m+sKdklbXnHTcTzaJnWLTNSdtMCaxzLDCN4cKHBvWjpQYeOk0img5oZUvp1MuvvFpLF7GnDqCFSyyI1fngQ197Fy7hmw6Umxoj3UaUEqTz7j05VLupcWaq43pXf09AF9TVhruy9512+axknArTB87RLhqIzqVAdNsQ9Kx5YoakunQ6CSJ6NojlAlS+IRHXVm/agO7NXZpTAfa7UNGj4kcqWgvSSThG1HcRqH8hlVlhvXLnKrXuNwMWZfP0vCaXLg8z8KJIzjHX2ZPpsqeDf3sXj8Zj0sK/Lj6nFSY0AbyGZeR/hxHzs/3rvwegK85yw4W02sfvXXKlZbFv//GExw/dZqgNAHtYYeWoGCSfL2LV7J93QvMii6RaHvgKwvYokMGQHIopBVcd5O6d5HbieSUVufm4PshE0MFtk/2s/fIXs5YDtlLNunqnB7Uy3J3qsnGW/NMja2mP59FCEmgYgG29nhnS74lOm7KsenPZ12glLftdDUMvR4EegD+rtuuQkkerVWGM64zsW60j6mJMkYrPvXUUZ56+TDV/klUaRSMoeJ1tL50B70JH9qBHckFg3iCo50Fi6tsBrdE0cSKspcQbWB159DdxzLt5xGxUrqOxbvu3kqgD1GRh1ifKbBpIis3DA9SLmSQQrJcD6h6IWGouoHbeo2YNoAd26Ivn7alFP31MMwCPQD3APzdt5crS+mUa9+az7g7R/qyWELw0M1r2bVhmH0Hz/Li+UVevjTNoshy1w2rIR5uSDSPuvLVdlMoUY2Wsmvzr71BtBKSxph4nFnEo5fd01giifQEyE1CarSFwSBUbF49wM++9zYwBteWrUoy1UbAzEKD5XrQ9XvJm4lOMPkYwBKCtGOlhRDrNYwCvVi6B+DvvimMPdiXGdk6OZgtFdL4ocIYw6r+HBN3beFN2rDc8AmNpJyzqXnBCvK5RDYrOrlv9GU0tNEpZIkrZMw6t4EVKGqF0XEBKrmwv9JrX+3LSBFRk3NthIxy5maguLzcZKHapOmrFfl84pPWczXdz1JrI5XSxR7JXQ/A14wVLHvUtuQjW1YPkE7ZVGpNjDEEoUJJgRSSUjbdDptbdDXdsOlGQSd3bfFgmSt2j8zK3239tD3BlciJW+A0ZiXuk7Mh8e/SNS1miPL2uh9wYd6jlkgD2rWzji9PHHMF26aQCOlgDPZrWBu6B+DrqnJlWVJbYqKUy9yydfVQO6dM9mx1Qhmw+2et8FW0JUO7PKEQWHYKo/0ur9oqT7XRmhj+aO0Gd4mlic7jjTBtkJpkLm0MQkiERffxMUgEfqBYrAVopbCkRCl95bYTIBGRPnGCb7o10imFIJdxtG1LLwhVL//tAfi7b3Wl5GQ5P3b3jrVy09rVNIIAIS2EUZ1tI0FXPtsqLLWjTQky5msWiXVBO12MHhv4K8Jnwco4uPWlNrozcGGSPrqzOmjaHFjiyuez4vhCiLbCoWtFCoQo1XG/Kxx61fNxHQsnfg66dSwBGIUwYV0p/Wzeto9Vw7CHgIT95JpN6UCaMV/o8IXZ+XP7KovX/Lz4dT9KKcCVUjy0bc0wVd/H85r4vt8lNGaukBYU7RBXtEnsYs8dA0haFlY2j51gviA5eimS4DUJPeCW94tJAjBtL9i6kYiYq4oVPecIZ908XcTfD5Um1NH/KwdODGDbkkbT55uvnGK+0lrmj28q7eBBYAwecKkahtUeZLstZ9kbB133346l0h/dWegbvB6e83UP4Gwm7aZTqQfWjZRZnl/k5MXLHLswjyVkIrw0bc/WFizrkOlAzOAoO9w32Kk8Ml1ES6fbh3ZEGBLAjQYldHIY5GpTXqabtsckBdRaTaz240X78UprglDjh4pQG7TW8c2mky9bUnDw7BzzlQb5tNMGbit9kFLgh4qZhR5u/5fhqCtLjsX2tODBNYXcnR/fuM3tAfjbbK5jlcrFXD6ftlmq+5ybq3B2ttLWEFpZLUpe+J3+r0jwYkW/J1I5sJw2+Izp9nkt4CoNWieKY0RfW3HxrKvqLEz3amHb63dw3dVfFhF7RzPQ1LyQmhcQhLoNfMuSpByJFLD/5CWePHCWDav6KWRclOkuYAkBi7UGxy7Ma9PdlO4Z8LH1W91CzprcsNoZ3LTWWe+68g1G6Vt/cnLT4J6+suwB+NtkjUbzTtfClZZAaUOjqXjpxCWOXVjAtq02J3PSjLiiPttFLesFiorSOOkVADasUDCMvW8C24JoOeH4xUVePjUb59UkqtdiRbW6+/l0iO1AK0O14TO37DFfbeIFUe865UgyKRspYHaxyuefP8afPHGA8YECO9avQhnRVWmP+QQ4O7PM6dnlqun1f69ipuRKc8d4meJIv8lqiwdkSv6zQsr+3ntKg8UegL9NprTeI43JGh0VhsqFNNMLVf7bl/Zz9Pw8ti2x21MYyTlmcVU+Zte2uDBX4bc/8zVOnr+IsKwuInhjonll1RIpo3sLQkqoNnx+94sv85V9p1DKtItayQWJFWvCndw3/ggDxXylyfSix3LdxwAZ1yKXdmg0ffafuMgfPP4yv/Znz/BnTx5iarzMo7duIuU6hLo7TyYuhJ2ZWaTaCI6lpNzXA+wK+BqRlujRtFCM5mHjhszOyU25B3MF+0OulNs/vnGb3QPwt6OIJcSrTU29RQLXl89w343rqXkhv/GZ5/jzp4+yXG+Scm1sS0YzzskoVpiurSQDFHIu585c5PHHn4Gg0S4Ka92tLmgwXE2O0A8U60ZL3H3DBLYl0Lo1n2xWVMPjneGYZkfGz6HeDJmr+CzWo4ET17bwg4CT52f49Ndf4ZNfPcY3zlqcZZxjl0NWjwxw7/ZJCplUu8iVSNWxpKDhBxy9MO/5QXhoa654rAfZK4qh0pG4jjD09Re48+5N3HHTIMWU2CIMtxul3/2xdVvfcc3l7df9Gy/lV+aXa16l3sjmM2kCpdk8McRIf55nDp7j018/yJMHzvHYnZvZtX6IXMbFDzRaaXQrqBUdYPqBYrCY4cfeejNBqAlqyzGDhkksHayoZicjAmMoZFzedfdm8hm3XUVuT2HFj5crrp5WWO4FiqV6wOxyg+n5CicuLnD0wjxNmUXYBdJDO9l55+2sWzvJpYtHOXb4ZTZPDFAq5PCV7t6oikMLW8Kp6XkOn5s7FWj9xX2VxV7/KGEf37DNFsJscYze2WdLtMyTE5q8XGSkRH5+yfqgtMjWK+pJ4M96AP4Wmh+Ec8u1xv4j5+buu2PbGvxQoZSilE3z4E3ruWnjKF976SQf++RXuGPrOA/ftI47blhNPuPi+SEqJlRPkq0LIZgc6sMYg2qxQHYVsVbSy3ZPblmWwHGsFdNecciT6CdrY3AsC60Ny3Wf85drHDo7yysnL3H43DwztZByaphzl2fYec8j/NRP/l36y4OcONekmE9x5PBeZFhj60SJdMqh4avOOKfohFhKG149NcPsUn3aGLO/B9mV4bNxXVdsTGXFRLqUwyDxz55ANhYpZ10szHYhpY0trjkaIvs18ObXG374m1968eR9O9aNknLsqFKrNAiYGCzyPXdt5elD53HX38tXLtb506e+zJ6pMb7nri3kMg5hqDDxDm2LHjbU3eyRRqxg4WgNR4jupYfWo7Q2SEtgCYERHQkVpXXb5Va9gBePX+L5Ixc4fnGBi4tNPOOQk3lGM1vYuXGCsdIQM43L/Pnex9n30v18+Affx8nzJ1lcWuKZZ59j83iZzauH49A5MZtpOhNpzUBx/OL8jOeHf1GynenFMOihdsV9NZ223EI5b8viCMZfRi8vo5uaomPYMmnblz1J3dNuD8Dfegsr9eaXTk4v/KfnD5/7sYdv2chSPWhLlVQbAX25NHfdMMGF+Rr/z6/8Iv/99/+YT/zGr/GFvSd5z703cMfWMcqFFE5Le1etYKWkA1RENKpIsiAlRJS/JmRU2n1ho6NWkzE0fcVC1efI2RmeOHCWg2dmOT1bZaA8xmR2LXeuXs1YeZB8OtcGo9aaqYE13LF2N7/4//1pbUwo3/DgO/jyl7/C7PF9/Mh963EdSdULu4pWradoSTg3u8z+k7Pz2pgnF8PA7+H1Ssu7hr6MG53E+izG05imxQCK8TWKly65nJu+9p73a2KgPVB68ciF+S9+6muvvnOglB++YXKIhh+2PWq9GfKee7bz8d/+az7/+fv50Y/8APfc/TCf/K3/wI//50+yeSTLe+7Zyi2bVrFxop9syiEIQozpKC7oRE4paG0oEc9aRx43VIZQKbQxEaUNUUV6ZqnOsQuL7D12kecPX8QLFP3DE+xadQ/vvnE9xVwBYwxe4KPCkMDvxli9UefONTsoWQX5r/75P+FPPv3HzM2cYttAik2Tq/B8hUhOXLXubEqQTdt88YVj1UuL1T8Hnn7d57sbt0m0lr904lD7jtdQqti0Uvc4g2C8S+iGjwmjlVKJwbHAiiqfsgfgb1sqrP76ldMzP/c7n9/7L37i7bcOrx4p4/khgogPKuM6/Pjb9/CvfuUXkU6KTRs30FfKs3ViIylcfv3PDyLMPnZvGuGx2zdy04YRMim7PWhhW7IdXkeA1QShIgh1u+daa4Z4gWJuqcHF+QoHz1zm+PlFlhsBWqYZzY3z0JbdrBscpb/QhyUldd+jWqt1CO+6qaLbX9fqNbZPruOHCh/g3//1bzE13q+//6F7pTYQ6s7KIm3NYkE2JTg7s8RX95+uAi/2uKDBGLPFtsR9/3D9pj/6NyeOzuwu9kuRZrCUEreus+vYjSWaTQPKilIoR0cDPbaFDoJSD8DfPqsrpb904OzcHZ/fe+L933t/PptJOfhxPFxpBKxfVeZ7dw/yH3/xowR2ntnZWfJOnttuuI83bLmFE/U5LlVm+M2/OspI3ylKRZttk4MMlQqUcw62LcEYlI6qzaEyXK40OHphgarns7DQpNoMafigRI6MlWdqYAsj5SHKhQIFJ2LR8MOAWqPWAapI1LO72XdIEmH6YUBeplm/eowfeXib7M9nWaw3ozzdmDbntIldRTbt8pW9R8PLlcazt/SV/+T5pdf3/MauQklqZR52M9bHLJzHgRllDErovCXNmNYGvynQsW8WjkFmBH52hPSYRrzU7IXQ32Y7tVTxfv0LLxwrgnnkLbdtzo+U8vixl1yqNblr50bWrx7h6Lk5+nNreOrQOZ478RS7197K1vIqNveP4Q1s4fz8JY5fPMfRi0uk3Qr9bkghk0JKQRAXvIyAhbog1DaZ3KAuybxcMzbAUKGPgp1BimicMowr2Q2vEVG9JleAxQqlw1b1WMh4ISIamRQIluo1/nzfl7nvhkG2rRliue530vM2S2bkjdOOxcx8lcf3n1pUofq155fmX/frg1tyhcF0Ru4JmrqotRn8+IatxT+4cKZqpZD5rMAKG4RNDUqCMAgXZKGIcIusC2ZI2aIXQn+77eZi/yv75hd/+U++eah+ueI9+tgdmwfXj5ajtTxtqHkB5UKOe3cUkFKwYVU/f/HsEfad3Mey2cpkeZRMPs3G/CQ72UhKWNQJ8eudym0096xJpV3yboqsk0aK6OQawA98giDoykdbYHWsKCyXKRukwHYcLOfK0yCNYKFRpVqpUJBp/DDg089+nr6+RR7afSe1ZhirGYquCnhrLSLl2nz1yYOcnqs8eXNf/xPPLy287gtV67L5jVtvX7WlUQ3SZw7M/4RXCz93Y7H0KRmKMYnGViGBBuFohG0QmQwiOwZGQXWRbNa2c7adrYVhvQfgb5M9tzwf7ukr731xeeEXvrrv5PG5pdqH33HHlsnbtqyWti3xQ0UQqogETghc1+XNt20mnTrJc6cP09QNNg6sIWW7KDQCmz47g9NfaP8NpTUqsQ/gNb32nEeiWB2FwVJgWxZWysHNZ0i5KZyUi13MtPcY3Wway7a6XsflxVm8msKvWTz/8sscO3mcujrPTz96D7Zt4weqA12TLLCBY0lqjSZPHThLGKr//vzSwuu+8nxjoeQizK0b750YKw6Pkv6jV9994OsnNm7OF7+SF2J3yoo76BJwQKZsRL6MFhZUL2KaCrApWHaxB+BvN4iX5kPg2HKj+e+ePHB2fqHq/dRizVt//43rZDbttqu2UV6pSTkOD+3eyOrhOb78yln2namwa/V2VuVKsTcNCYOwvT+f5KNsf54ggxQCbNvGdh2cQpZMIUeqkCXVl8Nyo+8nVRYQAsu14lw2OujJxRPkRge5dftNPHnkJS5VTvKTb72J4f4iFc9HJnrW3WQA4DoWr5yc4cSlhTN5y36lqnqDVwLcvj77pmIxM7z+ljXkHMWRZ07vCr1wi5Rs6c8YhDRgGYRjI3L9iFQfpjaDqSyD1ghM+bHh8cH/fPb4dA/A3xlbNPA/Dp6ZrdYa/odOTC/e++67t9prRkrUfUUY57J+qJFSsGP9KIWMy589fZxnjz4N625jff8qAhVGQxihuoKJ0iQWEIyBbCaD3ZchU8yTKeSwCxnS+QzStpFWpAohknItCWL4FhillIRhyLFjx8nlyvQ7iu+7fwc716+i6vkdNg/TEXVpbzfHg95f23+apZr37JZM4dRL1cXXJWg/tn5rHhhFipl64A9nJ4vDVn9JCvcyAxuaZAuSZpNiJiU3Dhc0SIHMOohMHyIzFr2pfg0TKECQzVrlsuNMAa9cK6/Reh2cRw84Uqk3Xzo7t+wdPXf59r5civHBPlKO1W4BaW1QyjDYl2Xjqj685hIHzp9mXgV6NDsglkSTRTvENRJHWu1iVPtOaFnkhvvpGxuiNDlC39gQmXKBVC6D7doISyJiryviyS5BYo8xQaGTcl1qoeEvvvCXPP21z3P7qOb2qVGCeF5bxswhIkG417oppF2H2fllPvXV/Ytzy/Vfvtj0XrebR3eWB7e5rvVTbko6WjE2sHHg3VvuKZX7+i5jZapc3Ffl0pnmH/UX5Vu2rzYlYzvgZhGZETQW+HOYWgXjGYRjWAxcLsypp59YmLtm+umvF2bCuobnF6veueeOXvDmlus/eNPGc6Nvu20za0dLpFyHRjNEaxMNWRSyPHrrFHuWauw9cUn+0d7DrN58A4+8890c/MaLDNQVKWmh43HNTCpNYfUwhVUDZEs5LDsCbLefpq10aJLeu63iEJnjOEhpcfr0SWbPHeeu9XluXj8IUqBUR6dJmET7qaUvDGRdi+ePnmduub5PafP46zps1kjl6y3aN0WhmcnaVslNBRDWIKNZe2eeF78y/3NCWKPCdSCVRVgjIBxoXMQ0FzGhwihBJmuRtg0YMdSrQn/3bDpU+pdPXlr83KXF2odfOjF93/Y1Qxsfu3Mr29YM4fuKhh/ia4UlJCP9Bd68O8dIn8Uz5y9y8sIljkyfY4PKsHFkAs9vkhsoUhgqU147ipN2kZbVFR4n+e/EVbaXWjG5JSWZTIag4fOZz3+WL37jszx20yruumECS0pCFa0bihW/J0SH3sexJfVmwL6TMzQD9aevd+J2qWCoLOxMzn704mzol4capWyhUw+Y2pknV7B21WoGUoPglEBkwZ+BxgKoEJGSyFAhLUFf5trDzOuRG3g+VPrpar156EQz2Hh+bvlHD5yeefejezYW33zrFAN9Oar1gFBFvWMpJLdtXk25eJkXnvoUF05c4Ewjh9Z3sGPnTsprV5Htz2O7TsyhZ7pmka+i5U2XSKkxSMuiWChw8vxZfvuP/5DTh5/l3bdNsmfzOKGOxjJlkjUk+WraAx+ClGtz7PxlTs8sLvtKfwl4nVefDeVtebl+d7aov7JIXwHSqfhHtZD8iGTTzX3MHvPAKWNwoHkO4y1gvCDqIJRcFB6+lWJ8LIuxljbu6Sunn7tG+urW6/XMGmhIuNhvOV+dqTSeeuboxYG9R6fHvaZvjQ8URCmfwpYCjaAZGgaLOXas7uf2LauwbI8vvfosL1w4zejAKjauX0+xWERIiWPbhGHYRlu74NQhvYolQlPYjkM2m2NmYY7f/+Ln+M1P/hprMgv8nTftYOvkEF6o2zPVIl6YECsQnAR1yrF57sh5vvHy6YV6w/+kMuby6xm+t/cNbl21IfWh294/1JdO2fQPpxhamwUTgNGEizC8uMzagRy2W8Y0z4E3jwl9TGCQrkNqbQkdKIyW2IXVHD61MDImMo8/sTh3tueBv8sWGqMvNr1l4At52376pZPT733p5PSb/viJg3e+ac+m8h3b1qTXjRZJuzZhqPGVIe26vO2OLdy/ax3ffOU0f/XXv8H//MtPsvmG29h58y62Dq2hWMiTSWeRUmLbDkLGSxFxsaxaq3DuzDlenj3PMy8+z4n93+SGkTQ/947trB8bxAs19TgnTzpabUQ7jBYrauGOY4EUXFqs4YfqkK91j34S8H1kEMCt7xsAX4MwqIZAuhDUAlKDWUzVBTUfgzfspCZCIArD2E1BOFsFBINlx15cDK8ZWZqevEZs1TBcBn4L+K1j0wtvP/a5Z9/8p988+MBNG0bHdq0fzW9fN8pwKYttC+pegBSSh3Zv4q4d6zh25iIvHN/LZ377S/wPlaKvVNbpXEn29edZvWYrpb4C9VodYQJqlSrHDr+ia0tzMic9psbLvP+dN7FxVT+BMu3xyCvkz1qkA/GUlmw59DiGvrxcQwqoNXwsKQ+93pUHdxf7JQI7nRYyk43bdiqKOcOZFPZQiGgWMYEHVgbjXcaEYbuVJ2yDlQYxksUig1quAz5DaZU+Znjb31u98en/cPZYtQfga9M+u6dY/sJz8/MbL8xXPvzlF0/euWakb3jTeHn0rm2r3a1rRux82qEZKGxLsm39BNvWT1CpNTh9aYGzc8tyqTbP0twFTl94lWnHJu3a9OfT9GdT3D1pybUjGxks5slkXIyB5XhUs6XE0OL4Mkk4x/zRWhiEEW3JFEtKLi3U+Oq+E7x08hKeH25xHftOPwjPACeA8PUGaCEE0ibrWqKYciSqaQgvKaw+QbBgoUObYMameakMKDrli5jtX8ho+iMrUeUCpl5HzV5kpCzcYka8X/rOU7sKpT/6btMTWT2sXt0uNBshMHNzofQVbcxnTi0sHz5+YWF577GLC0fPXy5eWqylmn4oHdtCCIEfahzLZrhcYMPYADvWjbBn8wS3bR5j96ZV7NowxubVQ6xdVWZ8sI9MKoUyBs8P0SqSY2kxaGit2+DtVLO7SeFXUuUO9eUYKuUo5dP05dJrBwqZt/flUm8oZNxUxQumtDZefL7D+OM1bWPpjFiXzW0eHHTeuWZL2rUCQ/PgMsItEc6mCC5JwnmDbqajt0VVIagibBvpONFknSXJ7pjEpPoQVgO92CAnQ2zbzsxVzaaidl4Ojbkw7Xu6B+Br1C76nq6osAYcvLFQ+tJ0vXHh9NzyhtMzS+OVetOxpWS0nCfl2GgDgdIEShOGOlJMEBIhrLYsSqg0SpmI+hVwbIklZFfMrIxBrZD87SKkvwqIhYDhUp4d60a4ZWoV92yfdG9cNzI6Wi48XMpnHujPpzcHQXhDvRmU4up0HQhe6wBeZfPOtVnjmkpAcKqCVS6gFiXN8yG6EWKw4/aehrCKsOyYUkVhlCa9qR8xWMAueqiFJv7RRfoHXKGsbNlrmHXDIn3x/sGRy08szHk9AF/Dlrfs8jmv8WC5mHnLLVNjtzx661T/vTvXWavKBXKZFJbVXVbSWrNUbbBQ9ah5TQwRR5ZtWVhSxKoREagtIZDx10prQm2uWOpf6XGT32/96VBFEixpx2a4lGPb5CD37Jzkzm2r3Q3j/ZvGyvndw6XcLcawZaHmTQC5rGUt7Sr2exeaDfNaBPCIo9+51vVd0/AJawq7r0gw66Fqy2CVEC2SDWGDiO5nRjoIFUAQkFrrkhpxsHMhumlovLyAbQuGRgcty7bHVDO4wQuMvKNv8OI3F+eWejnwtWdrpRDbcOS7NowWb79vx9r1D+xalx4pF+N8lVjqc4U8qTFUGk3Ozi4zu1hFSkEhm8a1LQKlYwoeTV/OZc+WSdLSijy0oTvvpauS1S1JmqhQt2ahLRkpGLYLXkIwPphjfHAD92ybsKcXa2v3HZ+ZeObAuYdfPHbxxIEzc/ueX1r4K2A/sAhMv5ZOnm8kXlOTbRhwbFTVRjc9aC6APRqPtNURJgR3CNQSIqxjtEZ7mvByiKASkUavyeAMOIRLilS/YfvGQrrgVG5++Wgwen7OjP/jNZv/86+cPnyi54GvDdsG7LEt+TNbJgbed++ONY/88CM3Db1pzwZ7sJinGYuN6bZ2SrcDk1LSl3EZLuUY6svRl0uTSTmEStMMohZRXz7H5EiJ/nw6ArTWqLjdJKC7d5zw7u3+8orQ2rIk2ZRNNmVRzDikXKt9o9Da4NgW5WKGzRMD8ubNq1I71o2MjpXzu0b7czcqbe5arHq3amOaccFr+bXggUtF+50TI8LNFIqYzCqMSmH8JiKoItw86CqoCoTLCKeEEBZCVaKi1YLGLqVJ35BHOgLhCIILIeF8HZkr4dgW/U5FOsL0zVfFpmaT2TvLgwe+uTj3HaPu6HnglaGybRerYfhe17Y+cMOaobG33bpp461bx+2piTKDxSxLVZ+55SaOJaO94ASv9Mo1Q8e2yKZdhkp5pIj4maPBDINjSdKxDErNC2mGqiPrnZiN5n+R97Z3j2OiK0dGLBwpJ5JfSbt2lxaxiUNsojVo+nMp7tw2wU2bVjG7WJs6dHpu6ulD573nDp+/9Wsvn95v4BvAXwKnrvdzqm0bk+oDOYj266A1SjhYBBjvIlrYWCaIgGwUJqhjQo0JIFxsYhohpBykBc5UgeCSh7EzGFXFdQ3rh0IuLcrhiic+MN/w995YKD350neoOv26B/CuQsmdC5rF815jp2XJ9/iwfmq8vO17798x+sieDfbGiQFcKTBa44cG2xJkUxbGaLSWeFpdlSlOCIFjW6Qdwfm5RY6cn+fSQo26H3BpoYYExoeKTE0MccOaEXJph3ozaMuBJpNgsVJXKfa6rYdIKUg7NhnXJp9xyKUskuQvUffJdJHmhaFGCY0jBRMDBSYGCty1Y3X64nKw7ejJC+s/8/Sx+76678SHZ5brX3I0v7s5Vzi1r7J4XbaitEijRS6u3SmwMlhpF1QD06wibTfi8U4FEAYYr47xNUYLgkVDuGyw+qL3OrUmi1kcojmdI1yYQ/SnyTowuag4M2t2NX172wODw8/3APydePFCTL5UWfyIEOLtI6X88C1Tq0oP3rTBvW/XpL1mpA9LRIqHQajRsWCYbUn6cm5UhIqLHo1AJfaNwBKCXMpGqZDPfPMYL03X2LlnD3c/dDMDfRnOXZrjxX0HOHrsJF/54iEGMwd43xu2s2PtCM1A4YWq49HjpX1aLabEGqMQEXF81rFi4TOLbMpCSNlSQ75KrtzZGTYGlDIoQqSQpGyLdQMOG4Y2pu/auWb01ePbh//iuWNbvvDC8be/dHbuz4CvAXuBuWv93HZVCWQ6Qp9aAh2PhzvDEMyA18S4JmKeNCEmqGG8EF2V4IOer6CWQhh3wQKnz0bs3oH/dA3XnCS1oQTa0LfKJz236Dbnfe/VauU71qZ7vQK4CHxvaMx7No8P3PnBN+5077txrdw8OUAx6xI0QwIVEeq0VAlbPtC2JEvVGvOVJumUSybldIFYCkE+bbNYafDfv/oq9cwgP/Lj38vOGzZFq4JCMLVpLQ/cvRulNIePHOc//c5n+Ge/+xXefvsU779/B9mUTc3rcGq1dodbx+/cKKL1wWzKJp+xyaUjAbcWv4+5ylIFxrSJ6UXMJEIsRyp09DpDZcg6krt3Tso7dq7Of98bt2/5/a+++g//4OsHfvLc3PLjwFeBT8ZFr2vSDJDNWm6p5OSLfUUQRbDqYEJ0dRpZSBEGNWRrD9tx0TpEN5sYT6KD+H1ugl52MUogLIOQNrKwDatwEEkad00R4YKuVHGc2hdsW+6b95vfMQC/LopYeduWvtbOkJta5Wn9T7Np55fXjfR//99/+23r/9Xfedh++92bxVg5B9rgNcNI/iTB89pSabCkBAlffekMFxdqbFk9EMexsq0wWEhbnLo4x3/44kFuf+gh/vHf/15GhweoVyt4XgNDNFfdaNTwvAZjq4Z404N3snnrNv78Gy/rZ18+KjaMlhgo5tDaJHSLRVcnybEkhbRDIeNQzLnkMnb0/BJKEm2WDrrkkro2mrpobUVH41gbCMIQozRjAwXx4M3r7XfeucXdNjk0VfH8N9UawfuDUL11LJ15JjRaBZFouLlyX/KqTkPmbLtYdlPDaSGdhlb+t5qz+vvH1/aX+5x3rV6VvXvVYD/IbER2pRuYyiyoZSxCtOchjEFmCgg7j6kuEF7W0IzfCxfSNwzhjlvRHdPeirD6EOIYQtTIbHAxluGVx5fCI88s/6kOxV9/+tK5Wg/A3xpzgYKBrY4lHza2+P21I/0PfvjhXUM//6F7xbvu3UouZVGteTT9IAZMZ89WdFWXo/aM5wfsOzbNUCnH1skBHFvEgBL05VKcnlnivz5+lEe/5y184J0P4zc9vEYjFgOPjm/baYSQYDRes0kY+GxaP84dt+0SLx49zzdfOMCGkSLDfbl4EiuafRZE/eKMY1HMpihmHYoZh7RrdWaj28+/878R3fQ/HQkYseJ78XimSKopRoqNQago5FLcMjXG99yxma2rB0tBqNbPNJp/V2PulVKGWpuUMaYe19bCq0Q9/Y5lPThcyu12XeufG1v+24YO9wShPgic/1ad9I9v3CaRYstgXvzczo3FwWzfIFoZMFXwpqFZQ7pOdGsOArAcRGECY2zU3AxmuROHCxfSu3KkJlyEPQT2ejACE1xE5prYfTanD9b1/s/PP3PphP/rnzh16PB3NA18DQN3ELhFCnHXSDn/1smhvqmbN43aH7hvO7dumyAMQpZrTSLHIRKFoTh7NDHTshCIWMhMCEHNU1S9kFzawbElYOM6Fhg4dHae3/3mCd71fR/g7Q/fzsLCIioM44X+CBx+s4EUFrabwdgOhLGqQ7XOqqESP/OT38+v/5c/4Pe+fpjve8Nm1o2W8cOoz2xLSTYlScWz1bm01QmZ4ysuukl0d5E7vjiuSSdmrBNsPtEFLTqP73jz6H3xvIB6I8C2JG+7czOP7NnIi8cu2Y+/dPLuJw+ev/vUpcUzs0u1v16sek8JeNJAFUhLyI70598x3J+7I+04j+zcMCbXryohhOBz3zxwy5MHz95r4NlvWfisTTqXFncPDWcmx/asQeKwfOAY2q8jgjoyn0KmJeGSB64LdjrKgZuXIVAY03lPBQI7ZSOyKWAriD7gNE4hQIdZfF9z8qla/fiLjSewxXdcd/m6BfCuQsmVEO6tLOr4a3nGq2cXwmBCwPa0Y7+lXMw8uGakNPqee2+wH9y1lsmRIo4lWa400FojpOjUeI24YnDCdF/DSAHz1QbLdZ9Cxm3rI+XSLscvLPB7T53kfT/0A7zrsTeyPDdDLpel6TUjvSSl2y0dP2ggLBtLOmBpVBgiBHjNJkMDffzEj32A//TJP+L3nzjAB+7ZzKbxAYSAtBPlu65jkXJkIkIQK6RMExA0kYg5ppv43bTy5JWyqUZgVkTBbd0lEdH2hEqzVPFwLMltW8fYs2UVF+aqPHf04uTj+07+nVdPz71zeqFyYL7SOJJ27Yn1o6WxPVPjW964e4M7NVZmcGgYW2qeOnRW/8VTB48J2P+tGgP72Pqt0rbExsFh+327HxnOZu8eo/HScYQ3g2gqhNakd4wSXmzEBS4LmcqC8jCVWUzQ0bxqK1DaQJBDuCUMHkIvg2MhM/2ce2mRky9XTni++vKvnjkyc3OhJFvXZA/A/2sbPlyv3NtUeh44APgvV5fWp2zr7qG+7P0TA4W7t68bKe7eNGrfu30NGybKWETV5JqvAIOUsh3StoEqEiLeCSdk2gMTgtnFGnXPp5hNYRDYlqRaqfPJLx3g3sfexXve/Tb86jxuKoVl2aTTaXw/IAhClArRWqG1JvRrWJkSjuOCAW10tGkQhkyMDvD3f+yD/Of/+of82fMH+QcjfawZKbY1mqyYbyt6/rJdaEuGvUnqHYNBCIPo2iIWMU2u6Ux4dXld0WbK7KgfRzcMGXv4IAaybQtGB3K8Y3gzD9+8jjMzy4NPHzx77+Gzl+8tFzM8sGst29cOk0471OpNZmcuMV/x+Nzj++eeOXz+0zsLpa/vq3xr6mFam7RbtD4yeUffnWMPD6FDhXduAV3zITTIwRzuuhz+uToIC5kugFuCoIn2fIyS7eRSGIFMGawciFQOY5qgaxiRRog8Xs3lzAuXFs8f9P7gKwszX//HE1PbzjTr1dNe/cLlwO+1kXK2bXtKTSpjJuNvzQAnBLx/1VDhJzaMDVQf33/qCQmLa4b7bp8c7rv95k1j+Xu2T3DjhtH2hJPf9KM+n5TtK7sVLib7tiQFxhJ4bvlmbQyNZohjy0j4jEj25CsvnGBoaifveNdjaK+GkALbTSGlQloOthNidCQ8rpSKJEdDjWVbpNIZgkCjVRMhonDetm02rV/NR//BR/jVf/Nf+OxzJ/jxt95EIW1HOsCYK3olKyVaOiOXZsVUpml/K/FORBe/aRW4xAq+3KufHyk7/eimHyJQWFKwaaKfqYkyQaiwpcCyLZrNgLn5GpcWGlS8gMvLDQ6fmzsRhuovv5X95XTGenjNDbn33/L+QZyBAO/gcfT5WYxvQFikN/Xjjmawyy74GuOMgbRRwXxrqzB6bXkJ0mD12ci0wARFkHUwHsgSxqRZOFPl9EuLB7y6/soDwyPbcrb10fFU5q9uEwN/8pczF3sA9pTKCikeWT9U+vD60RLTi40zJ6YXnss48gN/9+23rb9h7SqZde2dq4eK9e1rh/Lb1w6xflWZXNohCBX1NofylfPDgisveBI8Ve1rOPbQUggCpbm0WAchyKQcUimHpw6c5ZWqy/f+4PtIWRZGgZQOWJFsitYRYNFhpGgYBBjVoapyUi7ZvIsKfYxWbWFwgWLt6lH+/o//IL/8L/8df/D1w/zoW25Em86wRzu3FWCQcTxs2n3jTnws4pCwU7wioSxhDJg2ZS10OOfFlW9Q4keii9JHxH1ljVI6HjCRBKGh3mxSbQRcrjRZqvtIAS+fvMjLJ2dKQohHhTF3m6joVbeEeH7ITZ2abnr/x3xeH1u/9b6RVe7P3/vhkeGhdWlU3cc/N4+qeAjHwh7Kkp7KYeUk6a0lGt5lQi8d9YYDL1r4j72vsyqNSIFMCUS2AFY+3lKqgczh+yVmTl+av3Tk0uPaEnZ5svhRqxneaxb58kgz3cuBO2DCvfmGtet/8LF7y5X5hV17Xzn+gGtb+fe/YZvMpFxGvu8e2Z/P5ItZF8uSKKWpe0G0/SNEtJctVpDQdPO6xhe26aTDiR+3ckUhBfWmz6mLC6RTNoV8jvOX6/zVvgvsfsu7WTs5DipAWKloMB6JkA7ScugkmwY7pdEqQIcNjI7YDm0njeWk0CoCcaujYsKAG7Zt5Id+5Af4xM//CmsHD/PWu7ZSrTY6c5SJ52+SuDTtwczuIhckE99oFDMGb8sLtwjjRXJ6q7ub3K5Yt6hnIKkQER8rXq2sNALml5tUvAABzFeaPHf4PGtHSxt3rh/+WduSvh9qHSrt+0F44MCZuTMCftvA83/b9tLH1m3daEl+9qa3lXZO7slifIVaDgjON7AKLmIw8r7OSArpgjOcJhjIEJ5roPzFzvVhg120SE3lMaFGuhKZHohj6lw0wyLyeNUm549dnr58OTi7/ubxDwxvKD96+fTCswuz51558TsoZXNNA3h1OutfaDYOzS9WD9mhd+dbdq+x754aKEkgZUvCwGdyuK89URSEYdcl1u5KJoo93eVZk1AzEO2Hihi4LemS1vHqzQAvCJmaHMCS8BdPH2Zw/RbuvPs2HOmjlUFKF4TTDl9b3M+gMbEEqHTSGNvFqFazUSCEgwVoEWJ02M5Nw6bHHXfcwgc+9F5+5dd+Xa8dG5Tb1gxSq3ltuWnR5q+Ngd8uREWvS4qrudHoMUqZNmhJ1AOM6HySrHMZ05Gh6N6MEu20QyTWGyv1gPlKk3oz7Ix+CsOb92zkhrVDdl8uVdbGRFpPlqTRDNb+xmeeC7+87+TFpVpz/9+GSWRPseyi9Nt3vqnvzh3vKENDYXxDeF6DyJK5OYewBKk1WWQuetNkVpK+YR2GJo1Dy2gpEa5BonEnc6Q3FlBLATo3AFYu7q2lQfYhSOMvLzL9wrG0a8s71u0cuTOTT+nTz5w5YoWMPTq8qvrmkVXHPnHsYPh6BLALPALsPNWo9VtSbnzu4JnJ3/nME/S/8za2rB4kVBo/nnzSoeoKiKOCa7ve2mG1SOaAyA64upLJq+SLonVRGpqBQgjByHCZvSdnefF8lQ8+djeDpSwm9EEItPYR0o7u2EndonjOIXLECiFthJ2OAWhFABBWdDORuh3GozWSJu96z1tZrlbkx//r7/Hrf+8hVg+XqDX8diW9JTxuTORRu3yuFEjiqnsCjUa3nk+CsqddC+hOglteuh2RtIpgrWh9RSurC7x+2CVgXsi47NwwRjHrAqBCTTbjopTihVMXOH5xQfqBmvvbet83DA6Pjq9KfeDeDw7ns2mJCQza0+haQGZrBmeVi1FgF6OTaUQWK9PEmirgn81C6CPdIsa1kK7EXVvAWZUBq4A7OIKMp+0AmLYxwwrv1GXOHV6YGN48/tbJnavyp5477lfmareOjKZuryyHX6jV9b/6TvByX2sA/jXbktvXjfRvWT9ayr5h5xp77UjZzmcct5BxGCrmUDGrhbmyZJPIzURXftcFyETZRiTbLFFQmIivWzcEExM0aBYqDQrZFGsHCvzFM4fZdtMt3LhzK6hme+ACITA6bC8TdHYTdJcHNNqPVtekG9d3E79vZFzQinJbo0PStsOHf/iHeOXlA/zyp5/iN37yUVzXJohF11o3nyR4k29Cdw26xXLZXcxqbzqZ1shm52vd6pGLVh85ccxWpVqCbQn8oAPehh92O34DQkiaoWZ22cMYQ8axWag0+MOvv8qX9p2ozizWfscL1Gf/NrzWNxf6pS3FR9bckZ3q35iRqPh9UAI5YOMOOMi0aN+3o5doYywHEXqEiwZhu4h0P0aHyLSHu6aELKQhzCCL6YhVVC+BcGjMG1K1SywfPo20hDu1a6RcXjvMga8dsu9698bty+eX7CMvzH3atIeuX18AXvvW2zff9x9//kelk8mR8haRtcuEsUC31galdRfdKrE/1Qltoatcv4lqbecbRqwAf0dCgaTen4xpbo6cmaNYKnCx0uR0zeaD99xFPmOjQz9q50RXDkJamHZFRBBLB8cgTt54FMRABomhxQEt2546ejISoxVZW/PRn/koP/S+H+a3/nIfH3nLzQRxJGIMCRK87m62brFYmkRm307LV1J/mC4e60g3SreHUZKPN93TImgNKm7R1ZthFDYnMpioIKgRppPKZBybxUqdT37hRb6478QBE+ifd4T4QsOYv9U+shS4BPqB0alM0XIlalEhHRC2wB1ykalOuYBENCbkIKp2lmA6RKQHwBqCXBY5GiDXjmHlK7hKIJ2YKaVSxcprRDPF4vl51OWA4dV5xjcXKI8a3vzRcanm59zP/kq9enHJ2//y4tJ3ZHPrWhul3Ht+dvnWyvzC8PhAwRrNgNdoRB43PgNqhYeRbZCIrl1ZVkbCghUqft393nYaKZLpceeHjUDz9MELrBnu5+xMBWd4NY++6X7SrnVlK8eYRGEnDtfb+amJclXTiiJ0/JGYmxIdoBF77uimEFAeHmZ8Ypzf+dSfsnV8gNXDxYhYwHQKUSR7ujF7pYjbPu34I5nPJhIJgcCy4udgImogZUjk6snHd3rPlhR4fshnnzzMNw+cZ7g/j21Z7YigK/uOT5VtSRZrDX77iy/yF88dfb7hh//AQfxVVYWNv8VMNQDfP7Z2Z1/J+eAbPjgylCtIdBD9ppWKWHLoPo3x1y7kLLx90zReOonIb410mgeKFPdswB0tIcIKwm4i7DTCVFBNkI5D9VgT/9BpLGMYsOZYtUqSWQ1uoc6hry+y/8uLZy7MNT59rFE7e+k7QHYnrzEAHwkD9YHf/Mtnf/an/vX/WPzzb74cStvCde1oG6yVs62sVouktzUrZ6k63sLQVV8mDgLbfU+uzvoohCA0hlBDre5zYq7Bth03UirlukYxu71+a2VPJfLfCJAm1jKK2kat4Y4mxgSx524V16LVwMhDR55ZNGvc/YZ7uP9tj/Hrf/4Cc0t1bMtC6StmyBLDGkkigJXLDR1hNEuCY4t2rmyMaR9XtJWdOmVpHQf+rep1Lp3ips2THJ1e5pNf2Md8pRaPm3buGKKrsRWdUwHkM6kjadeermv1f3RNCsQ2rUxRqbj1V0v08zWYcAV4EWCqmMoy3pFF9LIPQuEUA4q3rcbZMJG4NuoIPQcihOYM/mIVSzcJK2dwwtOsGjTYYhHELDpoMHeshm7q3+1Pufu/U/vA19wyQ2jMYqj0KxcuV87uPXZxsNkMh9aOlp1iPh2H0t0XAF0zRKZNMZO8OMUKTLbaSp1NHNEZwDJXhuFSCpbqPn/59GEuXl6ivGELb3/nmynkUhito79pTFslMPm8klrAbWCJ7ptLxxu38vcV2aqg61gpW7Jm42ae3vsqJ0+eYffGUTqZQSLbTSgYynif+Equj7hSLUV7NLTVMw711UPyTgFBYMmE7IuTYWTNem7fvZWj5+Z4av9xJoeL5DNuJzpIuEMrJhO4e8ckKdfZcXmpPlzx/EOh0pf/tgWsu/uHdvqefnB0Q6o4truAWTZR/9YCIQ3CujoZoPZ86s/OoZZ93NVl0ptWk94xGvFB62mEno1SHGFDpkhwXuM3sgSzPvrUQQibUc4/kMYez7B4scnzn5uvHjlc++2vLsy+9J2imr1Wt5F8YN9C1Xv65ZMz4xfmqqvHBvtSQ6VsZzrqivDPXAXS3SGlWDG5JBLAaI1KklC7FzF2LMvi4twyn37iMEG6j/sffTO33LwdQj/W/BWdwYYVt5R2gUeItij31Tw1phMuI7pvNiKxGtgqWBWKGXKFMn/9lacppQwbRvujAQo6a4cmETpLQVyx5op2kpQCKekCr9L6iminaxDTdN7D1u8pJEZYZLMZpsYHOHTiPGcuLbBmuIRtyfYihZQRO2fKtihkHAYG+9gwPsCRM7M3HLu4YPxAPU+0CPE32j3lobqA+1RdTKy9NS/SjouwNdKme3hlxXURXtbUXpjFzkn6HhgiM3EDZNNgPER4KvLSretKl/BOGsLlIvriDOH0GQg1whE4gznsPoeLz1U49XT18eVl83t/PHv+O0YMeK2vE855fnjgyIX50unpxTWTw8XM6qFi1+zula2gK8GbzHE7uWArF5NX9TDtnJiIDO75wxf49DePMbXtBt79zkcYLBfRKohCXCnj9cBOWJ4cmBAJ70mX2gJdQx7Etd3WIEXS67YTWRFtPkkk/YPDTF9e4rnnXmLrRIm+XCoq5pl2gSc6yVKseJ2iHYW0wR1/v6UKYbrI+kQn1zJ0CbdJKag3Ql46OcO5mQUWFxZZnl/EhD5ZV/LUq2coF7OUi5GckGtLtIGlWoOT0wu8fHKGZw6cDb/43LHqvuOXXp1ZrL2itX7eQOVvc4E8sTA3f/vAoLV40b8xqOvi5jvKQqajGkP7Ji06WU4rSvPPNmgcr5PdXiZ3+xDkNkZ9Xj2DUGdB6Hi1MgtyAO+Cg6op1JnjqKUFjC+QDsisC67NsVeb3skTwR97TfOlJxbm6r1BjlaoAwc8P/jlr+4/WU+71vuL2dTgtslB/FB1PETCJZv/BYC7vfbKQd9OmBvlpqZd9Q40BMqw/+QstdBwww1TrFu9ChNXnltJpiG5hpisfMaeTCcufJOgmjO67SpbAmitPraUNi1V4GhSzIpD9Sjs7i+kefNb3sT/8+pB/vqFU3zf/dsiGqC4D2tZkmzGRRhNqLrrB4bu6ixEihChNomcvrs/LK5SJhBApeHzxKtnOX1pCdexSDs2xhiqDZ+Gr3Di7yFgqVLnyy+d4sXj0+GZmcX52aX6jB+q/Z4fHtRaP9HvuHu395Wrzy/97VuoX5qZ/tTD5ZE1ez97+e+PDNmlbd8zQP+AhQkMidwiesJaxIMrIItZ0luKYFkIkcPoOuh5jPET4X4KGv1obwbmT2Ia0xhfYJRENzVq2ad6os7Sydq5alW9LKT4juolXS8L/XPamKPTC9VBP1Abd60fSeXSTpxXma5RyZU6vOIqrljHAFUq+ghDTTNQNHxFoxlS9UKW6yHLdZ/lRshyvcmfPnmYVN8A/+AnfoCRkQG08jvhbSv3lZ2CjWFl3NZNFStW9LhM2/vSTWyRCFGFkAlPDgZNsVhg2VM89cyLrCmnGS3nEUKwVPP5yr6TKKCcT7epf4zpFKSi556UdImAKhP5uBQdSVMT93+1NgRK0ww01XpAtako5TP0F9LkMqmIvN6yGCnnecOOSSZH+pmv1Dl0dpZPf+OA/tMnD50/cHr2K4vVxu/V/eAPglD9njHmz4FTDa2a/6ck89O+F9w7MHzctoU49nJ9srkc9pVXu+QHHFCmc44UKA+ML1BLAdI2ZLYXwNggh6OClZpG4HXSHWscNZ2jeehVzPJpgtkqxge0wLINdt7m3KwIDx7wvrSwrP/nJ04cvPSdBMb1tE54bLne/N2/fO7YLW+9dWrX3TvXgA4RRnRxPLVMaRMN1utIpkS3+J406BbflY46r6bVXzbx78V0sVobbNtChSGXqz67776VLVPr0IHf5bWTq3xxkzHK1Y3GJNb4TOxtu2azE+OaJjlPbAxKhUitEdJCWvaKdCB6/mlb8uY33sUre/fyuWePMjlaopR1KeZcFqoNPvGpJ9g2OcCNG0bYMNrPcClPypFIERWtWoF7NFJpOgMhpvuGFyqDH0vGhDGAIyWI6Pf6cpmIPlfKduhebzQ5PbPAZ588xMunLnF2Zmnx2MWFPzHGPGUwT2Ys+0Q1DL8l/dJPnDh45uMbt/2yH+iD+z+/8D5vKXz0rg+MMHljGuMZjI52FvSyDZaGlIU9kY1aTcIFPQ/hETCNuPtmiKphAwTVy4SXTqEbdUwz0fKzJdW64MTx5uKFBf1NYYkz32lQXG/7wPOOJevpfBG7OIKpLqD8ejvfM/GF5fmKuh951EDFQmFxNKWMiWeTOwWv1gUnRSfvTNkSKQW5tM2hs1UC6fLgG+9BOg5hu3jV2VxqheMi5qQxcbWtdYNJzIa1VfAiYFsgVZRzmhUz2EZHSoSxN7ZsGQdNnVqy0SHDw328+S0P8e9+9RAvHJnmjbvWkHYt3vOGbaRdh5dPXuLPnjiEJSXD/Xm2rx1iw1iZUi6NY9vxDU+3B2XC+KbXArKJb2wtgEsRcXIBOI6FbUWvxA8VlXqdSwtVTl6cZ//JGU5ML8zPLNZOeM3wD5p+cC7Q+smcbc+EWnvV8FvbafmlYwfmv2d4/Pe3mMIrR5+uLoZ18b1v+MgwE5szqJqJ52YswMLKKUS6Va9wIwYgU0nUSgTGGgaRJpg9hVquoqoB2pMIKy40OoLZZTg3Ez6xFIRf+Penjno9AP/vzd0ztcqeXDOGnSngGA/phEgpUUpR90IavsIPI0+LiKqd7XxBmPbscLK1ZAnRnmQiFharNjxm5iscu7jANw5coDgwxu5d22Pvmxzmb7WBZHu5vnvyyLTHDZM7umblGFPX2GP8fyt51qBMEHliaXUf3xiMCtm9eyfrtu7ga6+8yq1bVpF1bfpzad5+2ya2TgwyX/NYqjU5Nb3Ak6+e5a+eO4ZtSUb786we6mN8sMhgX5aM62Dbdrs9dLWcSxtDMwip1Bo0Q82F+Srn55Y4N7vMiekFFmvehWq9eexyxTvjBeHnjDFHBh332FS+z3t+eSGshd++Fumfzpz3P7Z+6/5mQ//yyf2VvP0p8/Y3fP8wg6U8umGBkhgtsEoWVl5jRBGsMdDLiVoGIEtgTaIbVfwz5wkXFcYXCCsiPLRSBo1k+pKqXl5Qzz1xefbEdwMQ1w2AdxVK2VeqSw9uHB+dLI8Mk8naVBfq7D86zaXFGmdmFrm8FNGkZFNOLNcJKddtC4n5QUAzUBQyafwwEulW2jC3XGOh4uEF0dyuHyouLVY5M7OMF4ShdNKLP/PBDw4ODfej/UabylG0t3IMAt2ZVGr3kq1E/1ckxjgFxkQjl+2wWEpkHNKTGAs17UJX5G1NXDhrDXe0ikzFYo53vuMh/vUvvsSRs5fZvWmUQGlSKYv+vhyWbTPcX2BqYpBao8mZmSUOnZ3l9MwSzx45z3Ld16P9eTlYzJBJOWRcm1zapZB1STnRZVJt+CzVPBaqDS4ve8xXGlQaTV3zAqm0nvH88LM1LzgeKn1AYA7oSAFxDvDnAp+54DuzZfeJEwfDj6/f8krT0786fdgrn3/Gv7u020U3JDKno1HLWAIYZzOIMoSX0SFx+wmMLIHoI7x0HHV5MSIE0AKDxMopLAsaoaDe4IgOzdPfLZ3g6wbAL1eWskP9ud2TG8eHD796mJ///HPsP36ec3PLuumHVY1ZVEo/a0kxrw07MQwaTFYKgbSk2yKFiVb6JNpotDY+Uc8zNPCKY8nPpRz7gtIaLwjry3Vfu5ZkdKz40+Njw49IO4VuNhI5ren2qJoIlKIzFRLVQuItmMR2UmvSqRVKG6LflVq1W0Ht/DmuAmutAD/aMRZWV/tJhAG3776RzTfs1J955lW5c9MoljFYUjJQcFHaUKlHAMpnUty4YRU3rBuh5gUEoebPnz4o/+fjr5wyxvwPpc07hRAlSwppWdKNpJ5kGIbK1sZopfRMqM0+bcwLWpu9xhhcy5r3wvAU4EsI9d9iEeHbab904lD4sQ1bX3GEeKJx3rrbG0pjZRUyo5HZJjKtQRZAjsXkz0sYFU2XCbcE1gTo8/inT6IWfXTFIDIgUxqRcSHlUmsIlpW5IC157Lv1Oq8bAKctGQah5j9+6kt6ZqGml+redKj0MWPM8xPp7K9fDJtzYSQ8pAE7JkCXxKJfgm56VUxU5Gp1q6II2oQrJ4AGbXejENxcKBQ789YJ/uQrhjK0ij2q1XKt0a2jtW9rVkxgmfgxcRgfuYYYlF2CSwatQozRceW4u3+tlY+TzvG2xx6UP/ezT3Lq/GW2rB4kCBX5lI3oi1QclmpN/FDjhZGQmhCSbMriA/ffyLNHLk6+eOzCYNay76rrMGwxmRgD0pJopeOvtVba6Jg6VovOhaT5VhM8/9+YwV6uhG5lVkXyKJn4vpqN7n/IEdCziPAQRipkCpBFcLaByOGfOkBwbjHaDItPm5Um4tHKraFRC1hYOqrNd1EwXV4vAN6cKy7PV+q/+urpmY/OLtc+LLS5P2tZbzTw02e9+pkwVPV4+dsH6tqYujamqo2pBqGq+mFYDYKw6gfR/0Goqq2fa2PqxhivdUEmPxoW2bGB0vCG9WvABAghkdJuD2+IdkgruyarjFbtUDryyrKzetdabOiajzbtVpMlreh4MXjas8zGRLKXKow3hFq/HwFf+3Vuu30323bs5Dc+tw8d30SMEGRSNoN9KcrFNLZtEShQOlpWaMbA/Nj7H5BTEwPfV1PhvTvyfXWlTTVUuqq0rgZBWFVaV0Olqkqb1nsdtm5+1TDU19xFI/BqFTV7dKHqn/MaEatmzsfKqqgWYo2Augj6ckRWpwxaZYAchOdRizNYAxlEMd1JjywL0kOAi6CGMRS1NoPfrZd43RC7X2x6BrhAxB+8Xxkz76/cK/x2VM3SmbUb12/44fe+8xFyhRxGmwjAwupsHLULYt2k6p3hh07Y3O4vtj4Xot1yEi2PLWR7CqxbQaFTOTc6YrZIFpq0CnHcFIV8mt/5w79m13gf68fLBGGkfWRbEseKBMEjAoAO0YGvNOMDWYYKGfupg2enqn7wlYZW81zHVlcqWJfJB6be3NqfsdaM35AmvVoh0wZkPzgbEeEBjAkJvTyXj1eozObJZATKO4quNbD6HPzjS6jZECtvsAaHMPYQovoqgWpwYZbywnI4G2CeudBsqJ4Hvubu4gJpWUgrCnOltDp8V9KNKXRk16BIZ745saQgZGLQo/M40SqCtUGu26vyMvbCUTErycCugQCjVfRhdNRjFgLdrHHfvbezbccOPvf0IdyUjYx3lYWAlCPpL6QY7sswmE/Rl3HJp2wytmS55nPrtkn50M0btlWN+qlYTeG6tb3LC9qWnPMa6vmjL5+fO3nwnA4thXBdhD0OuoLRFYyWVOczXLxUYnbWYvbsUUylhrPKBS8kXARREMicRGRGkd4ZzHKdTLNJKW2kBGm6l717Hvia6Vs57q5NU5u+913veSuplIPRIqLDEVYnhE7uASd2gVt5skC2lR2S27Hif6UD3Fo6Txa4kp5cyO5lh9gvt5Ql7HQWy7L5k899ie+5bSOuIyNt4FaHxJI4tsC1JY4daQpnXBvXjtQN142WnGMXF8bOzy1PA8f4Lhek/m/sGwtzy/eWh47UfZqV815RQknmyk42fyMitYzgIiqQzM8M4KkRhLWM9C5SGLKwHUH1yTmCiw2sAsjiIEa6LF26wPkZODsj62fr1l9V6up3TzZqF+IosQfga8ksS37k5pu23/E973prtJlmZDtwMa0tI2RizNG0F+M7ADVtEHfcr+4ao+wqhHUHAHQtAV5lq0l0r1khhaA8OMAff+bzbCi5bJwo4weqvQIo4tBbSoljS1xbkopVH1K2YM1IkcFSLv/KyZk185XGsT195RP/p+ON1xiIF+8uD720VDGvnjvU8JbPhNpbsIvL4bmU7Xi42QKLMxZGLWKJRZTxSGUl6uAyjRcXwDI07TTTjRLnLix5+0+HZ16dFl89cUl/fbke/ubjC7MvvLC8oL4r12cPon+DB3adf/Smh+7d9NDDD2DCEGNEYlUwqnUJokJVa0TSXKEQSNcCRYftUqwgHegW924t5K9cdVx5DLGCKcMYQ1+5n+MnzrDvub286dZNEfVOa6E+sV8nRcRjZUmJbUVKE7YtmVzVL/xA9x04PaNOLVefV5jK9XwevzE/5z2xOHfy9uLQM5fOVvcd33v0xPScOlM5UU0vL9vB/MWlgqheJAzqeEsa/4TH4v5Fzl4ImF4W0yenmT96vvHMq8dq/2O+Yv4oDPlPwhJf+lcnDh250Gx81wp4dg+if8MdTsrJtWvGwVgYZTr5aExEZ+JFftGipZMOMqbQMXrFTdnoOF9uhd4Go3R7Cym5sGy0jivXopMjm2QYTpQjk5wEo6sC/uY33sM/+exnmF1skE/baKXa6/5RiN4ZMGl9GBNVvnOuzVvvmMruO3bhkb987vgze3Kl33luaT683s/nLx07MA88ATzxcSMGLzTV7WdTZ+8Z3Fj4mbfuHMFKhcxeCpk/tjyfDtSxhZp9bKmuvxYqvYgKj3xh7tL+F5YXrpmKew/Af9MbZFvlcrmcJKntZvsQCS4NYUXVZOkgjI4XJcIVtLU64UFXTGCxgnTd6BjsCalQYxKKDCuYOxJD1zposuuWm5CZsn7x2LR88Oa1hA3d3oWGlgJDIhKIw2+AMNSsG+njsbu3Thy7uPC+F07NPA/sey2d2186dmAO+Eo5n37L+7cOsu3G7ahGneXmDM8vzj2pLzX+46pU5pCAc584cfCarAP0APw3lemFsB3HSYTBiTy2vcRPe3xBCCve4VVIGW87GZXId1tBtunkpNJCao2Oq9aii8JVdzULhJSRd+Yq1COJz1Xgky2OsHn7FvmF54/xpj3r22uBrKAN6hJqiZ+T1hrHlty/cw0vHrl4+4npxQ/VPH8amH4tnV8BrmVZD2xdM8zocB9hM01upsplR8189vyp/cC5a/r67EH0bzjBQpDNpmPAWom3rEU4u2Iey4QxW6MFwo56xkkAJibBWhzJ3WwiZkV1OV5LTChEREMk4iqjYFHoHYXvIegGb3nbm3j59CyXFuoRg6bpVL/bfehEji0SJbNQafoLKd5+51T+9qmxRywh7szbdvq1dH5H05lyNuWUN4z0YcIQFWr8IMTzQ/t6wEcPwH+LW7RlyW7RsCSbh7C6gG1MiFYeRgfxWKQTKTW0NodiStnOTcAkvL3s6im3c+MWiJPhe7J9RWt7SXVx6Sqvxu2370LJHC8fn8Z2nW7KoDbbpFhBjd3hfVbKcMvUKh67a/PU5tUD91fDsPxaOr0zvvej/fl0ecvqAfy2IqggUNq9HiLUHoD/j7CcJJ5LrgLqLtAZo1HKQwe1qEodD3y0CfC6aG5bobGVDGRbRewrClsqzqmjyrO1kqmvQwBrBCpokisOs2XnVp45cqFLqKy9sniV59LhgBaomJrnoVs22RvHBt4t4AHgNeGFdxf7bde2Hrhj64QcG+mj6QexvGvUWut54NdCDiwlQwP9V4tV294yuvZVXHCy2hDROkQF9YhgTToIYXev/mK6KtVt6peuNlOSY9p0Z61XAXF76yp+jOto7rvvDs7NVmg2w2g/2pguytnuvL5zG2kp1Pt+yNrhAu+6e8vo5onB30g79lvTUrrX83ndVSjJF5YX3l/IpG/5e2+7BR0E7XKGLSXxFlbPA1/vZlsWbjrfIryJClSxGFnkwXQbEMYokE4kkxKPOGodEAbVaI3Rikcvk9SvdJQarsZiaa5CQ2sSyxCtwploL0B0bgYgkIHP9p07WVJpTk8vkXJbcgUJEj5BN5+2SOI54spqBiFvv2sb77hzS7GQcX/C03ryej6vS2EwCLznsTs3MTXRj9dU8c3TECqFUtq/HibQegD+G2y43CdHhstRcUqILoE0Y1SbHC4a6IjCbGmlYppZHW8PRSCOOJGdzqqh0bEwdtxPTla6Eq2jrqJTrOjQte0kxIpiWNKvhgyPjTA8Mcarp2fbBbCkOHjSq7dvKytuHEGocC3DR958EzduGL0l7VjfW7Ds7PV6Xk82arv6sun7PvTGG6MZ8taNDGgGikAZn+/immAPwN+qvFdIssVCVxU5KRGSbA5B3AYSFtLOdM0s67BJGHggLGSLEiIZHif/de0Mm/ZH51ODThbD4uJXl+JEgkgvnU4xMTnO6UuLaKVWyIEmWUJMVxFLJBUfhcBrBkyOFPihN92YXTVQ+IgS7Nxd6L8er6Ey8FOP3LIhe9PGYTy/g1NloNYMqXnXx/h3D8B/gxlj8JrBCh9l2gR2HZpp2Sl0YRDSwbJTXd4wDDzCwIvEvK1oi8kkCN7b+710cxkbkVSS6OTDOtFeEitATFvlUJNybCYnJ1iqezSaQSSh0gIsAtPKueO/YboUCDv6UcaA3wx5856NvGHHmklpy5++3q6h3cV+KeDdI6X87e++e6td8xQNL2ifJqVhodJkbrneA/BrEtBtmIquSi6tWa2EY5NWGmm5EaQFIDShX0ObECFdLMtFCiv2ut3eluSyvqE7H27/PF4jTEqrioRSRAxmxxGsmliNpy0qtSaWlQjP2xG7aB9XJDSA28R58d/wg5B02uGHH7mJ1UPFd+ytLDxyPZ2/vcsLU5Ylf+DNt2worRnp5/xcjUYzYgWVQqCUYnaxylzMr9YD8GspnOZqoksJYvd4drmTxlpIO41lOW0ydYSOKtMIpOVEYOMqmkmCrmWGK6rUmHhoQyXEw0XMWmm1lysi4THByPhqRK6fuUqjPaphWCFeJkTXWCXJOewOcS6e57N7yxg/8NAuCeIXgJ3Xw/nL23YWeO/2NUNbHr11k6z5ikYzoN4MCVUkpeL5ITOLNaqe719L7EA9AP9fWNhsxpVnEiKbOqFOnxi4EKY7zJYOlp2NQ+aWAkKACuudSa1W6Nv2sB3wtjyhMd2KSq1P9FVA3NlVjjmklaJQKFAs9TO3WO3+Gyvz7UQbSVyRB8fc2soQhorvf9Mu7tw6sUXAD+Rt+5pe/t9d7Jf1MLwlm3Lf/MieqdJIfzEiqW+R1avoprVQazK3XJ+RcDBnWYs9AF/nNruwXH351XPtzUvT7Y87niq5r7BiSFlaLpadjoAV/9NhE2NCpOUiLLubGGCFMnlScbAtoJYUS9M69sYJLum2FEs0r53N2JQGypy7XI0J2jsCSSYBXpNoT7VuHKbVXzadCnmzGdCfd/mZ997hjvYXHq2F4e3X8nl8cXmhaNnWu27aOLp9z9S4bI+am47KhDGGszOLHD47Nx1qfWhbvq/eA/B1ajcXShL4Yc9rDs5fvoQhHbV9TPfUVScBFm2JFZEQEW+zZVipGMStn2p02ATpxmGv7IBpRQE6mYF3KRDHfz4qZqlYHDzx/OhwUOcyFsPDw5ybqxCEGtsWcd0tAVnT8bpXVKlNRzwOo9EaarUm9+xaJ99y68b1wI8AY9fiudxTLNtSynesGep7+2N3bMkPFDKE8Q1PIyIlCg1+oHjhyDRHL8x7BqrPLc33Qujr0fb0ldN7K4v/cM1w6edv37wqe3nuIgI/sayfLBolHHE8wtiZNu4UtQQCy85gOa32khUDTiKE0zkOprvKnWTxWNG8Ei3ZlS4vnKhMIzA6JPQDbKEZmlzNpZpksdpAa/AD3RUid91ATGdOukOna9qeONJT0tgYPvTGHe7U+MDDrm3/9J6+8jU1obWrUHJfqiy+I59xf+rNezZO3rh+lEBHEqotfSyISA2OXZjnz548VPf8cG9MJdQrYl1vtqtQKj6/NP8LU2Pln/1v/+xDYz/xtlt5af8BkJGgs7iiJG26Pjed+nRHZqXlPYVAWhksJ50IgQOEtKNQWoiIBD7+MKYdk3eq1C1v3y5WR8fRMYGAVhFgVdhEhR6BH0bibX5IJuXQX85z7Pw8X9p7koWah5SiA9Sum4NIhNE6nhjr8FprHfVM682QnRtG+L437iwCDz63NP/gtXQ+91UWpwJjPnjb5vGd99+4Xlq2HekftwTkEq/18ZfOcODMXB04fL2sTfYA3P1e3HrEr/32Xdsmf+w//dTbBm/fMclAMc3i5TkWZqZB2PFub2uUMTkCmaCKjaSvryCta+WS0sokcmJiwTAXo6xYWDu5idQS9o6J4VtRQFv2s6VprFEqJGg2CZoNmo06gR8Vt3yvxuJ8hWzK5XJT8offOEgpn2JVf65raMS0UwGuzPcNXX1nGfektTYEoeL999/A227btNF17PcBo9/tk+lEo2lTlhT/6IY1Qw+/5fbNsq+QiXSlEwsdxhgsS3B2dplXzi4xNDik4xFK3QPw9WPpXNp5YHyw+Imfed89b/2f//yD+bt3b6Gx5DE0UMabOc9L+19ZUV8yKzpKesVyoEqExIn8NY5GpZXFcgsY4USkeFJguzbSSsTkoiM6nhx97OrNmkiVMfQVvhcQ+AFhGBAGAUGzTqNWoVqtoFQDrUMC3+fGdcPctmWsLWLe0v1dsZKUYMIUXQMk0RBJp0KtlKGcT/MDD+1Mj5Xz90nEu8uOW/puncyCZdvasN21rV+YGh/8wfffvyO7ZfVwxMyZzOtbfPla89LZJRbdAZx09pSBV66XC7dHagfZkVLuzTeuX/WL//g999zx/W+9zco4KRoNH2MMxXyaw6enWdAp7rjtRoxSySSxXbCKfKVOSJ50zyWbuOIrWhIrRJzQXQAXxAsQuu3Rk31gVm4mGVCBRoUKFQ3gxx+KZtOjXq/T8CLBNmlJXnj6OfJLZ3j/fTvidpbu5LetZ5ukyBWiq+LdNUfSenyLE0wIRso5KnW/78Xj0zvrQXjxpmL/gYtN7zvK1ugIIZva3GTb8l9vmxx624cevIkd68e6cNu+McU6WUpr9p9b5vySFx45cfYvml79P1xPYePrGrzjA4VHHrhp/cf+yYfeuOt77r8JERr8ZtAuUEkJ21YPUF1axGvUUKGHVn6CJsd0LmS6L/TOWyw6Y5etoYh4k6lTPY52gi3LiVs/nXuA0SYSI1caFejY24Y0PZ8gCAiCEL/p02x6NOo1KsvLLC9V8BrR/LWQcO7iJV545nluWj+Ea0v8UCMsF+HmkG4OGYf00D1K2cnF4zHL1qtKSkYYUEqTSzu8/c4pdm0YnRBC3na4VvmOLv/vKpRcDffmMs4ndqwdefAD9+9k25rRqMcbnxdtOqGzRpB2JCdmqpxXGZaWq9OVxbkXdxevn/nu17MHzq4q5x+8e+f6n/s7b7vjlnt3riPwFVobpJRd/Vcdhnzx6QNs3b6VUl+BMAjay/YioZ7QXgEQV+G6uYqJeKOJ9siibns9pVQbuEpFYWsQKEIVEgaKIAhoNpuEYUDg+3jNJs2mj+/7sQdv5XcWUkqefOJ5zPRxHr5lE0ZIpJNBZovIVA7hZBBOKs4EwhUEeV0Ka1fJ6WN1M2NASgZKOZZqPvuOXywtec1X87Z93G89oW+T3dJXti82G5OLYfDmvkL61+7dsebmd961jTUjQyhtSDkSKaLCW3xqMQhcy6Lp+7w47dHA0U8+9eIzXqP+axea3kIPwNe2ueVC5oFbt67+uR96yx233nvjRgI/QGndbgclA+NcLs2LR8/hOzk2rRsnCILOaqFI5MJCdvV+2z45oWmEadHRRpzSxii0UnEVueORtdKEgSIMQ4IgJAxDfD/EbzYJAp+m59H0A3w/8sBaRTef7pA3AvD8fIVnvvpVHr5hhPFVg2grh5Xtw8rkkal8BOB4jtqoEHSQmAwTV6xxkKhQd5HYG0PatSjl0xw9d7l4ZmZpqRmqvQa+nZzSE5d8726D+NE1o33/6JE9W0Yfu2ML5UKeZqhJORHfdRAH8la8dWlJiWPB4y+foX/rHl7Y+8rSgQOH/jRn25/3tQ56AL6G04a+bOr2mzeu+v/92DvuvOP+W6YiMjPVTcbe0icyBlzHIgwDvnngLFu3bsQSkdRnhG/dLiRFhUvTCYtbAxboDheWCeNebYgKQ5QKUaGPVtHXkYRo5H3DMMTzYsA2mzS9ZgzYgDAM45iw27mJFfms7Tg8+fSLWDMneeSunSg7h8j2IzOx97VdhOWAtKIbi9/AhH43VU+X1+3cjGRr1lp2QmpjYKCYIVRGvnp6duBytfEqcKJd1fvW2Shwn23JD/dl0x+5bfP4G99517bs3ds3oEyUImRSFo4t8cNoUMOxQEqBFJB2LL62/wTp9bezbcdmfv03fudC02/+F1/rA9fTxfy6o5UdcNxSX3/hxz/8rnvvfNMdW6IikEr2Pk1iAtjEGBFsXjfC555/mhdePMh9d93E8nIV1/VxUxlcN4iI7+wUjlTRvu8V8XLXrGW8jAA69FE6iHqSYeyRdRRCB0GI7wdoreKfh4mC15XL+0KsmGeWkiBU7H/pFT508zrsXAmfFMLNRiGzlB3qHssFOw2WkwidVzTARGd3OMFt0K4XCNMRUL//xkmeO3x+cqnu3TG7VH8CmPtWdAuAQQG3WJZ8rJxP3zI1MbBx+9rx9J6pUYZKReq+IlSGbMrGtgTNIJpzdp3IVykN2YzD4TOXOLJk+PgHP8L//N1f9yuVpVck7NfX2fX8ugLw7mK/PKkbf+cHH77pkbfcswvVqKFC3RVymi6K107mN1jIsG1VkedfPMTte3aCMTS9JmFc9LIsC6wQSxiE9BECbCtR8LEctLCR2o/pdiAMQakApSKlQaXCiMEjbhvpuL/bAomUMqocS6vDDS1WwCzhObPZNC8dOE2ZOtum1uKLNMLNgOWijcAy5ooKt5HWFT7XdLXDEsv+ST69hPRLGCrKhQy3b1ttP3Xo/AMLFe+/h1r/vwLwrkJJzvrNwfPNxnZLyl1SiIdKudTa7WuH19+8acKdmhiglM8jhaDmKZTWZNMOUgoazRAVrwlqbfANZFMW9YbHk6+e4bEf+VlUY5bf+9SfzBj4jLnGOaBf9wB+YXnh/T/85t0/9ZF3PVBKh028QEUFq8T8b3KPoF2+MZC2bG7ZPMHRZ89y6swFptaP43lNUAEIgdIaGWqUtDDaJ9mdEQKQPggLEU9MGWPQGrRRGB1EIXmiTdSiyRFWvAUlLIwNKmiCaAXrdICMiWmuOqiybZunnnqBN+1YjUjlMdKOKs9SrmCk7ciWShVEsa7pLr+ZlV4+ud6YCAEEoI0hVJrN44OMDxa3n7i48NFQ6/8I7P3bDkjs6Sunn1uaf3RfZXHKEuKGlG3fPDlcLG8aHxi9Ye0oWyeHKGYzGBPNModKY1uSbNomCE0bvJYQKBFNoqVTFqD5q2ePsPbm23jjg/fwCz//C/rU6XNngM9ej9f06wnAt4ytGv9nP/0j7x8dLjtUKwGyMBSrKyjQIbJZR4d+V6Gm7YOExZbJIda+cprnn3qO9ZMjEfhjjiqExsRft2aKTStHFQJU2KFYSqwOtmaXW+wZXCGZItt0tJawkG40Q61lSBgG3QyWLc1hIUinU5y9uMDiyYNsvechfJFGprIxx3X3brMQAhP4oLwOT1cCtqLLw6+stIv2y0mWu/xAM1BMs2ViIP384fPvbQbqZiE4ZYxZNnA8FmtfjMPiMjAkYFQIURRC2C8sL6Rdx95WzLjFrauHsrunxtMbx4fpy7mknWjcOgh1e7PKtiRp1yJUmno8PooQhHHTWgrIpSy+9tIJFt0yf/dD7+Pwqy/w3/77H3oGfvtbFOL3APztsLxtDzaU+tlf+rE3r18/NUljqY7oz2FZdux4wqh4Iy1kYxkdBt2NEhPxI+ezGXZtGuPTz5/kyIkLbNkwQdOPuJOkZWOMRgq7U581gLTa7BndeWS3t21XqOO+qoGEFxfI1pI+FkK4aB3G4WoQAacVese/77guz7/0IqvLOdJ9/WDbkTdvs23QTR/bYvlQQTsSMS2Z40RfuKuXLdoiMV0sWhpBM9QYA7vWj/BXz2Wza0dKO29cP7xdSqkXKp5/bq4Szi7XdBBqLClsS0rpWsIuZNOyXEjLVeU860dL9ujgEPmsQ8q20RpCrQmUTjLjYlsSKQR1L4zSjq7oKXp+xazLsXMzvHiuxo//5PsZG8jxTz7+qywuLu1dlUr/ycWmRw/A16hVw/Ad//Bdd933PY/eYzcaIDL9WF0D+wIjQ7DTGMcH1aogtyYaDegQoww3bVzFN146xhe//E1WjT5GxpWoBLez1C2gJdQOMF2E7aZFR9v5RidM1qpLltQYgyVlF+tHGHqAwXayCNFEKR8NyHhFrvWn9+0/xIPjo2SLBWoqg1hRTzPJ8FkHKL+JDr32DaSLWGBlwi26eapNmxzAtCfCmoFm9cgg44N98o271nLL1IRsRvMvrlKGmtfE830yqQy2lNi2wHWiBQ3bgqYPfhhV+ZtBQg8qsXDRAm8QKgJtsEQ3BZEQgrRjMbdU4cv7TvLQo2/l1ttu5vf/9Ct89fFvaG3MP73Y9Oav25bK6wC/2wtp94MPP3x7KZ1JI6xU12hgNH8goq0caUfV2URMaOKLMhqkCMinJQ/fsp7ZE0c5fPgEbioVKyZEm0CGxJxh1wpgx5u1wGvMCkSJrl2CBMtG1GPWOiAMGwR+HRUGSGljOxlsO4Vt2ViWjbQsHNdlaanC5ekLrFk/gWjLw7RJPro1IJo1TFADPyahb1P3tPcYuoCLuFqRvUMKr01U7W34IeW8y7qRIl9/+RQVT7FcD6k0Quq+wnVcysUiKccCEYXEtYam0dQsVBV1X11BGJLsRdtSorSJFhRW6s7FYb4tJZ4f8vgrZ1l/8x4ee8eb2PfyIT7xr/69X6lUPnlLX/nZ67on+hqvOttSiHd874O7dt64Y7vtBylUom/a0shtreq1CeLa00ggdAAx/zNaUa3UmCwXmBpM88LeV2k0Fa7bWYHVWqHj6apOy0d2+GhWVnh12LUR1C2tIjuz1bFgmdEKGefLSjUBsOwUMkHZ4zg2s0sezfkZJgeyXVd/1/aRMRD6mNBDNz0Iap2Htil3riKCZuiu8CVmsw3RWGWoNcpEBa2bN41xYb7G5eU6jtV5fYHSNPyQIF4y0KZD02tJgS07+TXxamaLodOScZW+dYNdWZQTUWgdqpAnXj2FM7KaD7zvHVSXlvi1X/ttPX3p8hfS0vrp55fm6z0AX6N2uFYZHChm33DXbTeXreIISnekO7u8sAowYROhQ3TQjAcuFCLOM1tfq9Cn3gxp+Io9U2PMnjjG4197BiOIWzwqBlnYubBaYS0iQQjQutJUfHjVAWyLXqeNYtkRMyMJGI0KfYwOEUIiLQfbSWFbDrZts7BURWtDLr65xCvEhCoGiokVIZQPysc0K2ij2uqERnSodNrbwmblMGUnDG+9Xq0NgYrGP4UxkSzL6BBCCM5Mz5LPOO3WmgCsBHG9FNGQhTEC0WYbaQFUkFiPjlk0WtFRpygYatMGuNGa54+ex8v088EPvpf+/j5++/c+x/MvvXLAD/xfbWhVvd6v8dc0gOtGPbp987qp7TfdTDoIsGKgtcb+onU6jQqaGBUBj8CLK8NEw0PxRa7DAM8PqXkBVS+kv5jjjg39fPOrX+eFfUeiSrEQ///2vjw6rupO87v3LbWqVNpXS7JlW3jBeIEAxnGM2RMaCJCEhpB0JgnpTDpnOt3Tk6R7CKcPSYdpkpOF7BsQtrCEsJolYGxjbGPLm6zNsqx9LUlVqu3VW++dP96rqley09N9zpwE5Lr/4INLslR1v/e79/f7FjDLBHODmCAnVrADtGnheTA3DrIc2aCdvO22hXVXZuaSxJGCLjYBJWLO6RIAfB4RAjdtMj/LG+IyDlimBa4p4FoKVjoGbmQWdM4K+c/cDV7icrR0TAWyRdm0GDTdsj2mAOgWQ1lQQsgno2t4BoKT/sI4IJAFp/J8QHG+keb86MQRgJzt9YTkfj3nfbDfl46hSUxoFNffcC2WNTfg9bcOYMfru8ciM3PfY4wffD8kL5zLAA5TQi77wMa1tRU1VblxQ9bQnHGb7WQZKkwtA9M0YamKU4E5CLfsGS8zwDhHRjeRUEykVQuqbiGjmzh/WS3W13jx/DMvorNnEF6fF4wzmxZpGbnOczbPiBQennNAzm5UN4gJsYO/c4BaQG20/5468kOzwFJWoBJACDySCJGY0DP2CSMraYRlghgKoKXAlHkbvAtpmLlq53auJAVDYc64S2LIwSwOTbegm3an2GL2w0KgFG2N5RicjkHR7Hltbm5MCo/1zNEa58T2DvWRcbtzsPD1WOB8IjqjvJ6xCEYzBFdfdyXWrVmBnp5ePPXMy/rI6OSzAHYAUBbDJl/MAF7vkcTzLmytE8uIBeqKMMlWXm7qsNQ0YBlghgampuyNnq2gzobKaBbiaR2JjA5VN2ExZjN7TIZL1zSjLQw8+sjTGBiZRLAk4GxmA8wybLcNKthGcNlRkuttt21h832zfHCZqzqdhZdc8NosiB3Q2zY5wHQsBU1Jg2jzYJoCpquAqYHrafBMHCwTA9PThY6UBTlN/Iw7e362lI95yQLKtOz3xHTAm23oWczu3k/HFExFEzbInPeWo9CGd8GYPPfgzTewFrzeeeAxbt95GdPR3j+OCV3Ctqu244Lz2zA5OY2nn30F3V29+0xDfx5AdLFs8sUM4MamqlB9RUUJFQQB1MkpKgRvyq6ypg5kYuB6yr4PW4ZdSRlDRjMRT2tIZExoupW3ZHWaNRZjuHz9UjTKOn7yk9+i59QY/AG/Y/qm56qjY/3ggIwW3HPJmb7uLoN4mj9WnqHKI64IFAaWvUtTimDAl8sz4pl5sNQMkJoFkhGQ1Ax4JgrmdJ1z2HRmybn78VnDz/jZijHAAd20oJkMhmU/JLN/aVgWWusrEPTJGIvM5Su2w3PJdq3hcvmgro72Gb9zrtGWT8jwygIyGQWvHzkFxV+ObVdux3krlyKdSuGFHW9i5+4D++Zi8/dbjO17P6QOntMAdgTZcmNliIZLvHZOL7NgMQ7L0AFdgaUmAVMFtBS4MgempewjNctnFGm6hVhKx3zarrxu8GZ3tmXZLhw3XHoeVoUYfvSjh7D33RMI+P2264Vlq4+yJuvZrnQ2y6iwI+6qdaQQ3YyZuYqbu+sJdsYSdVIYbBWTrVLyez3wypJz1GXgWgrIzIErc+BaHNzUcg+U7EnAyhoHFFRXFLp2kAUTJae7rpsMGZ3BcI7PWfBanMO0OEJ+L5qrSzE2G88/oJwudRbrlnOpps73ZAv9unJd/fyYSxQIAl4Rkeg8Xjs+iooVa3HNdVegcUkdGAf2t3eaL766e+/45PS3TYvtAqAupr2+KIkcRxKxSgKsqa8sC4ckAqhJcEgwTVtIQDiz74F6GpYSBzM1J+3I2XQMUHUDccVEQtFs+1XCF/g25reUrXYRcfWmFaBHT+Ohh54EAGzfuhFKWoFlahAlbz5W1ElPoATg1HQqJykI3Cbu+SrnOa507slLqM3OclIYuDO+4rBPGKJI4ZEpGOMQBArDOVksrGTgWfC6gJIlg9BsQ8gxHCiUBudYZYbFkVZNaLoJ3TBhWazgUMw5hyQJaK0rw/HB6YI+QJ6D7jDEHOEB8rZg+QaVizlmz3gJZElAe98wjgzGsHHrVmzZvB6CKIJZFtrbj+MPf9jRNzA4+gCANxYbeBctgDlQTkCW1ZYFgiHZBCwdhFvghmFvTlMBVxUwIwVmWgV3L91kSGsWFFVHImO6jNAK9TjcBbhs3AglHNdsakWJbxyPPPwk4skUrtt+MURRgGEYOevYnByQEBBBBAUKqusZyzEKwBlc5DyiCBVAOXUqNeDxeDCfVDETS6C8tPoM9VA2oNy0WN6+1tV5ZpyAZg313O6aC2SEpsWQVg1kNBOqbkIzrNyjkLl97znQVB3Gy4f6mWZalFKAcZIf6TkNtixYs2Mmi+cBm38ZgSRScGZiT8cATs1puOam67FmzUowAJIo4Y239uF3Tz7fG5mKfLtUlN6Im4a6GPf6YqVSegH4g16RUkOHlUmAcQpqqPb4xNLADfWM7qemWUipJhIZA5phOnNjXgDgLBeYuL2jnE3NOGCYHJetboQoUDz64BM4dLgLn/nkDVixdAl0gzv6e7JgxuviPzsSQpLjUPO8YooKuUqcjRotvK8KoFSEbgBVZSEwfyU6h2axurUOgJHvwme9npmLN8xdAOe2XS1cAMveyHOcbtiRJCnFDgdTDROqmW/IMafTn3t/LYa6ihKIAqVKOoFAoCSvvM46+Lg41+67r03asB8CkkjgkUWMTM/h8MlRhJpX4tM3fxC1NRWwLA7ZI+Od/e349YO/64/MRv+JcOy0OFcW6T5ftAAWgz5ZDAc9EJkGltRgWI7bY+6ele0C21S8jG5B0SykVMPm37oqbe7J724BL2QVOvQ9i3GoBsNFK+vRUh3EM2934+5/HcTn/tttuPbKzTB0BjWj5ZhNlAhg2akKz5uo5+M+Wd44hRBQR4DhZmi5j8TZjnWwJIRNF67F7/bswkcuWZH7/9muN2C7VPAFx9ksWaOAu+1qmLhnvYpuQdVNKJplV15ukzG4c/d1958szlFV6kM44MmrrrL/FskTNwjP86yzpwbGAVm0pYLJdAbvnOjHYJLhsu1X4QMXrodACUyTobYiiIefepX95GeP9KeUzP/gnL+xGGa9/9FarJY69Ry46kPnNy/d0FoLw7JtVxfeYE2LI6XZ891UxkRKM6CZeUlfXmnj+soFEx139CfnectwizGEAl5sXr0Egp7Gw8+8iYMn+rFsaT3q62vAud3gsqswc+JWkJMOEqdCE2LPgjkz8/Nh5/hMqZC/sy4IC/X6PCgJBfGbR57DxSsbEfBKyGimXdkICn8rt/UVKSRIUOfoSjiBYdkPOUU1kdYt6IZ9YtENKz+bdp1oCunJHKIo4bX2U1jeUIXSYCAfKp7viLk01E6TitpiBAID73YPY0fHJEqaz8PHPnEj1q5eAVXTIYkUgijgwcdfYt9/4Nd9mmHcBeDN94s5exHAZ65qznDFB9oaWjeuqANxup3ZPWoyDkWzkFRMpDM2wypjWDYNryDw2pV5lN9jZ1wlC+e0efa/6VCrVzVVY/3SSnR29eK5V/axSDRJGhtqEC4rBWeAIAggxB3H4gR1O3nDeaA6DxcqOs0rx2faLelzvl7TDKxobcKrOw9BT8ewqrkaibQOzWD2rNbMEy2yMWzujPHsN2SMw3QE8mnNrraqYUE1GNKqk6sLWxBCXKca5j6tOO+lVxbx5pF+NNeGUVcRhsF4QVOKunUdjpAjldHQPTqNF9qHERXL8NGbr8OHr94Cv98HXTcgSxIS8SR+9fDTyu+eemGfYVpfAHAA58harEdoBgCxZAbzyQw8kujwZm3Fi8k4NMOeWeoGg2FZKDiIFlhpFNIZskbm7mKcuwrnrGHzrzVMjnlFR3U4iC/feCm6hqfpH/ftxNf27GNbt2+hF264AI1LalAaCkISbXN2ewZt84qzPwolFIzmj8/U+bOtgHLEGCSf+WsTUTjuuP16/OKHP8PW85ci6JOR1q2cUECgBAK1uY0CKZwPUZvRaff8WHbmbZ8sDIvnqJLErU0siCd1B4XbH4jg8ChjSTV3JKfU4Yg7nHHdsJDMaIgn0xhPZDAeN1DTspJd/7Gt9IK1KxHwe3M/i5JRcfxEL3vppbciR453vcAN49sAhnAOrUUJYAKkCMHsdDRpRhMZ0e/zOsDI5sFa0C2742w5ILH3FikY43CX/DTfq1pwO+SFut/CIRDPVcWMZoJSgjUt1WhrrMKx0xO0ff9b2P3Ht1DX1IjzVrehbXkLGhqqUFVZAZ/HY/OALeaKS8sK+2muiwzkaZq8ADcE0Zk4rrj8g3jt1T148UAP7th+ATRHeic41qo5s3aO3ANDEKjTBc42vJCLYMEZLDG3/hYL5P3usZT9sPDJEqjjF6Y61Tyt6kgqGcRVA1HFRFJnEPzlaF61Bn918QWora2lnFkwtQwsBiiqga6efuzZ/c78nncO9c5G5x8D8FsACZxja1ECOCCKE4plHR2MxK+eiKUr66iYG5dw2HQ/myRPnGqUn7fiLBsyO/rhC+R+udltgZQt3yFeOHNlnENRDQAEm1Y2YMPyOozNJtA7MoPO3TtxcLeEQDiMZctX4IILVqGxsQZloSACfj8kx3jd4gRgtg0uX5AkSNyPEQ5wWAhIFHfcfgPu++Z3sWFkBm1LqpBSDUfqZ7nSJOyvEwgBB7MZPnnWZA6I2TsxOHEZA/CCJx7JNrGz38J5IaUEQZ8H3aMzqCkPIp4xkWIi4ooOIsmormvE0rYqNDU3oLmxDh5/CQgzoGVSACgSyTQGh8bQ3n6c7d3XPjI+PvFsRjf/4HhtKTgH16IEcMq2rJgajsRTg1PzleWhYIHmlMB2fCCwiQqUkPxVLedvzHPVhQOgfAELyZ0cyF1NrAJ8E1eAtt1pheM2mcoYEClBc3UZlteX4wrNwEw8haGpeQyf7sArJzshBEpQWlGBhvo6NLUsQUtLE0rDpSjxUECWbL9pJuRM3U3LkS9mHzacI6Mo2HD+Sly85RK8dOBdNJQH4PF4YDhza8bdx2YC0X3HdymQ3I08t1uIe6bsfmjRbGID3BY+QHnIhz19s2hWvaiprcbSmhqUBAMoLS1BTXUlfF5PDuzMtEDAMDsXw+nBcRw5ckxvP3xibGpi6mAyo71CbHLGBM7htZgtdYZiKXWsd3SmadOKekqp7V5ICSBR5Oh6eZeMMxtThPG8wVsBJzgfO8J5dszksJd4nqtbYA1H7HmuR6TOA8PWs6Y1A/OzaSQUFYxx+DwSGsq8GInE0ds7itGZJOZVjurayuia1W2z5eGSxtalLf6ly5YgVOKH1yMi4POhPFwCv99v3ykJz1E1KaGQPTJu/fgt+E7/aeztGsE1F7Y55vMkN07LOli4H1pZX+wckeMMd51Cr+vce+fMg4hzFCCEwOIcAgU8kogVy1tx68dvAEQZsijmxluGaYJqgMfrh2VZGBobQ3fXKbzbfkQdHZ3oGBsZ78zoxiuc83YODHEU12IGcAdj7MiR/qn1V29aEawOB2EhK08jCyRpeRofXEWUOqMk5ragWWCrylG4h7PAJS6fZkmgkESb1jifUjEbT2EkEkcsmcF0IoPBiShTTXPCK4kHKCERwxFJKKqOtKojNq/oM9HY4InOkwOyLG1saVla09JcFzQM40JwtjwcCsqN9XWoqalEIOizq3TQ7xA7KMrKwtAtgqqGJXjl7T1YUhXGumW1UHULzLnVF1TdAoeQgilzYQ12XTnyaYVw3dcLbXAIB/xeCR4mIVwaQjSZgW6YkCUBHlkGB0daUXGkow89Pf3o7O5hExNzO0bHxro5+IuwfZuHirA9NwCcAPDkqfHoliOnJjfetLkNjPPCbutCiZqLNpgdJdFC/xjXnbhwDuwm22eBLIsUkigglsqgb2wGR/qnMTQdS8ynVT2eVlOmyToszt+eiyvzsiDMpg2jG8DZXCJML6VKoz+o9CupfSf7+rwn+/pkiZBlokCbPB5JLi+vQDBU4k9nlMsppRtlSfJSSkRCCJVlWRQEgc7NxejkxKz5+3d6/BUhPxqrSqHqZi7Y+wytLVnglX0W8HJ2pkMHWfC1ecYVR9grQtRF5vGINGh6wDlHMqVgeOQ0Orv7cXpgRBkaGVViseQbSir1dkbXdzmWr5EiXM8tAIMD7WlNf3VHe9+yjStqw6315Uim9dxYw51zC+QdIgqhiDyNki9sGBWYSOTKDQMQ8EpIqzreOn4au44P6UOR+EgspbanVeP3FmNj9jiaRwFEwpJktngC5jFj/k+yhlTG0K+k4NayrgmWjsQMXZzTdBqZnMbw2AS1OH+BAJWEECoItlWfwHilytkykVIGzhPv9o5/NuCVNt913SaUh/xQVDN3XHYDFy4NNdwzcO7qLrvvwwtC3HL34bzfHUr8XkwPzNFd7xxBIqFgJjKHnt7TibGpqZG5aHw2k1ae1w39iMX4kE8QIotRgPD/eeKyuFeJINbrhN+7vrXutn/91HZ/yO+Bohpg4LB44aFQcOxY3CDl4LkZsnuQlJ37uvOws5tWlgR0DE7hD+/04vjAVF8yoz2W0c2dAPodAP5Z9ajNXr84rCpeCkCi1NQY+3CJz3PPjZeuXPc3V22AR5agG1ZB8HXOKN6lFMqyo9zjIrLQHYO4Gl5OIzDbRwh4JXQNTeHvf/kmC4WCs4QKL5mGEUkm06fUTKbd5HxeICTqEwQlZZqsCM//91rU6YQbQ2V0RFW2MY5rM5rZ0jU4JVx30XLIkoBMNm/S1ZOiWc+sBSQNJ8E3Rw/MjUVIYaI9A+D3yTjcN477ntyL7pHZzkRG+wfTYk8AGIQds2n9ud+HuGkwADoHdItz0y8Ig4pujPVPxFbrplWzflktREFw5sAkP+Dl/Awj94XXD/In0o+zDzfiUm2JlCCl6uyZPZ3d8UTqk/FE8pFUWtllGsYxnyhO6YzNc0DXGSv2p/6Ta7E6ctAlXn95t5K4Z3VT1S8f+p83bzv+q6/I9ZUhfOO3byGp6JBF4Sx3YZwRYp1VweTA63ZK5IVf65NFnByewmuHTuGOy9dieV04AqDDmVG+ZyqKYlkqgBcUzfjHp9/uOfLImydMkQKCQAqaejgLeHlBosTC5OAFR2qX5jgr2JckCYxjjHF+wOlTKAzQixW3WIGzS/bK0jrZL999xabWz9x314fLr9yylnhlAZeuqMHQVAyz8RR8Hgk+j5TbrySbd+uqHhbneVUNP7uQIadT5baty5H+SXxobRNaasuwq2NwNBJXXnQygN6DLQIMmBbr7RyOLF3ZUN6wor5cULPChAWVNEuTZGekMaBQBeE2JSCFyQ6EEFgW52/3TMzFU8qvivArNrEKqi4Bwh5ZvHrlkqqvfOqai9b99TUbvBUBGXpag2GYiCZVVJaWQKIcGc1AwGs5qQzUIXTABUheKIkjhUdG5hAlspuUUoJUxsAH1y5FwCuhfyKas7R5j689hmnd+/Afj/10WU14ZV1lKVU0Mx9ahjPPyNm7bX5E5OoNLHzWncXvy7IsGUD4PfpgK1bgv8SDKODztDU2Nn1hSWPj1z966cq2z954maioOg53DiGtqpDAoTnC81MTMQxH5jE1l4QkCigv8TkG4/mjosWzHk0F/MjCP2fNyFE4VhIoRTKj4Z2u0eHJaPK598FGHYrEFcG02LYPrWuRTMYLzO+z1wXu+h2z8Sy5quzKWM5TTInL68smlxgWIy8f6JUSijYO4GgRgkUAi7Ls2dzcvPSrN9z40U/f8ok7w8lUAqNDg9jXPY1upQx9E0lEJidQEZRRHgqirakSy+oqUFceQDjohSyKDsc3vwkLq+/ZwUuyJrE5cT7gkQVwzvFu7zjePDownNaM9wOAsSkUPtQ+MXvzmqbKupbacmiGmbtSuG+3eXubvJl7nkaaJ4ZTkn9/sjMkzjm8koCUqotT0SRSqr7vXBQgFAHsWh7Zs23N6tX33nbHp6697Y7PiOetWoexuTSefvmPaFp1ET7/d19B4/K1eGnPEUyND6K1LmwbwoFB1XRwcAQ8Uo4PDWLL51jOmcJ9xcuPlyixrV4kkcIjCRAFCt00EJlP4s1jQ3jm7S5ldCaxy0Ppaxbn6ff6+zipqVwzTDGh6B+5ZFUjfC4JJudYUJGdNATXnJyQvDkdzZtmuULP4GQeUaxuqhIA1MzGlcB8Wp0GMFWE4rkJ4C2bL73ovv/+d/+w+eZbPgHG/YjOzeH4sYPw+Etw59/ciYYlS+H1hxGubsGLu/ZDi0+hpSaE3V0TODZFMJlkMJU4ykN+iCJ1NK88P/d0NqdEKWRBgCQKEJ1Rk2laiKUyODU+h6P9k9h9Yhg7DvWrrx85HRmfTb4O8Ac2hMoGJ7TM+6XDOppQ9I315cGlq5uqoJsMLDvxdc+HXV0wuFwls/PibNeLgC8AMAHjDF5JQmt9uS+e1tZ2DkdqKTB0YWn51ISWKY6PziEAb1u2tPXer379ny+7/KqPIpEyoaoq9u59Ayd7OnH77bdhRdtaTM+omJ5Jo6amDoGyevz2iceRVC34W7dg+023obJpJQ52DSARm8WSyhIAtugBhEAgBD6PCI8kwDQZoikVg5Oz6BqK4ODJcew+MYQ9nSPq3s7h3j2dwyOHTk30DU/PP64Z1iMc/FkAx95H4AWAFOc8pZvWFZtXL/GLguAisSxISi0YvaEgmNy2yeH5nsJCIQhsmmnvWFTum0osMQyjYUZXx88Plk5M6WpxnPRfuT++T3/u7S2NS+756te/vvmSLddhZk5B0C9javwUDh/cjyuuvBJr1q7HzJyO6LwCSilKggI+eOl63M9llK66Ep+66/MoK69CZDYFhQfx6lM/R3BgChuX10MSbbsaTTcxOhVF58gsRqbjGJ9LIZZKj+mGuXc+rUVjKdU0LTbNOG/nnCcchtUA5/x9213VDOvA0PR8d/9EdOu6ZXXQDMsWJbiOzpy7jOd5IcDzskPivM5+sSjYpxaLcYgCwf6eMURQhn/62jdC+97Ze+3ePTv9XenE/UFR3JsyTb0IzcUL4HUE5KufuPOzl9xy6y1iQvFA02Lo7XoXLz/3OFasaMU1V1+JZNrKgbemyodQUMZjD/0KN9x4C774pS8iUBLG2GQams6w+eIPQGRpHHjxIdTMJsAYQ+dwBB2DEYxE5udn5tNR3bRe0gzrqGFaU5pp9TpgNZ3/phaR++EsAXmsY2B667pldfYBmRcCNBdi7mro5fyjXY6dNsgpvJKAWFKBySzUV5RiLqHghSMTuOrWu3DHJ2/Htsu3+n/x07JtL7/4fDgai/4YwAvF5tbiBfAlgVB4XWVlpfz8cztwvGcAo6c6zI4TR5XW1mXB/33PNygVvYhOJUEpQXNDEJal4Gc//gE6TxzDd7/3U3h8pRgcSQCEoq4mCJ9soqG+BoMJ4I1H9zBumSPJjDqhaOaLGd3cYZqWyYEIBVJ+UTS1xW1VqseSmb0HeseiV25sLa8M+aHqZgFpnOREv/byyXYXP6MbTs5v/tTskwUcH5jEq8em0D0wjLVNFSgvDWKe+7Hm/PWYT3C0LF2Fr379a95QafmFTz7x6D0zs9MigKfOVZeNxQ7g3kw6+bsffv/fZYBAt9hJLZ1IlZVV3HPbX98ZqqhsxMhECrIsoaLci+6uY3jw1z/H3n378Jvf/Bq+QBhjUwoqKoKgUHHi+EG8tuMl7Nz5emJgcHCPkk4dA+e/Z5xPOJU1t4mY7fax6DdFUtWjcwllX/dw5PorNiyDamS10Pm2VXYFvRJGpmMQBIrGqjBU3XGqJIDPI2E0Mo99oxQ3f/E+bJ3uxxMP/5y9frSTNrSuZinmpYbJEJ1PobqyGnd/41/EJQ1Llv3g+/ffOzE1bjogLh6nF1kTa5RztjORiL+WSMRfSycTHZIo3rR1ywev+8KXvkwE0QtCKMaGT+JnD/wf/Tv//m/jRw8flO755y9JH/mrWzAdNTEyMoHnnnmUfefbd1uPPfpw5O23d/0iMj19t6pmHuScv86BSQe8xrm4KXyCoJf6PbrfK39s08qGXAiZixMJQgh8soD9vePYOQ78ftcJjE1OY93SapuBRggoN/HG0QFUfuBj2HTRZdi29WLcdOvHiWYw7Nv9JuGZFNrWXAQOGRaXEAj4cdllF5KqmrrQkcOHNnNde0i3rHQRposLwNxR9FgALAKUl5WHf/a3f/vpkuZla/Hyq2+bP33gPuVHP7yvY/+e3X+fSCZ233TjdZd87ov/GD7WNYsfffde9Zvf/F+JN157ft/E2Pi3lnLy5VpRfnU0kx4EkEZWfHQOrw2hMj4wn/CC4JJVDWU1DVUhm3Hl6g+X+D3Y1zmE0yWX4rvf/R5az1uDF97Yi67+EaxrqUBliQ/7e8YwQFrwoe0fBecE41PzqK6pwYev3YbKuiY8/fQTON7VgXBVPVLxBGajCSSTUdTVV2N0ZFo+PTRwSNPUniJM//RaDHrgmysryh6+85O3yVMzmeiLLz3fnUrEfg/gdQDMI4kP3nTzbVvDlQ2JJ596JDE/M/EsgEObSsoeP5yMFUcWf/LJTkI+r/S5FQ0V37rhkjbvphX1KA/5wJy8KIES/OCFdtz1zWex5eIWUEJw9EQv7r/vWwjG+3DzJSvw8rFJhDd9HNs+dDWYaYIxhnBpCEsaylFeSrBnzx7cc/e/4HRfr+r3+xNEkHUAjBDCpqen2nVDfwXAb4qfxuKqwIVPIII2yzBXHjp05Oix40fu1zX1lwBec4TzFYJA15zs6TQOvbv3qUw6+WMADwDomNTVImngP1gXlIStOU01RueSFe2nJmq6hyNe3WSkxC+jMuTFaGQeuwdVduvtnye6AYSCIhrqq9C6rBm7DhzFvkPHoQlhbN52PcLhctuSllJkVA0cFISKaFu+BM3NLTh5so8NDQ+3R6Nz30kkE48mEvFHG2XPE0t9gX1Txc9pcQMYQB9jbIeX0md0xg67LWc2hcLzExnlHZOxZ8tE+eUMs3qLH/l/bk3pKrsgFJ6cM7TDqmHOTsfT7Gj/JDkxGAkmFE2YjqXQMRLjV1x7PZE9AUiSAEkkqKmpQ3llLd7cfxT9I5MQJBkUHIQzCN5AjsFmmAyEMLQuX466unphaGiwJDozO0QZe8ni/FTcNNJF8J4bAOYAkjpjZ3gnTWoq53YXOZFhllX8uP9ra0JTucV5DMB+xvku3bQGYknVONw/qQ5Nx2PDE5GKVDJB29pWgxEvvF4JPq+I5uZmhMsrcfDgfrz52gvzXR0H+gf6e+S+oWFvJjEH4lBRVUOErnPU1jUiGp33d3d3rE5nlG7O+am/hHNJEcDFtZhXEkAn4/yQxXh7QtH2CJSmT57sWTY9PeGbmJxGKpGCLIsoKQmgubkJguRFT3fX1MjQ4I9Hx4Z6uo4dGD7V2zF/8mRX3dDpXmFyfAR9PSfQ092N7u4ujAwP6GpGOcA57yyOj86dJlZx/eVWtUTprZzSC8rLKjbX1i2pb1t1nn/Llsu8V155BQLBEjz+2GOph37182dPn+7/pcX5CAHqJUq3ybJHrq2ugcfrkSwOMZFM6bFYdEbX1Z0W532LPde3CODiek+slYESuS+drARwnijQakGUL6qrb7x23boLmjZcdHHQtAieevwhfeh033OWZX6WcZ5aXxL25o/pGRo1dLHW4zWrJY8pUGoeikeL04EigIvrz72CokgV06wmhKyWPN6NFdV1GyRR2B6bm6lOJRN7GGM38iLHuQjg4npvr4AoihnT9DMgJItCNaVU1gxznttH42J1La7iKq7iKq7iKq73+fq/R19fDoW4SoEAAAAASUVORK5CYII=', '橘胖', '0987654321', '2022-10-07', 6, 4, '16樓', '2022-09-20 17:18:37');
INSERT INTO `member` (`id`, `email`, `password`, `picture`, `name`, `mobile`, `birthday`, `address_city`, `address_region`, `address`, `created_at`) VALUES
(19, '888@g.com', '$2y$10$MrMQDE.9w8L3Y6gMWzQTBuqBQ8uidYy1SZlaoonUzPJcgc3BytPwu', './imgs/member/picture01.png', NULL, NULL, NULL, NULL, NULL, NULL, '2022-10-03 17:47:35'),
(20, '777@g.com', '$2y$10$46svUIAw82niSiVlI43lSeGY27UY/pHczYXL0CohiukrGuiVlZS5C', './imgs/member/picture01.png', NULL, NULL, NULL, NULL, NULL, NULL, '2022-10-03 18:04:12'),
(21, '666@g.com', '$2y$10$u25830Axu.4gjgZ49n6DDe45lMcYHxezOEAaCqfvSuWPfEfZj9fvO', './imgs/member/picture01.png', NULL, NULL, NULL, NULL, NULL, NULL, '2022-10-03 18:04:19'),
(22, '555@g.com', '$2y$10$xUC8lFooUmBeBnhXxGXFI.CFjWDFF/xaMD1fu3JygupSKzf7tGbM6', './imgs/member/picture01.png', NULL, NULL, NULL, NULL, NULL, NULL, '2022-10-03 18:04:34'),
(23, '333@g.com', '$2y$10$3fOTeW5QsN.AjuBdO7pTFu5nHVPbEEZ6MvNw95yN2hcWQVNZ9IKGy', './imgs/member/picture01.png', NULL, NULL, NULL, NULL, NULL, NULL, '2022-10-04 00:57:59'),
(24, '222@g.com', '$2y$10$ZatvT8leIu./FWFCXh1yfefR3.Elb13Mqx.T6VPzb9FRVrO2OS3JC', './imgs/member/picture01.png', NULL, NULL, NULL, NULL, NULL, NULL, '2022-10-04 01:06:01');

-- --------------------------------------------------------

--
-- 資料表結構 `product`
--

CREATE TABLE `product` (
  `sid` int(11) NOT NULL,
  `id` varchar(100) DEFAULT NULL,
  `category_sid` int(11) DEFAULT NULL,
  `product_name` varchar(255) DEFAULT NULL,
  `product_card_img` varchar(255) DEFAULT NULL,
  `product_card_smallimg` varchar(255) DEFAULT NULL,
  `product_card_bigimg` varchar(255) DEFAULT NULL,
  `product_price` int(11) DEFAULT NULL,
  `product_subtitle` varchar(255) DEFAULT NULL,
  `product_introfirst` varchar(255) DEFAULT NULL,
  `product_introimgfirst` varchar(255) DEFAULT NULL,
  `product_introsec` varchar(255) DEFAULT NULL,
  `product_introimgsec` varchar(255) DEFAULT NULL,
  `product_popular` varchar(255) DEFAULT NULL,
  `product_comment` varchar(255) DEFAULT NULL,
  `created_at` date DEFAULT NULL
) ENGINE=InnoDB DEFAULT CHARSET=utf8mb4;

--
-- 傾印資料表的資料 `product`
--

INSERT INTO `product` (`sid`, `id`, `category_sid`, `product_name`, `product_card_img`, `product_card_smallimg`, `product_card_bigimg`, `product_price`, `product_subtitle`, `product_introfirst`, `product_introimgfirst`, `product_introsec`, `product_introimgsec`, `product_popular`, `product_comment`, `created_at`) VALUES
(1, 'P01', 2, '月老系祈福戀人手繩', 'P01_1', 'P01_1_b.jpg,P01_2_b.jpg,P01_3_b.jpg,P01_4_b.jpg,P01_5_b.jpg', 'P01_1_s.jpg,P01_2_s.jpg,P01_3_s.jpg,P01_s_b.jpg,P01_5_s.jpg', 485, '月老系｜ 胭脂 喜糖 姻緣樹\n「 戀人的 守護幸福祈願力量♡ 」', '古文「系」字通「繫」。 <br> <br> 『赤繩子耳，以系夫婦之足，及其坐則潛用相繫。雖讐敵之家，貴賤懸隔，天涯從宦，吳楚異鄉，此繩一繫，終不可逭。』 <br> <br> 月下老人最早出自於唐朝李複言所著《續玄怪錄。定婚店》中的故事， <br> 故事中少年韋固因為老人的姻緣牽引， <br> 多年後最終娶得當初老人所言那賣菜婦人懷中女孩為妻。 <br> 這段話說被紅繩系住的男女不論是仇家、貧富懸殊、或相隔千里，最終都會成為夫妻。 <br> <br>', 'P01_4.jpg,P01_5.jpg', ':: 霞海城隍廟香爐加持 :: <br> 祝願每一位配戴手繩的你(妳)，都能平安自在♡ <br> <br> :: 兩顆珠子 :: <br> 月老系 就是藉月老傳說的美意， <br> 將兩顆聖木珠結在手繩頭尾兩端，繞一圈交會，相伴相扣， <br> 象徵牽引兩人那條看不見的姻緣線， <br> 繞過千山萬水，終得白頭不相離。', 'P01_6.jpg,P01_3.jpg', '4', '4', '2022-06-01'),
(2, 'P02', 2, '月老牽引水晶手鏈', 'P02_1', '', '', 1880, '', '紅紋石 9 mm\n紅紋石有助舒緩激動的情緒及過濾負能量。 紅紋石可治療因失戀帶來的痛苦、失落、憂鬱，讓情緒穩定緩和。 紅紋石可助消解憂鬱，有助蜜運、亦可加強個人衝勁及行動力。\n\n月亮石7mm\n由於月亮石是愛情之石，所以月亮石的功效有助提升女性魅力，幫助吸引異性，以及增進男女朋友情侶之間了解對方，改善情緒上的偏執，所以很多人會認為月光石有助分手的情侶復合。 而對於個人有肋入眠、可調節飲食習慣，長期佩戴月光石可由改善氣質，更會護膚、明眸、護髮。\n', '', '\n關於產品:\n1. 天然石的顏色/內含物每顆不一樣，商品與實物未必一模一樣.\n2. 任何飾品不建議洗澡時配戴，汗水，香水也可能影響力 金屬氧化褪色', '', '10', '4', '2022-07-31'),
(3, 'P03', 2, '一顆不變的心草莓晶手鍊', 'P03_1', '', '', 888, '▸桃花運☆增加異性緣、斬爛桃花，婚姻感情升溫。 \n▸貴人運☆提升人際關係、魅力，才能事半功倍。 \n\n', '一顆不變的心手鍊，花若盛開、蝴蝶自來， #提升戀愛運，草莓晶可幫助人緣、人際關係，增強正緣桃花運，同時可使思考更加清晰。給自己一條水晶手鍊，運用水晶能量，提升氣場。咕咕好運，陪您一起變好的朋友。\n草莓晶的能量及磁場偏強，有助於提升愛情運勢、吸引美好姻緣，及增進人際關係。', '', '', '', '15', '4', '2022-07-31'),
(4, 'P04', 1, '霞海城隍廟 X 甜作之盒月老供品組', 'P04_1', 'P04_1_b.jpg,P04_2_b.jpg,P04_3_b.jpg,P04_4_b.jpg,P04_5_b.jpg', 'P04_1_s.jpg,P04_2_s.jpg,P04_3_s.jpg,P04_4_s.jpg,P04_5_s.jpg', 707, '台北霞海城隍廟加持認證，最甜最完整的月老供品組合，一盒在手，求愛無阻！', '【最甜最完整的參拜體驗！】 <br>\n幫你把月老參拜體驗濃縮在這一盒中！ <br>\n真命甜子小抄讓你 #釐清想要的愛情 <br>\n內附最甜供品，不用再煩惱要帶什麼供品參拜月老 <br>\n拜完還有時光棉布愛情御守與和紙膠帶，持續保佑你的愛情！ <br>\n希望在這個愛情的時節裡，每個人都能獲得月老的庇佑，擁抱滿滿的幸福 <br>\n<br>\n', 'P04_6.jpg\n', '除了保持「平常心」之外，我們為你整理了醞釀緣分的小技巧： <br>\n<br>\n● 時時配掛『加持愛情御守』，如果想念月老，也可以打開盒子，與紙雕月老說說話，不受時空限制，和藹的月老一直都在。 <br>\n● 收藏『真命甜子小抄』，將自己寫下的甜密哲學放在心上，提醒自己朝著對的方向前進，這點很重要，不要因為一時誘惑或心軟，做出違背本心的決定。 <br>\n', 'P04_7.jpg', '90', '5', '2022-08-01'),
(5, 'P05', 1, '霞海城隍廟 X 零錢包', 'P05_1', '', '', 380, '以月老作為發想主軸設計織標 \nthe old man under the moon', '滿月的月光照映在月老廟\n月老坐在的辦公室裡看著姻緣簿煩惱著如何幫前來求好緣的善男信女們牽上紅線\n日曆上是農曆八月十五 月老的生日\n偷偷告訴大家 民間也相傳七夕（農曆七月七日）與月老生日(農曆八月十五）求姻緣特別靈驗\n', '', '材質上選用可愛的羊羔毛布料\n薑黃色與黑色搭配紅藍繩製作圓形零錢包\n再縫上月老織標\n象徵圓滿的姻緣\n希望收到的人可以感受到心意飽滿的祝福\n再偷偷告訴大家\n跟月老求的紅線最適合放在錢包裡\n我們內層有特別設計小隔層讓大家放紅線', '', '22', '4', '2022-08-02'),
(6, 'P06', 2, '月老牽紅線香水禮盒', 'P06_1', '', '', 825, '期間限定情人節禮盒包裝，限量月老紅線姻緣袋，情人節脫單首選，五款品牌經典香氣一次擁有', '經典香水禮盒五款香氣介紹\n美神：牡丹、玫瑰、紅蘋果/花香調\n海洋女神：小黃瓜、香草、麝香/清新調\n青春女神：葡萄柚、佛手柑、琥珀、廣藿香/柑橘調\n甜蜜女神：西洋梨、甜瓜、小蒼蘭、琥珀/果香調\n希望女神：萊姆、杜松、薑、木頭、薰衣草/木質調\n', '', '\n用途：隨身香水，增添迷人香氣，可放置於小包方便攜帶，可噴於空間或織品衣物，香味持久，還可噴於乾燥花圈吊飾當擴香底座，掛於室內空間或車子散發香氣。\n\n容量：25ml (5ml x 5)\n香氣可維持約6-8小時', '', '59', '5', '2022-08-03'),
(7, 'P07', 2, '祈願七脈輪複方精油滾珠', 'P07_1', '', '', 480, '情人的愛，都可以轉化到不同的個體，成為不可取代的陪伴', '我們邀請粹淬的好友，好好愛那些平時在身邊陪伴您的人，將這份愛傳遞出去！\n月老牽線限量款設計芳香精油#隨身好人緣\n悅月老桃花款-以桃花盛開實景 象徵緣份將至 檔也檔不住的桃花運\n愛月老牽紅線款-以牽紅線概念 正面結合愛心 背面則有雙圓雙戒的小巧思\n', '', '', '', '29', '4', '2022-08-04'),
(8, 'P08', 2, '粉晶擴香禮盒', 'P08_1', '', '', 1810, '好人緣粉水晶 × 7款香氣，打造專屬的香氣禮盒（含品牌緞帶包裝＋提袋）', '水晶礦石可放置空間增加生活品味，也能滴上香氛精油作為擴香石使用，豐富你對香氛的想像。\n為自己挑選一款礦石 x 香氛的生活質感單品吧！\n禮盒內容\n粉水晶一袋＋20ml香氛精油一瓶＋180ml茶色玻璃杯一個（含蓋子），共三件入。\n◆ 水晶原礦（粉晶）\n來挑選適合的水晶原礦吧！除了外觀與色澤外，也可以參考它們帶來的能量喔。\n', '', '◇ 粉水晶\n平衡情緒，提升人緣。\n＊每包水晶原礦都能剛好裝滿茶色玻璃杯，並可以蓋上玻璃蓋。\n◆ 香氛精油20ml（12選1）\n精油以茶色玻璃為主要的容器，因茶色玻璃有隔絕陽光的特色，避免天然精油變質外，更能有效地保存我們調製的香氛氣息。', '', '38', '5', '2022-07-31'),
(9, 'P09', 2, '脫單大禮包', 'P09_1', '', '', 690, '', '內容物有：\n擲筊筷架一對，月老圖像台式啤酒杯一只。\n外包裝有：\n竹籃，內襯台灣客家大紅花布\n\n【擲筊筷架商品規格】：一對 直徑 5 公分，寬 5 公分，高 2 公分\n材質： 陶瓷\n紙盒尺寸：長 6 公分，寬 6 公分，高 3 公分\n重量：一對 30 公克\n竹籃尺寸：\n方：長 10 公分 寬 10 公分 深 6 公分\n長：長 19 公分 寬 10 公分 深 6 公分\n*竹籃不挑色，不便之處敬請見諒！\n(但您放心每種包起來都超美的)\n', '', '\n注意事項：\n手工製作，有手工痕跡為正常現象。\n切勿進烤箱，直火，或用粗糙材質洗刷表面。\n\n【月老圖像台式啤酒杯】商品規格：直徑 6 x 高 8 公分\n材質：玻璃\n重量：單入杯50 公克\n\n注意事項：\n圖像為熱轉印於玻璃上，可進洗碗機。\n盡量避免用粗糙材質洗刷表面。洗後自然風乾即可。', '', '17', '3', '2022-07-31'),
(10, 'P10', 1, '霞海城隍廟 X 原色木紋夜燈', 'P10_1', '', '', 2592, '設計師獨家研發設計【專屬客製化｜夜燈拾光機 】經典款熱賣破千件 \n霞海城隍廟聯名款 x 客製化圖像 x 夜燈擺飾 x 結合生活化數位時鐘', '✨💑情人送禮聯名款「就想和你在一起」重磅推出⛩✨\n今年與⛩台北霞海城隍廟月下老人👵🏻聯名推出愛意滿滿的禮物啦💞\n以「就想和你在一起」為設計主軸傳遞彼此之間毫不保留的愛與緣分\n無論是情人驚喜、閨蜜贈禮、家人紀念、朋友祝福、新婚祝賀、老夫老妻耍甜蜜都適用\n期待在送禮時能讓彼此都感受到暖暖的心意及感動唷💙✨\n', '', '\n我們的理念是「Catch every good moment in your life. 」\n同時我們販售的也是一種感動，融感性與理性為一體，將每座夜燈都注入屬於自己獨一無二的故事，期望製造一個凝結時間的產物、一種揉合遠逝時光的記憶氛圍，將時間軌跡裡感動的「一瞬間」記錄下來，客製化商品皆是百分之百用心製成，商品由設計師負責設計及監製，讓您確實可以感受到我們在每一細節的用心與貼心。', '', '10', '4', '2022-07-31'),
(11, 'P11', 2, '手工中藥草線香', 'P11_1', '', '', 699, '澳洲檀香&佩蘭&肉桂&香附, 讓月老領您一路前行，希望能帶給您好運氣與勇氣！', '帶著甜甜的的藥草香味；以古老的中草藥知識為基礎，我們的草藥線香精心的保持著植物本來的特色香味以及其天然的治癒力。\n－祈求好桃花的時候（提醒一下桃花代表人際關係🤝，不只有戀愛）\n使用方法：將線香放在香座上，點燃線香的一端，輕輕吹滅火焰，讓微煙香氣將您輕輕包圍。\n每盒包含30支約可以燃燒40分鐘左右的線香，總燃燒時間超過20個小時。', '', '', '', '14', '3', '2022-07-31'),
(12, 'P12', 2, '在一起乾燥花禮盒', 'P12_1', '', '', 1200, '只要有你在，每年每天都是情人節。\n就想和你在一起甜甜月老組合，讓你七夕沒伴變有伴；有伴不怕會走散。', '//主商品//\n( 1 )乾燥花束\n開花結果，邀請月老當媒人，送給你的她讓她熱淚盈眶Say Yes!\n( 2 )馬林糖或森永牛奶糖\n甜甜月老的嘴，也將你們甜蜜相連；記得一人一包感情不會散~\n( 1 )月老參拜指南 \n依照參拜流程進行祭拜程序，讓你第一次就上手。\n( 2 )品牌卡、名片：隨貨附贈\n( 3 )月老貼紙：可愛的主視覺，捧花月老幫你開花結果\n( 4 )理想對象小卡\n將理想的她/他寫下來，月老快快幫忙牽線。', '', '', '', '37', '4', '2022-07-31'),
(13, 'P13', 1, '鹿港天后宮 X 祈願養護組', 'P13_1', '', '', 1180, '', '商品材質:\n《 祈願 • 月老姻緣香 • 純銀手鍊 》:蠟繩/低敏925純銀製品/淡水珍珠\n《祈願．月老姻緣香．手鍊養護袋》:外袋绒面超纖/内卡羊皮绒\n《 祈願 • 愛情丹 • 月老姻緣香 》:玻璃瓶', '', '', '', '30', '5', '2022-07-31'),
(14, 'P14', 1, '鹿港天后宮 X 祈願純銀手鍊', 'P14_1', '', '', 850, '', '商品材質:蠟繩/低敏925純銀製品/淡水珍珠(商品採用淡水珍珠，形狀大小皆不同，細微坑洞及凹痕為天然形成非屬瑕疵)\n商品規格:一件販售\n商品尺寸:0.6x0.5cm\n鍊長:15.5cm(含扣頭)\n延長鍊:2.5cm(不含尾片)', '', '', '', '50', '5', '2022-06-01'),
(15, 'P15', 1, '胭緣聚月口紅＋粉餅', 'P15_1', '', '', 2500, '工欲善其事，必先利其器，想要脫單就要脫單美妝「神器｣！', '每個人想必都有在感情路上跌跤的經驗吧？我喜歡的人不喜歡我、我以為他很好，但他卻背叛了我，或遇人不淑，或真愛難覓，愛情始終是一道難解的謎題。這時候就許多人就會開始藉由宗教的力量尋求心靈的慰藉，也因此臺灣一直以來都有拜月老的習俗。近幾年也越來越多廟宇趕上這一波潮流，推出月老彩妝，希望民眾擦上月老口紅就能獲得月老的保佑，覓得良緣，蒐集這四款還可獲贈有喜餅之意的月老粉餅，即獲得月老祝福愛情圓滿。若是男生用不到口紅，也可以帶在身上，當作祈福喔！\n', '', '', '', '70', '5', '2022-06-01'),
(16, 'P16', 1, '胭緣聚月眉筆＋化妝包', 'P16_1', '', '', 2000, '工欲善其事，必先利其器，想要脫單就要脫單美妝「神器｣！', '人們總說愛情是建立在「信任」之上，但其實愛情更是建立在「希望」之上，日子一天一天過，再不平凡的浪漫邂逅終有一天會成為平凡的家常便飯。當激情褪去，在姻緣線的兩端搭起橋樑的就是「希望」，兩個人你看著我，我看著你，眼中有了希望才有未來，也才能擁抱幸福的後話。男人女人，你我都應該追尋希望，一起繼續看下去，為你的幸福姻緣牽起希望線！\n\n彩妝禮盒贈品—月老化妝包\n鮮紅的月老化妝包呈現愛情最純粹的原色，鏤金的吉祥圖紋使幸福更添圓滿，把求來的月老彩妝品全集於化妝包內，讓情意得以延續，黛代相傳。', '', '', '', '70', '5', '2022-06-01'),
(17, 'P17', 1, '霞海城隍廟 X 脫單禮盒', 'P17_1', '', '', 700, '女生的事，就是我們的事～\n月事交給愛康，愛情交給月老～', '「脫單禮盒」正！式！開！賣！\n單身的朋友歡迎把握機會。\n御守 + 籤詩+ 筊杯 = 愛情降臨。\n御守｜攜帶在身，真愛現身\n籤詩｜不知去處，找到明路\n筊杯｜左右逢源，求得正緣\n\nPS許多女性朋友來問說”月事”來的時候可以來參拜嗎？\n當然是可以的，不要拜天公就好囉！現場提供紅棗、枸杞燉煮的平安茶與大家結緣，補血養身、同時友善生理期的女孩子，讓人感到非常溫暖及貼心！', '', '', '', '29', '4', '2022-06-01'),
(18, 'P18', 1, '台南祀典大天后宮 X 月老品茶組', 'P18_1', '', '', 399, '想脫單的動作快，《萬波島嶼紅茶》特別找上台南祀典大天后宮推出限量「七夕月老禮盒」，有了月老的加持，肯定桃花朵朵開！\n', '台南祀典大天后宮後殿供奉的月老公公，有「緣粉月老」之稱，同時並列「府城四大月老」，已撮合無數佳偶，靈驗程度受到許多單身男女爭相前往，現在《萬波》幫各位向月老求緣，「月老緣粉」的使用小秘訣，即是可以抹一些在耳後，或是放進香囊當中帶在身上。\n此外，禮盒內還有品牌嚴選的台灣金萱紅茶「萬波島嶼紅茶包」以及讓月老公公呷甜甜的「島嶼檸檬茶王風味軟糖」，有了百年大天后宮加持，想必人緣也會跟著水漲船高。\n\n', '', '', '', '50', '5', '2022-06-01'),
(19, 'P19', 1, '霞海城隍廟 X 姻緣簿茶蜜組', 'P19_1', 'P19_1_b.jpg,P19_2_b.jpg,P19_3_b.jpg,P19_4_b.jpg,P19_5_b.jpg', 'P19_1_s.jpg,P19_2_s.jpg,P19_3_s.jpg,P19_4_s.jpg,P19_5_s.jpg', 650, '取材自月老姻緣簿的概念，禮盒即為一本姻緣簿！', '取材自月老姻緣簿的概念，禮盒即為一本姻緣簿，內有台灣自產純荔枝蜂蜜及宮廟御守造型茶包。 <br>\n宮廟御守造型茶包共有六款，每個話語均不同，立馬脫單、桃花爆棚、蜂情萬種、迷倒眾生、嫁到好尪、娶到水某，充滿趣味與祝福，讓你贏得人緣、桃花朵朵開！ <br>\n內容物：哈尼荔枝蜜150克/瓶 x 1入、魅力紅茶造型茶包2.5克/包 x 6入 <br>\n禮盒尺寸：長17cm、寬25cm、x高6.5cm <br>\n', 'P19_3.jpg,P19_4.jpg\n', '【魅力紅茶造型茶包】 <br> ◆ 茶葉產地：斯里蘭卡 <br> ◆ 製作：台灣 <br> ◆ 有效日限：標示於包裝上 <br> ◆ 成分：錫蘭紅茶、麥香香料 <br> <br> 【哈尼荔枝蜜】 <br> ◆ 放蜂地點：台南 <br> ◆ 蜜源植物：荔枝花 <br> ◆ 有效日限：標示於包裝上 <br> ◆ 成分：蜂蜜 <br>', 'P19_5.jpg,P19_6.jpg,P19_7.jpg', '95', '5', '2022-08-04'),
(20, 'P20', 1, '霞海城隍廟 X 結緣護手霜', 'P20_1', '', '', 850, '♥七夕情人節結緣 - 就想和你在一起 ♥\n霞海城隍廟與檜山坊限量聯名禮盒\n香氛 滋潤 制菌 戀愛 四效合一', '專屬情人節清新的木質調\n凡購買即贈送月老聯名貼紙一張！\n#魯蛇秒脫單\n#成雙成對\n#馬上對愛入座\n【品名】檜木制菌滋潤護手霜禮盒｜霞海城隍廟與檜山坊限量聯名禮盒\n【內容】〔清爽保濕版 〕2 +〔雙倍滋潤版 〕1＋〔月老聯名貼紙〕*1\n添加純天然檜木精油，濃郁檜木香氣，輕鬆享受大自然芬多精! 高純度乳油木果油添加，潤澤手部肌膚，結合蘆薈萃取液、維他命B5等保濕因子，給您雙手絕佳呵護。\n\n◎香氛 滋潤 制菌 戀愛 四效合一\n', '', '', '', '10', '4', '2022-08-04'),
(21, 'P21', 1, '鎮瀾宮大甲媽 X 祈願御守', 'P21_1', '', '', 520, '', '全內容物皆經過過爐加持！\n禮盒內容物：\n1. 精美外盒\n2. 皮製愛情御守 \n3. 良緣姻緣線\n4. 報馬仔紅線\n【千里姻緣一線牽】\n紅繩子，用來系在夫婦的腳上，這樣一來，哪怕對方是仇敵，貧賤懸殊，遠在天涯海角，也最終會走到一起。 這即是「千里姻緣一線牽」的傳說。\n', '', '【紅線也可以保平安】 自古以來，配戴紅繩手鍊就具有各式各樣的開運功效，紅線本來的用意是吉祥祝福祈願用。紅色代表火，有去煞的功用，拿紅色線跟神明祈求過後過香爐，除了可以保平安，對氣運、身體、事業、感情都有幫助。', '', '70', '5', '2022-08-04'),
(22, 'P22', 1, '限定月老香水', 'P22_1', '', '', 95, '隆重介紹重量級元老——掌管姻緣的月老與七娘媽登場囉！', '兩位神祇象徵天賜良緣、守護愛情，讓無論單身、單戀、伴侶或夫妻，都能有情人終成眷屬、幸福美滿。\n這就是一推出就要手刀必入的秒殺缺貨商品–「臺南限定月老香水」，這款與臺灣品牌「明星花露水」共同發行、熟悉又經典的味道，一點都不輸法國” 扣扣．香*ㄦ”， 讓您魅力散發無法擋唷！\n創始於清光緒33年，具有百年歷史的品牌香水「明星花露水」首次與政府機關合作，推出臺南七夕特製版', '', '', '', '40', '4', '2022-08-04'),
(23, 'P23', 1, '霞海城隍廟 X 好運緣結木拼圖', 'P23_1', '', '', 599, '亞里士多德說：「愛就是一個靈魂住在兩個身體。」\n紛紛擾擾的世界，每個人都在尋找專屬自己的那七十億分之一\n但就像打散的拼圖一樣，誰在誰身邊？誰又是誰最適合的形狀呢？', '不管你是和心愛的人共同完成或是結緣脫單\n這次！一起為愛而拚！一起找到生命中缺少的欠片！\n拼圖均附有紙盒包裝與完成提示，不論是要送給心愛的另一半一起結緣\n或是給單身的朋友或自己一次為愛而拚的鼓勵都很棒喔！\n材質：椴木\n注意：木頭具有天然紋理與色差，每一件都有所不同屬自然現象，並非瑕疵喔！\n台灣設計製造', '', '', '', '30', '4', '2022-08-04'),
(24, 'P24', 1, '霞海城隍廟 X 扣式真皮中夾禮盒', 'P24_1', '', '', 2280, '【一份心意，只獻給你】', '▍貼心附上結好緣明信片，求得好姻緣\n\n因為珍惜與你的相遇，\n在這動盪的日子裡，\n準備一份「祈福真皮件」，代表我最真摯的祝福。\n「只」送給心愛的你\n▪只選用100%頭層牛皮\n▪只挑台灣自創品牌\n▪只選獨一無二的天然紋路\n', 'P24_2.jpg', '#caltan #凱爾登皮件 #真皮夾 #好運 #結緣 #送禮 #月老 #紅線 #就想和你在一起 ▍CALTAN x 城隍廟好運皮夾 - 送你最真摯的禮物情人節送禮首選，讓月老牽起咱倆的小紅線 ▍中夾造型，大小適中 ▍卡層夾層多，收納方便 ▍拉鍊式大容量零錢區', 'P24_5.jpg,P24_3.jpg,P24_4.jpg', '88', '5', '2022-08-01'),
(25, 'P25', 1, '霞海城隍廟 X 溫感足浴組', 'P25_1', '', '', 1890, '每個女生都要有的SPA級——溫感足浴袋', '\n漢方美容足浴SPA禮盒組｜內容物：\n● SPA級-溫感足浴袋（經典小黑、檸檬黃袋、裸粉玫瑰）\n● 漢方湯浴包『天天舒壓x4入、月月溫順x4入、日日輕盈x4入』三大包共12入，三種款式。\n● 泡腳指南穴道說明圖\n\n▎ 樂木集のSPA級-溫感足浴袋\n\n', '', '● 全台唯一新型專利獨家SPA級溫感足浴袋品牌！ ● 四層加厚！上下層500D夾網PVC＋內層鋁箔層＋保溫棉，持久保溫！保暖升級！ ● 加高桶深，可泡到小腿的足三里穴位。 ● 舒適提手，輕鬆裝水倒水。 ● 材質厚實防傾倒，挺立不漏水！ ● 摺疊收納，攜帶方便，不佔空間！ ▎ 三款漢方湯浴主題：天天舒壓、月月溫順、日日輕盈', '', '53', '5', '2022-08-01'),
(26, 'P26', 1, '霞海城隍廟 X 粉晶滾輪刮痧', 'P26_1', '', '', 1314, '嚴選天然豐潤的粉晶，是著名的桃花寶石 以「娘娘棒」滾輪或粉晶刮痧板來按摩，幫助保養品吸收更快更好，更可搭配精華油、精華液、面膜使用，加強潤滑；輕鬆地舒緩疲倦肌膚，由內而外彈力飽滿喔', '讓你的滿滿心意，美上加美！\n愛蕊最受歡迎的玉石滾輪組\n是許多朋友挑選質感禮物的首選\n\n傳情時刻，我們為霞海城隍廟聯名粉晶滾輪組\n再繫上精緻的金色緞帶與聖誕小吊卡妝點\n卻不遮掩到原本就極具月老結緣特色、美極了的外觀設計\n讓你送禮送到親友的心坎裡\n\n', '', '／緣結び、 LUCKY IN LOVE：禮盒主題／ 緣結び：不論是中文或日文，都代表結好好的緣，亮美美的顏！ LUCKY IN LOVE: 東方邱比特－月老用紅線取代弓箭，為你帶來無盡的愛的幸運 ／象徵東方男神月老的特徵：紅線、姻緣簿、拐杖／ 紅線結成英文大寫L，代表你在愛情裡將獲得的幸運，兩個圈圈是把你與他圈在一起的甜蜜 ／更多好兆頭：喜鵲、桃花、海芋等／ 象徵愛情的喜鵲及代表幸福的海芋，只有更多滿載的甜', '', '88', '5', '2022-08-01'),
(27, 'P27', 1, '霞海城隍廟 X 摩斯密碼告白門簾', 'P27_1', '', '', 1280, '心底的愛意濃厚，卻總是說不出口\n讓蚤操的手染作品幫你傳達吧！', '特調的柔嫩粉橘色與粉紅色，手工電繡的愛心裝飾\n中間連續的紅線相連不斷，收尾的紅線綿延彼此緣份\n懸掛起來，浪漫的氣息瀰漫空間\n\n仔細看看門簾兩側愛心的分佈，是不是有點規則？\n解開謎底！是藏著－摩斯密碼「I love you」\n送給心儀的他，看看能不能猜出你的心底話吧～\n', '', '\n◆因手染訂製款僅能相似，細節不可能一模一樣，可接受再下單\n◆下單前若有疑問，歡迎盡量多發問\n◆關於色差，因各家螢幕顯示器不同，顏色可能會略有誤差，對顏色要求精準的朋友下單前請考慮清楚唷！', '', '41', '4', '2022-08-01'),
(28, 'P28', 1, '霞海城隍廟 X 水餃包', 'P28_1', '', '', 490, '', '#戀情結良緣｜就想與你在一起\n#日常結善緣｜就想與你見證情誼\n#人間好人緣｜就想讓自己正能量滿滿\n\n聯名商品—水餃包\n布物設計運用大稻埕的「中藥」\n將在地元素化為獨特布花\n製成小巧又軟綿綿的掌中水餃包～\n', '', '\n圖案取自藥方「十全」與「養肝明目」\n除了欣賞藥材的美麗紋理\n也帶著希望你「健健康康」的心意\n送禮最適合不過了！', '', '36', '3', '2022-08-01'),
(29, 'P29', 1, '霞海城隍廟 X 御守徽章', 'P29_1', '', '', 779, '獨家聯名結緣袋＆結緣紅線', '包裝設計\n這次的包裝設計，我們採用禮盒式的包裝設計，封面大大的月老手持法仗拋出紅繩，西方為台北霞海城隍廟的外觀，將禮盒打開，就像進入廟宇參拜一樣。\n內盒設計\n盒內的設計，我們採用較深的紅色，去襯托外盒的粉紅，同時，深色的內襯也更襯托出兩款徽章御守櫻花粉以及丹青色。\n', '', '小卡以及紅繩\n整個禮盒我們除了專為佳人設計的徽章御守外，我們還在中間放置了印有廟宇的抽籤小卡，裡面有一張藏頭的籤詩，為新人祈福的大吉大利，而籤卡的下方，我們放置了兩張小卡，上面用一條紅繩串在一起，佳人可以把想寫的話寫在小卡，跟著另一半或曖昧對象，一起到台北霞海城隍廟，過香火以及跟月老祈求平安幸福。\n徽章御守\n最後是御守本身，這個徽章御守，可以別再包包、衣服等地方，下方鍊子還有一個小牌子，當走動時鍊子也會隨之搖擺，兩枚一組的徽章，既可送人也可自用～', '', '33', '3', '2022-08-01'),
(30, 'P30', 1, '霞海城隍廟 X 牽線絹印組', 'P30_1', '', '', 520, '', '', '', '', '', '12', '4', '2022-08-01'),
(31, 'P31', 1, '霞海城隍廟 X 紅線口金包', 'P31_1', '', '', 199, '', '', '', '', '', '77', '4', '2022-08-01'),
(32, 'P32', 2, '檜木結緣御守', 'P32_1', '', '', 400, '', '是 御守/平安符 也是 吊飾 ，正面用廟宇裡的窗花圖騰設計。\n背後可刻上留言的客製化內容，非常適合送禮或給自己保平安用。\n\nSmell -\n\n檜木的香味似線香都有讓人安心舒適的感受\n在疫情期間也可以帶給想祈求各種運勢的朋友\n彷彿置身在廟宇參拜時的氛圍與體驗\n\nTouch -\n\n御守大小的設計無論是當做吊飾使用\n或是放置於包包內當平安符\n木頭質感也帶來扎實且輕巧的感受\n', '', '\nFeel -\n\n印花圖騰給予使用的人安心感\n成對的御守圖示也很適合朋友送禮\n\n| 台灣檜木介紹 |\n- 材質 : 因台灣林木禁伐，來源為老屋樑料及日治時期的舊料，因此台灣檜木越來越珍貴稀少。\n- 原木木紋接獨一無二 (山形紋/直紋)。\n- 擁有獨特香氣 / 溫和且不刺鼻。\n- 遇水會刺激原木香氣的揮發。', '', '65', '4', '2022-08-01'),
(33, 'P33', 1, '霞海城隍廟 X 超虔誠結緣組', 'P33_1', '', '', 299, '', '月老喵Ｘ台北霞海城隍廟，攜手打造絕美結緣品\n台北霞海城隍廟是全台最有名的月老廟之一，每年促成 6000 對佳偶！\n然而不是每個人都能天天進廟參拜，加上疫情讓大家不敢出門。\n為了讓更多人獲得幸福，月老喵特別推出了線上參拜求籤服務。\n\n在計劃支持者的引頸期盼下，今年我們再度加碼推出兩款精緻結緣品，希望能讓月老的祝福時刻陪伴你。\n無論自己想求取好姻緣、讓感情加溫，或是送給等待脫單的親友，都是最暖心的選擇 ♥\n', '', '\n《自己的緣分自己綁》紅線明信片\n▸ 由我們精心設計的明信片與結緣紅線​\n▸ 內附三種繩結教學，教你如何綁住幸福​\n\n▸ 明信片背面同樣有霞海城隍廟官方印記​　　​\n▸ 此紅線尚未過火​\n\n為了向月老展現最大的誠意，建議大家購買後​\n親自帶著紅線前往霞海城隍廟過火，並搭配供品參拜月老​', '', '76', '4', '2022-05-18'),
(34, 'P34', 3, '大福氣餅乾禮盒', 'P34_1', '', '', 400, '', '手工曲奇系列：手作的精緻曲奇，一樣用使用優質天然食材製作，減少甜度的修飾，讓好食材演奏出美妙的旋律。\n\n原味小福心（約18~22片）\n法國進口依思尼AOP發酵奶油、蛋，減糖30％，麵粉特選日本鳥越，做出來的餅乾酥鬆化口，奶香清爽甘甜不膩。簡單的材料卻勾勒出動人的美味。\n\n咖啡小福心（約18~22片）\n用的是義大利精品咖啡 illy，香濃咖啡超涮嘴，保證停不下來。', '', '\n抹茶小福心（約18~22片）\n選用日本京都百年經典品牌「丸久小山園」的「清綠」枺茶製作，「清綠」是以有機栽培，餅乾香氣濃郁，尾韻甘甜悠長。\n\n可可小刺蝟 （約17-18條）\n以原味小刺蝟為基底，加上法國Cacao Barry的100%可可粉。奶油、堅果以及香濃可可的黃金組合，口感香酥誰能不愛', '', '56', '5', '2022-05-18'),
(35, 'P35', 3, '因緣巧盒', 'P35_1', '', '', 350, '', '■ 茶花花月餅：\n- 熱量：每份50公克，126.3大卡\n- 成份：白鳳豆、海藻糖、蛋、糖、天然奶油、麥芽糖、奶粉、糯米、小麥、仙人掌\n■ 茉莉奶油餅乾：\n- 熱量：每份15公克，72.6大卡\n- 本包裝含份量：2份\n- 成份：天然奶油、麵粉、糖、杏仁、蛋、奶粉、鹽、茉莉', '', '', '', '75', '5', '2022-05-18'),
(36, 'P36', 3, '開花的春天巧克力禮盒', 'P36_1', '', '', 599, '', '', '', '', '', '74', '4', '2022-05-18'),
(37, 'P37', 3, '甜蜜良緣禮盒', 'P37_1', '', '', 500, '', '月老喵精心挑選單純、新鮮的食材融合台式文化與法式技術，讓大家品嚐到美味兼具的獨特甜點👨🏻‍🍳\n❣️\n常溫月老禮盒，內容物為紅棗費南雪*6、桂圓瑪德蓮*6、玫瑰蛋白霜*2包。\n有情人終成眷屬價 $520\n保存期限：冷藏一週，常溫四天。\n.\n', '', '月老喜甜食，供品記得準備雙數 紅棗-早日找到好姻緣 桂圓-圓滿順利 砂糖-甜月老的嘴 . 若如願覓得好對象，要記得奉上喜餅、喜糖向月老還願唷❤️ 雖說是月老禮盒，紅色外盒新年送禮也很合適喔😁😁', '', '74', '4', '2022-05-18'),
(38, 'P38', 3, '甜在你心餅乾禮盒', 'P38_1', '', '', 550, '', '選擇了食品級純白啞光的圓邊收口式鐵盒，裡頭是滿滿的心意和美味：\n\n檸檬假期\n小花伯爵\n焙炒杏仁雪球\n實栗紅豆費南雪\n蜂蜜燕麥餅乾\n愛心草莓果醬餅乾', '', '', '', '79', '4', '2022-05-18'),
(39, 'P39', 3, '艾克斯糖果禮盒', 'P39_1', '', '', 300, '', '❤️《 #艾克斯糖 》— 原味 / 開心果， 20元 /單顆\n杏仁膏 / 糖漬橘皮 / 糖霜\n杏仁是招桃花聖品，也是法國普羅旺斯的特有點心，象徵對愛情的守護與堅貞、永不分離。', '', '', '', '30', '4', '2022-05-18'),
(40, 'P40', 3, '真松露巧克力', 'P40_1', '', '', 730, '', '《 #真松露巧克力 》90 元 / 單顆 、730元 / 7入禮盒\n法芙娜70%瓜納拉／鮮奶油／義大利白松露油／奶油\n巧克力能撩動情愫，如果你想感受熱戀的滋味，那就先來點巧克力吧。', '', '', '', '66', '4', '2022-05-18'),
(41, 'P41', 3, '你儂我儂巧克力禮盒', 'P41_1', '', '', 520, '', '', '', '', '', '55', '4', '2022-06-01'),
(42, 'P42', 3, '法式水果軟糖禮盒', 'P42_1', '', '', 345, '', '❤️《 #法式水果軟糖 》 35元 / 顆、345元 / 7入禮盒裝、700元 / 20入禮盒\n青蘋果的爽朗、芒果百香的飽滿、香蕉百果的甜郁、白蜜桃的甜美、玫瑰荔枝的嬌艷、無花果的甘純、到森林莓果的豐盈，顆顆甜蜜入心、結成正果。', '', '', '', '44', '4', '2022-06-01'),
(43, 'P43', 3, '月老喵珠寶盒', 'P43_1', '', '', 599, '', '《 珠寶盒 X 貓咪也瘋狂俱樂部 CrazyCat club 》\n聯名公益貓咪鐵盒餅乾 #情人節限定款 熱淚發售中 \n每售出一盒餅乾，珠寶盒法式點心坊 #將捐出100元給貓咪也瘋狂公益協會，來幫助更多浪貓。', '', '', '', '33', '5', '2022-06-01'),
(44, 'P44', 4, '小黑酷酷口罩', 'P44_1', '', '', 300, '', '', '', '', '', '67', '5', '2022-06-01'),
(45, 'P45', 4, '三喵守護你文具組', 'P45_1', '', '', 499, '', '', '', '', '', '28', '5', '2022-06-01'),
(46, 'P46', 4, '月老喵托特包', 'P46_1', '', '', 499, '', '', '', '', '', '22', '5', '2022-06-01'),
(47, 'P47', 4, '月老喵圓形貼紙包', 'P47_1', '', '', 199, '', '', '', '', '', '19', '5', '2022-06-01'),
(48, 'P48', 4, '月老喵正方形貼紙包', 'P48_1', '', '', 199, '', '', '', '', '', '49', '5', '2022-06-01'),
(49, 'P49', 4, '幽靈金寶保溫瓶', 'P49_1', '', '', 399, '', '', '', '', '', '47', '5', '2022-08-03'),
(50, 'P50', 4, '月老喵明信片組', 'P50_1', '', '', 199, '', '', '', '', '', '53', '5', '2022-08-03'),
(51, 'P51', 4, '月老喵守護你帆布掛畫', 'P51_1', '', '', 999, '', '', '', '', '', '32', '5', '2022-08-03'),
(52, 'P52', 4, '小黑超帥印章', 'P52_1', '', '', 199, '', '', '', '', '', '69', '5', '2022-08-03'),
(53, 'P53', 4, '寶寶小黑超Q筆記本', 'P53_1', '', '', 99, '', '', '', '', '', '46', '5', '2022-08-03'),
(54, 'P54', 4, '月老喵愛你玻璃水瓶', 'P54_1', '', '', 299, '', '', '', '', '', '73', '5', '2022-08-03'),
(55, 'P55', 4, '金寶幸福美滿香氛蠟燭', 'P55_1', '', '', 699, '', '', '', '', '', '93', '5', '2022-08-03'),
(56, 'P56', 4, '小黑超潮滑板', 'P56_1', '', '', 8000, '', '', '', '', '', '28', '5', '2022-08-03'),
(57, 'P57', 4, '小黑斬桃花吊嘎', 'P57_1', '', '', 399, '', '', '', '', '', '44', '5', '2022-08-03'),
(58, 'P58', 4, '金寶超嗨飲料', 'P58_1', '', '', 50, '', '', '', '', '', '27', '5', '2022-08-03'),
(59, 'P59', 4, '小黑認真工作馬克杯', 'P59_1', '', '', 299, '', '', '', '', '', '37', '5', '2022-08-03'),
(60, 'P60', 4, '月老喵療癒你盥洗組', 'P60_1', '', '', 799, '', '', '', '', '', '25', '5', '2022-08-03'),
(61, 'P61', 4, '寶寶小黑乳液', 'P61_1', '', '', 399, '', '', '', '', '', '32', '5', '2022-08-03'),
(62, 'P62', 4, '魅力小黑精華液', 'P62_1', '', '', 1999, '', '', '', '', '', '46', '5', '2022-08-03'),
(63, 'P63', 4, '液體小玉手機殼', 'P63_1', '', '', 999, '', '', '', '', '', '59', '5', '2022-08-03'),
(64, 'P64', 4, '金寶保護你手機殼', 'P64_1', '', '', 999, '', '', '', '', '', '42', '5', '2022-08-03'),
(65, 'P65', 4, '小黑幫你斬桃花手機殼', 'P65_1', '', '', 999, '', '', '', '', '', '68', '5', '2022-08-03'),
(66, 'P66', 4, '幽靈金寶手機殼', 'P66_1', '', '', 999, '', '', '', '', '', '51', '5', '2022-08-03'),
(67, 'P67', 4, '小玉幫你牽紅線手機殼', 'P67_1', '', '', 999, '', '', '', '', '', '40', '5', '2022-08-03'),
(68, 'P68', 4, '金寶幸福肥手機殼', 'P68_1', '', '', 999, '', '', '', '', '', '52', '5', '2022-08-03'),
(69, 'P69', 4, '寶寶小黑手機殼', 'P69_1', '', '', 999, '', '', '', '', '', '50', '5', '2022-08-03'),
(70, 'P70', 4, '老少咸宜手機殼', 'P70_1', '', '', 999, '', '', '', '', '', '63', '5', '2022-08-03'),
(71, 'P71', 4, '瑜珈小玉手機殼', 'P71_1', '', '', 999, '', '', '', '', '', '72', '5', '2022-08-03'),
(72, 'P72', 4, '滑板小黑手機殼', 'P72_1', '', '', 999, '', '', '', '', '', '61', '5', '2022-08-03'),
(73, 'P73', 4, '虔誠小玉手機殼', 'P73_1', '', '', 999, '', '', '', '', '', '68', '5', '2022-08-03'),
(74, 'P74', 4, '三喵快樂手機殼', 'P74_1', '', '', 999, '', '', '', '', '', '82', '5', '2022-08-03'),
(75, 'P75', 4, '小黑斬桃花T', 'P75_1', '', '', 590, '', '', '', '', '', '51', '5', '2022-08-03'),
(76, 'P76', 4, '金寶美滿T', 'P76_1', '', '', 590, '', '', '', '', '', '13', '5', '2022-08-03'),
(77, 'P77', 4, '瑜珈小玉T', 'P77_1', '', '', 590, '', '', '', '', '', '28', '5', '2022-08-03'),
(78, 'P78', 4, '幽靈金寶帽T', 'P78_1', '', '', 790, '', '', '', '', '', '26', '5', '2022-08-03'),
(79, 'P79', 4, '情侶帽T', 'P79_1', '', '', 790, '', '', '', '', '', '36', '5', '2022-06-01'),
(80, 'P80', 1, '祈願信紙', 'P80_1', '', '', 100, '', '', '', '', '', '32', '3', '2022-06-01'),
(81, 'P81', 1, '月老飲料', 'P81_1', '', '', 50, '', '', '', '', '', '35', '3', '2022-06-01'),
(82, 'P82', 2, '月老潮潮貼紙包', 'P82_1', '', '', 50, '', '', '', '', '', '45', '3', '2022-06-01'),
(83, 'P83', 2, '月老巧克力', 'P83_1', '', '', 50, '', '', '', '', '', '16', '3', '2022-06-01');

-- --------------------------------------------------------

--
-- 資料表結構 `product_category`
--

CREATE TABLE `product_category` (
  `sid` int(11) NOT NULL,
  `category_name` varchar(100) NOT NULL
) ENGINE=InnoDB DEFAULT CHARSET=utf8mb4;

--
-- 傾印資料表的資料 `product_category`
--

INSERT INTO `product_category` (`sid`, `category_name`) VALUES
(1, '品牌聯名'),
(2, '文創商品'),
(3, '甜蜜供品'),
(4, '月老喵獨家');

-- --------------------------------------------------------

--
-- 資料表結構 `product_details`
--

CREATE TABLE `product_details` (
  `sid` int(11) NOT NULL,
  `order_sid` int(11) NOT NULL,
  `product_sid` int(11) NOT NULL,
  `quantity` int(11) NOT NULL,
  `price` int(11) NOT NULL,
  `created_at` datetime NOT NULL DEFAULT current_timestamp()
) ENGINE=InnoDB DEFAULT CHARSET=utf8mb4;

--
-- 傾印資料表的資料 `product_details`
--

INSERT INTO `product_details` (`sid`, `order_sid`, `product_sid`, `quantity`, `price`, `created_at`) VALUES
(1, 1, 1, 1, 485, '2022-09-16 12:50:00'),
(2, 2, 3, 1, 888, '2022-09-17 12:50:00'),
(3, 3, 6, 1, 825, '2022-09-18 12:50:00'),
(4, 3, 5, 1, 380, '2022-09-19 12:50:00'),
(24, 25, 5, 4, 380, '2022-09-30 16:20:56'),
(25, 25, 55, 2, 699, '2022-09-30 16:20:56'),
(26, 25, 32, 2, 400, '2022-09-30 16:20:56'),
(27, 26, 74, 1, 999, '2022-10-03 17:48:33');

-- --------------------------------------------------------

--
-- 資料表結構 `product_order`
--

CREATE TABLE `product_order` (
  `sid` int(11) NOT NULL,
  `member_id` int(11) NOT NULL,
  `state` varchar(100) DEFAULT NULL,
  `total` int(11) DEFAULT NULL,
  `name` varchar(100) DEFAULT NULL,
  `phone` varchar(100) DEFAULT NULL,
  `address_city` int(11) DEFAULT NULL,
  `address_region` int(11) DEFAULT NULL,
  `address` varchar(255) DEFAULT NULL,
  `delivery` varchar(100) DEFAULT NULL,
  `payment` varchar(100) DEFAULT NULL,
  `payment_state` varchar(100) DEFAULT NULL,
  `created_at` datetime NOT NULL
) ENGINE=InnoDB DEFAULT CHARSET=utf8mb4;

--
-- 傾印資料表的資料 `product_order`
--

INSERT INTO `product_order` (`sid`, `member_id`, `state`, `total`, `name`, `phone`, `address_city`, `address_region`, `address`, `delivery`, `payment`, `payment_state`, `created_at`) VALUES
(1, 16, '訂單完成', 485, '橘胖', '0987654321', 5, 26, '18樓', '宅配', '信用卡', '已付款', '2022-09-16 12:50:00'),
(2, 16, '訂單完成', 888, '橘胖', '0987654321', 5, 26, '18樓', '宅配', '信用卡', '已付款', '2022-09-17 12:50:00'),
(3, 16, '訂單完成', 1205, '橘胖', '0987654321', 5, 26, '18樓', '宅配', '信用卡', '已付款', '2022-09-18 12:50:00'),
(25, 16, '處理中', 3718, '橘胖', '0987654321', 5, 24, '16樓', '宅配', 'ATM轉帳', '未付款', '2022-09-30 16:20:56'),
(26, 16, '處理中', 999, '橘胖', '0987654321', 5, 24, '16樓', '宅配', 'ATM轉帳', '未付款', '2022-10-03 17:48:33');

-- --------------------------------------------------------

--
-- 資料表結構 `review`
--

CREATE TABLE `review` (
  `sid` int(11) NOT NULL,
  `members_id` int(11) NOT NULL,
  `target_type` int(11) DEFAULT NULL,
  `collect_sid` int(11) DEFAULT NULL,
  `star` int(11) DEFAULT NULL,
  `content` varchar(255) CHARACTER SET utf8 DEFAULT NULL,
  `tags_sid` varchar(255) DEFAULT NULL,
  `created_at` datetime NOT NULL
) ENGINE=InnoDB DEFAULT CHARSET=utf8mb4;

-- --------------------------------------------------------

--
-- 資料表結構 `review_tags`
--

CREATE TABLE `review_tags` (
  `sid` int(11) NOT NULL,
  `tags` varchar(10) NOT NULL
) ENGINE=InnoDB DEFAULT CHARSET=utf8mb4;

--
-- 傾印資料表的資料 `review_tags`
--

INSERT INTO `review_tags` (`sid`, `tags`) VALUES
(1, '出貨超快速'),
(2, 'CP值超高'),
(3, '商品超可愛'),
(4, '商品品質爆表'),
(5, '服務態度超好');

-- --------------------------------------------------------

--
-- 資料表結構 `review_tags_rel`
--

CREATE TABLE `review_tags_rel` (
  `sid` int(11) NOT NULL,
  `review_sid` int(11) DEFAULT NULL,
  `tags_sid` int(11) DEFAULT NULL
) ENGINE=InnoDB DEFAULT CHARSET=utf8mb4;

-- --------------------------------------------------------

--
-- 資料表結構 `temple`
--

CREATE TABLE `temple` (
  `sid` int(11) NOT NULL,
  `tem_id` varchar(10) NOT NULL,
  `name` varchar(10) DEFAULT NULL,
  `address_sid` int(11) DEFAULT NULL,
  `category_tag` varchar(50) DEFAULT NULL,
  `hashtag` varchar(50) DEFAULT NULL,
  `step` varchar(500) DEFAULT NULL,
  `notice` varchar(255) DEFAULT NULL,
  `opening_hours` varchar(255) DEFAULT NULL,
  `address` varchar(255) DEFAULT NULL,
  `img` varchar(255) DEFAULT NULL
) ENGINE=InnoDB DEFAULT CHARSET=utf8mb4;

--
-- 傾印資料表的資料 `temple`
--

INSERT INTO `temple` (`sid`, `tem_id`, `name`, `address_sid`, `category_tag`, `hashtag`, `step`, `notice`, `opening_hours`, `address`, `img`) VALUES
(1, 'C01', '霞海城隍廟', 5, '祈求姻緣', '快速有效率', '1.購入金紙、線香、供品<br>\n2.點三支香，先於天公稟明姓名、年齡、地址並作三拜禮<br>\n3.對正殿城隍爺、月老以及眾神稟明姓名、年齡、地址以及心目中理想對象的類型和條件<br>\n4.參拜義勇公(祈求趕走小人、諸事平安順利) - 城隍夫人(保佑家庭幸福) - 菩薩(保佑開啟智慧、心境平和)<br>\n5.吃喜餅、喜糖沾喜氣，喝平安茶保平安<br>\n6.將鉛錢、紅線在香爐中過火，並放至皮包中妥善保存', '1.供品為第一次拜月老時才需要，之後參拜準備金紙及線香即可<br>\n2.可幫家人代求，不可幫朋友代求<br>\n3.鉛錢不可當場拆開<br>\n4.供品可自行攜帶鮮花、水果或是甜品', '06:16 - 19:47', '台北市大同區迪化街一段61號', 'C01_1'),
(2, 'C02', '祀典武廟', 19, '斬桃花、小三', '斬斷爛桃花', '1.天爐再拜殿三代廳 - 觀音廳文昌殿 - 六合堂 - 太歲殿 - 月老祠 - 馬史爺廳 - 春秋樓<br>\n2.求姻緣:老前明生辰八字、姓、住址、心目中理想對象的類型以及條件，不須擲筊，可直接拿取姻緣線及姻緣粉，再到香爐上過火，把姻緣線及姻緣粉放入小紅包袋中隨身攜帶或於枕頭底下即可', '1.除了天公爐三枝香，其他各為一枝香，總共九枝<br>\n2.需購買兩份金紙<br>\n3.可填寫祈願卡吊在月老祠內的掛鉤上，祈求月老牽姻緣<br>', '05:00 - 21:00', '台南市中西區永福路二段229號', 'C02_1'),
(3, 'C03', '樂成宮', 14, '祈求姻緣', '分手求復合', '1.天公爐 - 媽祖爐 - 聖父母殿 - 太歲殿 - 月老殿 - 華陀殿 - 玉皇殿 - 文昌帝君 - 財神殿<br>\n2.參拜完後才可回到月老殿擲筊求姻緣，直到聖筊可到月老桌上拿取一條姻緣線，將姻緣線在香爐上過火，姻緣線可戴手腕(男左女右)，或是裝進紅包袋放到包包或枕頭底下', '1.金紙和供品需至少準備兩份，一樓主殿為一份金\n紙、一包小餅乾、九枝香，月老殿為一份金紙、\n兩包以上糖果(需為雙數)<br>\n2.參拜完需至月老殿換糖果，將自己供品中的一包\n糖果取出五顆糖，在老桌前有五盤糖果，一盤\n更換一顆，五顆都需要自己吃完<br>', '06:30 - 17:30', '台中市東區旱溪街48號', 'C03_1'),
(4, 'C04', '鹿港天后宮', 13, '祈求姻緣', '姻緣美滿', '1.玉皇大帝 - 文昌帝君 - 太歲星君 - 天上聖母 - 虎爺<br>\n2.向月老稟明生辰八字、姓名、住址、理想對象的類型及條件，擲得三次聖筊後，即可索取一條紅線，並在月老香爐上過火，再稟報一次身分資訊即可完成祈福儀式', '1.一共有5爐，每爐需三支香<br>\n2.金紙與供品準備至少兩份<br>\n3.經過月老時先行三拜禮，待全部參拜完後再回來向月老祈求良緣', '06:00 - 22:00', '彰化縣鹿港鎮中山路430號', 'C04_1'),
(5, 'C05', '祀典大天后宮', 19, '幸福美滿', '感情升溫', '1、不論是有無對象，請先準備兩組福金、供品(糕品、甜點)，一份拜大天后宮主神天上聖母，另一份拜月老時奉上。<br> \n2、無對象者，拜完主神後再到緣粉月老祈求姻緣，同時要誠心向月老報告自己姓名、出生日期、現居地址。並詳細說明希望另一伴的條件後，即可擲筊，只要擲一個聖筊，就可拿取紅線及緣粉，男生可取紅線，女生則可取「緣粉與紅線」，過爐後記得將紅線放在口袋內，讓紅線自然消失。<br> \n3、有對象者，除了可以向粉月老祈求幸福美滿外，如有其他問題，也可以請求月老靈籤指示。<br> \n4、在廟宇的右方還有各式祈符可以自行DIY，蓋印之後，再拿到香爐過香，祈求平安', '1.金紙與供品至少需準備兩份<br>\n2.可向廟方購買祈願卡，填寫好可掛於月老殿的許願閣', '05:30 - 21:00', '台南市中西區永福路二段227巷18號', 'C05_1'),
(6, 'C06', '龍山寺', 5, '祈求姻緣', '招桃花', '1.前殿:釋迦牟尼佛、藥師佛與阿彌陀佛<br>\n2.正殿:先向外拜天公，再向內拜觀世音菩薩、文殊菩薩、普賢菩薩<br>\n3.後殿中央:天上聖母<br>\n4.後殿右方:水仙尊王、城隍爺、龍爺、福德正神<br>\n5.後殿左方:註生娘娘、池頭夫人、十二婆者<br>\n6.後殿右側:文昌帝君、大魁星君、紫陽夫子、華陀仙師<br>\n7.後殿左側:關聖帝君、三官大帝、地藏王菩薩、月老神君<br>\n8.向月老稟明生辰八字、姓名、住址、理想對象類型及條件，擲三次聖筊後可索取一條紅線，並在月老香爐上過火', '1. 需先向主神觀世音菩薩說明來意後，再依序參拜<br>\n2. 紅線務必隨身攜帶，可放置皮包或綁至手腕，建議盡量本人求紅線', '07:00 - 21:30', '台北市萬華區廣州街211號', 'C06_1'),
(7, 'C07', '指南宮', 5, '斬桃花、小三', '斬爛桃花', '1.孚祐帝君大殿:呂洞賓<br>\n2.凌霄寶殿:玉皇大帝、三清道祖、三官大帝<br>\n3.大雄寶殿:釋迦牟尼佛、阿彌陀佛、藥師佛與觀音菩薩<br>\n4.大成殿:孔子、孟子、曾子<br>\n5.地藏王寶殿:地藏王菩薩<br>', '1.建議供品為鮮花或當季水果任選五種<br>\n2.祈求姻緣時，向呂洞賓仙祖稟明生辰八字、姓名、住址、理想對象類型以及條件，有對象姓名也可以一併稟明<br>\n3.若戀情進展順利，要帶著供品到呂先祖前，稟明生辰八字、姓名、住址與感謝之意', '04:00-20:00', '台北市文山區萬壽路115號', 'C07_1'),
(8, 'C08', '龍鳳宮月下老人祠', 15, '祈求姻緣', '求快速脫單', '1.天公爐-月下老人祠<br>\n2.擲出聖筊可索取紅線，將紅線放入紅包袋中在香爐上過火', '月下老人祠旁有祈福金卡，可以自行索取，依個人誠意投入香油錢，將願望或是心目中理想對象類型寫下掛至祠堂旁，將會受到月老加持', '06:00 – 21:00', '南投縣魚池鄉中山路291-26號', 'C08_1'),
(9, 'C09', '重慶寺', 19, '斬桃花、小三', '求復合', '1.月老<br>\n2.早期須將頭髮纏至竹棒上，攪拌矸內醋水，再取神桌上的燈由塗抹在另一半額頭上，現簡化成藉由竹棒攪拌醋矸', '1.「順時鐘」3圈是期求百年好合，「逆時鐘」3圈則是祈求對方回心轉意﹑擊退情敵與小三', '05:00 – 21:00', '台南市中西區中正路5巷2號', 'C09_1'),
(10, 'C10', '威明堂兔兒神廟', 6, '祈求姻緣', '守護同志姻緣', '1.填寫兩份金紙，黃色為祖師金，白色者為兔兒神大爺金，寫下姓名、住址、農曆生日及寫下祈願<br>\n2.擺放供品，可替祖師與大爺各準備一份供品<br>\n3.服務台自取四柱清香，分別對應祖師殿三爐以及大爺殿一爐<br>\n參拜順序: <br>\n*祖師殿:禮敬三山九侯仙師、三清道祖、濟公禪師、三太子八臂多法天尊、龍王、齊天大聖 - 上一柱香至主爐 - 禮敬土地公五方土地，上一柱香至土地公爐 - 禮敬虎爺，上一柱香至土地公爐<br>\n*兔兒神大爺殿:禮敬兔兒神胡天保大爺，可於此時將心願與大爺訴說 - 上一柱香至大爺爐<br>\n4.堂內神明都參拜完畢之後，請回到祖師殿中，將包住黃色金紙的疏文取出，在祖師面前誦念一遍，代表此次參拜圓滿，祈願神明護祐，吉祥如意', '1.如要帶供品，可帶自己喜歡吃的東西：糖果、茶酒、餅乾、水果等等；化妝品、保養品亦可。在敬拜過後可帶回去吃，帶來好運氣，保養品回去使用更可以招來好人緣<br>\n2.請使用全新之供品，禮敬神明。開封或者敬拜過其他神明的供品不可使用<br>\n3.敬拜時，稱呼「大爺」，請勿直呼兔兒神<br>\n4.敬拜順序由三山九侯祖師殿開始參拜，之後到兔兒神大爺殿', '13:30 – 21:00', '新北市中和區景安路50號', 'C10_1'),
(11, 'C11', '大觀音亭', 19, '祈求姻緣', '說媒求姻緣', '1.參拜主神<br>\n2.向月老上香，並稟明自己的個人資料（包含姓名、生日、地址）以及理想對象<br>\n3.接著擲筊，若得聖筊，則可拿取月老紅線及緣粉<br>\n4.求得的紅線放在皮包內，等到紅線自然掉落不見<br>', '1.買二份金紙(一份祀奉主神觀音菩薩，一份拜月老)，順序是先拜大觀音亭的眾神明後再拜月老<br> \n2. 拜月老時，說出自己的姓名、生辰八字和地址，並告知自己想要的對象條件<br> \n3.姻緣紅包袋中會有紅線和緣粉，過完香爐後須隨身攜帶 \n4.紅線可放在皮夾中，緣粉要抹三天，男生抹脖子、女生抹臉，若沒有抹完可以加於水中洗臉，若紅線不見即表示月老已經替你牽好', '05:00 - 21:00', '台南市北區成功路86號', 'C11_1'),
(12, 'C12', '關帝廟', 20, '祈求姻緣', '桃花朵朵開', '1.添香油錢<br>\n2.拿到姻緣疏文、月老香、糖果、兩條紅線，可在姻緣疏文上填寫姓名、地址、生日等資訊<br>\n3.參拜完畢後，將姻緣香拿到月老面前告知理想對象的條件，把供品和疏文放在月老桌上，然後把紅線拿到正殿前的香爐，順時針繞三圈，等待10分鐘後將疏文及其中一條紅線拿到金爐焚化，另一條帶回家放在枕頭下', '1.可準備喜糖、紅包袋與紅線(紅線置於紅包袋)放在月老桌上<br> \n2.參拜完後，將其中一包紅線紅包燒掉，另一包紅包放在枕頭下<br> \n3.喜糖自己吃一些，剩下的分給親朋好友享用<br>', '06:00-22:00', '高雄市苓雅區武廟路52號', 'C12_1');

-- --------------------------------------------------------

--
-- 資料表結構 `travel`
--

CREATE TABLE `travel` (
  `sid` int(11) NOT NULL,
  `id` varchar(100) NOT NULL,
  `travel_name` varchar(255) NOT NULL,
  `travelcard_img` varchar(255) DEFAULT NULL,
  `travel_img` varchar(255) DEFAULT NULL,
  `travel_area` int(11) DEFAULT NULL,
  `travel_kind` int(11) DEFAULT NULL,
  `travel_daytime` int(11) DEFAULT NULL,
  `travel_date` varchar(100) DEFAULT NULL,
  `travel_people` varchar(100) DEFAULT NULL,
  `travel_rest` int(11) DEFAULT NULL,
  `travel_price` int(11) DEFAULT NULL,
  `travel_subheading` varchar(255) DEFAULT NULL,
  `travel_route` varchar(255) DEFAULT NULL,
  `travel_introduction` varchar(255) DEFAULT NULL,
  `travel_note` varchar(255) DEFAULT NULL,
  `travel_place` varchar(255) DEFAULT NULL,
  `travel_cancel` varchar(255) DEFAULT NULL,
  `travel_star` varchar(100) DEFAULT NULL,
  `travel_popular` varchar(100) DEFAULT NULL
) ENGINE=InnoDB DEFAULT CHARSET=utf8mb4;

--
-- 傾印資料表的資料 `travel`
--

INSERT INTO `travel` (`sid`, `id`, `travel_name`, `travelcard_img`, `travel_img`, `travel_area`, `travel_kind`, `travel_daytime`, `travel_date`, `travel_people`, `travel_rest`, `travel_price`, `travel_subheading`, `travel_route`, `travel_introduction`, `travel_note`, `travel_place`, `travel_cancel`, `travel_star`, `travel_popular`) VALUES
(1, 'T01', '大稻埕一日遊-文青必去', 'T01_1S.jpg', 'T01_1.jpg,T01_2.jpg,T01_3.jpg,T01_4.jpg,T01_5.jpg,T01_6.jpg', 1, 1, 1, '2022/10/20', '10', 2, 2200, '來趟台北古蹟之旅', '•集合地點：捷運北門站2號出口 <br>\n（請找穿黃色衣服的導遊） <br>\n•結束地點：大稻埕碼頭（原地解散） <br>\n•行程長度：2小時 <br>\n•捷運北門站2號出口出發 <br>\n<br>\n＊途經景點： <br>\n•迪化街口 <br>\n•青草茶 <br>\n•永樂市場 <br>\n•屈臣氏大藥房 <br>\n•迪化街郵局 <br>\n•大稻埕遊客中心 <br>\n•台北霞海城隍廟 <br>\n以上景點視當天天候或行程安排調整', '•專業導覽員帶您閱讀大稻埕的歷史印記，濃濃的古式文化風情與屬於大稻埕的點滴故事。<br> \n<br> \n•漫步在大稻埕的傳統商家街道，拜訪許多知名老店，獨特回憶點滴湧上心頭。 <br> \n<br> \n•行程結束於大稻埕碼頭，可以享受微風徐徐的河畔風光，也能明白當時『一府二路三艋舺』的美名。 <br>', '•全程皆以走動方式進行請考量自身行動能力與體能負荷。\n<br>\n•戶外活動請自備遮陽防曬用品以及水分補充。\n<br>\n•請準時抵達，逾時不候。', '集合地點:7:30台北車站', '出發 7 – 14 天取消行程，退費用的40% \n出發 7 天以內取消行程，恕無法退款。', '5', '99'),
(2, 'T02', '拜月老求好緣-台南四大月老廟參拜', 'T02_1S.jpg', 'T02_1.jpg,T02_2.jpg,T02_3.jpg,T02_4.jpg,T02_5.jpg,T02_6.jpg', 3, 1, 1, '2022/11/21', '20', 2, 2000, '參拜靈驗的4大月老廟！', '行程時間:一日遊<br>\n途經地點:<br>\n大觀音亭<br>\n<br> \n重慶寺<br>\n<br> \n大天后宮<br>\n<br> \n祀典武廟<br>\n<br>', '•宅宅世界曠男怨女，茫茫人海，到底我的真愛是在哪裡？<br>\n<br> \n•台南不只是歷史人文薈萃，美食冠天下，廟宇古蹟特多更是有相當靈驗的4大月老廟！<br>\n<br> \n•大觀音亭、重慶寺、大天后宮、祀典武廟，走一趟古都府城，老台南人帶著您一次將4大月老拜好拜滿<br>\n<br>\n•指導脫魯秘辛，走訪台南人才知道的巷子內私房口袋美食地圖<br>\n<br>\n•帶您去求好旺桃花的『緣粉』『紅線』，保證愛在台南，甜在心坎。', '•全程皆以走動方式進行請考量自身行動能力與體能負荷。\n<br>\n•戶外活動請自備遮陽防曬用品以及水分補充。\n<br>\n•請準時抵達，逾時不候。', '集合地點:7:30台北車站', '出發 7 – 14 天取消行程，退費用的40% \n出發 7 天以內取消行程，恕無法退款。', '5', '10'),
(3, 'T03', '浪漫北海岸-北海岸空之城', 'T03_1S.jpg', 'T03_1.jpg,T03_2.jpg,T03_3.jpg,T03_4.jpg,T03_5.jpg,T03_6.jpg', 1, 1, 1, '2022/12/3', '20', 10, 1500, '前往北海的網美景點！\n', '行程時間:一日遊<br>\n途經地點:<br>\n北海岸空之城<br>\n<br> \n黃金瀑布<br>\n<br> \n六坑索道<br>\n<br> \n九份美食<br>\n<br>', '我們將帶大家一起前往北海的網美景點！<br> \n<br> \n•神秘的天空之城、超美網美點六坑索道、與新朋友一起在九份美食探索<br> \n<br> \n•最後在寂寞公路不厭亭一起不寂寞！', '•全程皆以走動方式進行請考量自身行動能力與體能負荷。\n<br>\n•戶外活動請自備遮陽防曬用品以及水分補充。\n<br>\n•請準時抵達，逾時不候。', '集合地點:7:30台北車站', '出發 7 – 14 天取消行程，退費用的40% \n出發 7 天以內取消行程，恕無法退款。', '4', '20'),
(4, 'T04', '台中小清新一日遊', 'T04_1S.jpg', 'T04_1.jpg,T04_2.jpg,T04_3.jpg,T04_4.jpg,T04_5.jpg,T04_6.jpg', 2, 2, 1, '2022/10/11', '20', 1, 3000, '迷人日系生活品味', '行程時間:一日遊<br>\n途經景點:<br> \n審計新村文創市集<br>\n<br> \n台中蔦屋書店<br>\n<br> \n彩虹爺爺的彩虹眷村<br>\n<br> \n高美濕地<br>\n<br>', '日本知名書局代官山蔦屋書局，傳達一種迷人「日系生活品味」<br> \n<br> \n•首先停留蔦屋書店台中分店，並帶大家一起至獨樹一幟的審計新村。 <br> \n<br> \n•午餐享用台中著名五星級飯店-林酒店的森林百匯餐廳，享用滿是各國風情豐富美味的自助餐。 <br> \n<br> \n•餐後前往充滿彩虹村，最後於夕陽西下浪滿高美濕地，結束美麗的旅程。', '•全程皆以走動方式進行請考量自身行動能力與體能負荷。\n<br>\n•戶外活動請自備遮陽防曬用品以及水分補充。\n<br>\n•請準時抵達，逾時不候。', '集合地點:7:30台北車站', '出發 7 – 14 天取消行程，退費用的40% \n出發 7 天以內取消行程，恕無法退款。', '5', '30'),
(5, 'T05', '台南文化旅行', 'T05_1S.jpg', 'T05_1.jpg,T05_2.jpg,T05_3.jpg,T05_4.jpg,T05_5.jpg,T05_6.jpg', 3, 2, 2, '2022/10/21', '20', 10, 3500, '文青風格與藝文路線', '行程時間:兩天一夜。<br>\n途經地點:<br>\n第一天<br>\n祀典武廟<br>\n<br> \n台南市美術館1館<br>\n<br> \n國華街<br>\n<br> \n台南神農街<br>\n<br> \n宵夜<br>\n<br> \n\n第二天<br>\n<br> \n林百貨<br>\n<br> \n桑原商店<br>\n<br> \n奇美博物館<br>\n<br> \n', '•原本老舊沒落的小巷街道因為近年來文創藝術小店的聚集，以及台南在地對老屋跟舊街道的景觀保持<br>\n<br> \n•讓神農街變身成為超級適合街拍的景點<br>\n<br> \n•一棟棟老屋不同風格的門面跟不同的復古窗花，晚上在街道上特別打燈跟燈籠更有另一番風味。<br>\n<br> \n•南仁德的奇美博物館是台灣南部最大的博物館，也堪稱全台最美博物館之一，於2015在新址開幕至今人潮不斷，可以說是台南最多人打卡的景點。', '•全程皆以走動方式進行請考量自身行動能力與體能負荷。\n<br>\n•戶外活動請自備遮陽防曬用品以及水分補充。\n<br>\n•請準時抵達，逾時不候。', '集合地點:7:30台北車站', '出發 7 – 14 天取消行程，退費用的40% \n出發 7 天以內取消行程，恕無法退款。', '4', '40'),
(6, 'T06', '全台精選月老巡禮團', 'T06_1S.jpg', 'T06_1.jpg,T06_2.jpg,T06_3.jpg,T06_4.jpg,T06_5.jpg', 1, 1, 2, '2022/11/16', '10', 5, 6000, '牽起幸福的紅線！\n', '行程時間:兩天一夜<br>\n途經地點:<br>\n台北霞海城隍廟 <br>\n<br> \n日月潭龍鳳宮<br>\n<br> \n台南祀典武廟<br>\n<br> \n台南鹿耳門天后宮<br>\n<br>', '•在眾多團友敲碗下，月老喵精選台灣 3＋1 家超靈驗月老巡禮團開跑囉！！<br>\n<br> \n•帶你專業求得好緣份，牽起幸福的紅線！<br>\n<br> \n•本團應團友需求，特別安排專業民俗導遊，教你如何正確拜月老，並且為你準備拜月老必備供品，以及參拜教戰守則。<br>\n<br> \n•讓你輕易上手，一次巡禮完成全台精選最靈驗月老廟，一邊聽故事旅遊一邊求姻緣，不能錯過的特殊團！', '•全程皆以走動方式進行請考量自身行動能力與體能負荷。\n<br>\n•戶外活動請自備遮陽防曬用品以及水分補充。\n<br>\n•請準時抵達，逾時不候。', '集合地點:7:30台北車站', '出發 7 – 14 天取消行程，退費用的40% \n出發 7 天以內取消行程，恕無法退款。', '5', '50'),
(7, 'T07', '宜蘭露營泛舟', 'T07_1S.jpg', 'T07_1.jpg,T07_2.jpg,T07_3.jpg,T07_4.jpg,T07_5.jpg,T07_6.jpg', 1, 1, 2, '2022/12/30', '10', 3, 6000, '體驗刺激的水上活動\n', '行程時間:兩天一夜<br>\n途經地點:<br>\n精選宜蘭大同鄉幽靜露營地- 最多可容納百人<br>\n<br> \n專屬空間輕鬆交流<br>\n<br> \n幽靜露營地- 夜晚景<br>\n<br> \n安農溪泛舟，夏日熱門水上活動<br>\n<br> \n4~6 人一艘船，有互動又可以互相扶持<br>\n<br> \n水上活動商家合作<br>\n<br> \n精心設計互動內容與營火晚會<br>\n<br> \n讓團友在遊戲中減少尷尬、拉近彼此距離<br>\n<br>', '•台灣的秋季氣溫宜人，是非常適合泛舟露營的季節，特別結合宜蘭安農溪泛舟與露營活動<br>\n<br> \n•讓參加聯誼的團友，能在大自然中參與露營活動互動交流<br> \n<br> \n一起體驗驚險刺激的水上活動，讓交朋友變得輕鬆自然。', '•全程皆以走動方式進行請考量自身行動能力與體能負荷。\n<br>\n•戶外活動請自備遮陽防曬用品以及水分補充。\n<br>\n•請準時抵達，逾時不候。', '集合地點:7:30台北車站', '出發 7 – 14 天取消行程，退費用的40% \n出發 7 天以內取消行程，恕無法退款。', '5', '70'),
(8, 'T08', '日月潭,龍鳳宮參拜月老求良緣', 'T08_1S.jpg', 'T08_1.jpg,T08_2.jpg,T08_3.jpg,T08_4.jpg,T08_5.jpg,T08_6.jpg', 2, 2, 1, '2022/10/26', '5', 7, 2000, '想向月老爺爺祈求好姻緣嗎?', '行程時間:一日遊<br>\n\n途經景點:<br>\n參拜日月潭龍鳳宮月下老人祠<br>\n<br> \n居喫茶浴衣體驗<br>\n<br> \n8度C巧克力工房<br>\n<br>', '•南投一日遊，專業司機帶你遊南投熱門景點，想向月老爺爺祈求好姻緣嗎?隨遊帶你參拜日月潭龍鳳宮月下老人祠<br>\n<br> \n•體驗鳥居喫茶浴衣體驗，18度C巧克力工房帶上一盒甜美巧克力送給心儀的人吧!南投一日遊，參拜日月潭龍鳳宮的月下老人祠全台十大靈驗的月老廟。<br>\n<br>', '•全程皆以走動方式進行請考量自身行動能力與體能負荷。\n<br>\n•戶外活動請自備遮陽防曬用品以及水分補充。\n<br>\n•請準時抵達，逾時不候。', '集合地點:7:30台北車站', '出發 7 – 14 天取消行程，退費用的40% \n出發 7 天以內取消行程，恕無法退款。', '4', '70'),
(9, 'T09', '花蓮水上 SUP 花漾聯誼', 'T09_1S.jpg', 'T09_1.jpg,T09_2.jpg,T09_3.jpg,T09_4.jpg,T09_5.jpg,T09_6.jpg', 4, 2, 2, '2022/11/12', '20', 4, 6000, '精心設計互動內容', '行程時間:兩天一夜<br>\n\n途經景點:<br>\n宜蘭中興文創園區<br> \n<br> \n花蓮文創園區<br> \n<br> \n共煮聯誼晚餐<br> \n<br> \n\n第二天<br>\n太魯閣燕子口<br> \n<br> \n鬼斧神工九曲洞<br> \n<br> \n崇德海灘SUP<br> \n<br>', '•特別安排世界級景點—太魯閣國家風景區重新開放經典景點鬼斧神工九曲洞步道<br>\n<br> \n•特別安排超美清水斷涯水上SUP活動，讓你一邊體驗水上SUP<br>\n<br> \n•精選水上活動商家合作，一個教練只對4個學員讓團友在遊戲中減少尷尬、拉近彼此距離。', '•全程皆以走動方式進行請考量自身行動能力與體能負荷。\n<br>\n•戶外活動請自備遮陽防曬用品以及水分補充。\n<br>\n•請準時抵達，逾時不候。', '集合地點:7:30台北車站', '出發 7 – 14 天取消行程，退費用的40% \n出發 7 天以內取消行程，恕無法退款。', '5', '55'),
(10, 'T10', '陽明山竹子湖海芋季', 'T10_1S.jpg', 'T10_1.jpg,T10_2.jpg,T10_3.jpg,T10_4.jpg,T10_5.jpg,T10_6.jpg', 1, 1, 1, '2022/10/4', '20', 2, 2000, '適合認識新朋友的團體旅行', '行程時間:一日遊<br>\n途經地點:<br>\n每年季節限定的竹子湖海芋<br> \n<br> \n冷擎步道<br> \n<br> \n牛奶湖<br> \n<br> \n冷水坑生態池 <br> \n<br>', '•探索竹子湖 & 浪漫雙心黑森林 & 牛奶湖，欣賞百花盛開美景<br>\n<br> \n•台北近郊一日遊，假期放鬆好去處<br>\n<br> \n•舒適專車，適合認識新朋友的團體旅行，享受舒適又安心的旅程', '•全程皆以走動方式進行請考量自身行動能力與體能負荷。\n<br>\n•戶外活動請自備遮陽防曬用品以及水分補充。\n<br>\n•請準時抵達，逾時不候。', '集合地點:7:30台北車站', '出發 7 – 14 天取消行程，退費用的40% \n出發 7 天以內取消行程，恕無法退款。', '5', '88'),
(11, 'T11', '野營獨木舟', 'T11_1S.jpg', 'T11_1.jpg,T11_2.jpg,T11_3.jpg,T11_4.jpg,T11_5.jpg,T11_6.jpg', 2, 1, 2, '2022/10/19', '20', 3, 6000, '專屬空間輕鬆交流不怕被打擾', '行程時間:兩天一夜<br>\n途經地點:<br>\n分組搭帳<br> \n<br> \n山林拾柴砍竹揀石體驗<br> \n<br> \n製作竹食器<br> \n<br> \n巴庫拉斯濁水溪<br> \n<br>', '•精選宜蘭大同鄉幽靜露營地，讓團友們在好山好水大自然環抱下，放鬆平日忙碌的心靈。<br>\n<br> \n•特別安排刺激好玩又安全—安農溪泛舟活動，讓你一邊體驗水上活動的驚現刺激、一邊欣賞安農溪沿岸好風光<br>\n<br> \n•精選水上活動商家合作，提供救生衣、溯溪鞋、安全帽，安全有保障。<br> \n<br> \n•精心設計互動內容與營火晚會，讓團友在遊戲中減少尷尬、拉近彼此距離<br>\n<br>', '•全程皆以走動方式進行請考量自身行動能力與體能負荷。\n<br>\n•戶外活動請自備遮陽防曬用品以及水分補充。\n<br>\n•請準時抵達，逾時不候。', '集合地點:7:30台北車站', '出發 7 – 14 天取消行程，退費用的40% \n出發 7 天以內取消行程，恕無法退款。', '5', '77'),
(12, 'T12', '浪漫輕奢露營', 'T12_1S.jpg', 'T12_1.jpg,T12_2.jpg,T12_3.jpg,T12_4.jpg,T12_5.jpg,T12_6.jpg', 1, 1, 2, '2022/11/18', '10', 2, 6000, '享受舒適又安心的旅程', '行程時間:兩天一夜<br>\n途經地點:<br>\n鄰近暖東峽谷步道<br> \n<br> \n自然生態豐富<br> \n<br> \n環境舒適<br> \n<br> \n兩人輕鬆入住露營帳<br> \n<br>', '•距離台北市區僅 30 分鐘車程，不需長途跋涉即可親近大自然，體驗露營的樂趣<br> \n<br> \n•不需準備露營設備，一卡皮箱即可入住神殿帳輕鬆體驗露營趣<br> \n<br> \n•帳篷內附有獨立衛浴及備品認識新朋友的團體輕奢露營，享受舒適又安心的旅程<br> \n<br>', '•全程皆以走動方式進行請考量自身行動能力與體能負荷。\n<br>\n•戶外活動請自備遮陽防曬用品以及水分補充。\n<br>\n•請準時抵達，逾時不候。', '集合地點:7:30台北車站', '出發 7 – 14 天取消行程，退費用的40% \n出發 7 天以內取消行程，恕無法退款。', '5', '66'),
(13, 'T13', '拉拉山森呼吸', 'T13_1S.jpg', 'T13_1.jpg,T13_2.jpg,T13_3.jpg', 1, 1, 1, '2022/12/8', '10', 4, 4000, '享受林間自然生態', '行程時間:一日遊<br>\n途經地點:<br>\n拉拉山<br> \n<br> \n自然生態豐富<br> \n<br> \n環境舒適<br> \n<br> \n慢慢悠悠地享受林間自然生態<br> \n<br>', '•自然保護區內擁有珍貴的檜木群、闊葉混合林及天然林<br> \n<br> \n•以天然紅檜巨木林聞名', '•全程皆以走動方式進行請考量自身行動能力與體能負荷。\n<br>\n•戶外活動請自備遮陽防曬用品以及水分補充。\n<br>\n•請準時抵達，逾時不候。', '集合地點:7:30台北車站', '出發 7 – 14 天取消行程，退費用的40% \n出發 7 天以內取消行程，恕無法退款。', '5', '54'),
(14, 'T14', '頑皮世界野生動物園', 'T14_1S.jpg', 'T14_1.jpg', 3, 1, 2, '2023/1/4', '10', 4, 4000, '近距離體驗頑皮世界', '行程時間:一日遊<br>\n途經地點:<br>\n<br> \n頑皮世界野生動物園<br>\n<br>', '•南台灣最大、亞洲第一座：頑皮世界野生動物園', '•全程皆以走動方式進行請考量自身行動能力與體能負荷。\n<br>\n•戶外活動請自備遮陽防曬用品以及水分補充。\n<br>\n•請準時抵達，逾時不候。', '集合地點:7:30台北車站', '出發 7 – 14 天取消行程，退費用的40% \n出發 7 天以內取消行程，恕無法退款。', '5', '53'),
(15, 'T15', '潮境智能海洋館', 'T15_1S.jpg', 'T15_1.jpg', 1, 1, 1, '2022/10/31', '10', 3, 2000, '享受絕佳海景', '行程時間:一日遊<br>\n途經地點:<br> \n<br> \n潮境智能海洋館', '•基隆最新人氣親子景點潮境智能海洋館，達七米高大洋缸還結合高科技帶來全新多樣化的體驗<br> \n<br> \n•打造出全新三種互動體驗設施，戴上 VR 設備直接帶你進入海底世界，探索神秘海底', '•全程皆以走動方式進行請考量自身行動能力與體能負荷。\n<br>\n•戶外活動請自備遮陽防曬用品以及水分補充。\n<br>\n•請準時抵達，逾時不候。', '集合地點:7:30台北車站', '出發 7 – 14 天取消行程，退費用的40% \n出發 7 天以內取消行程，恕無法退款。', '3', '77'),
(16, 'T16', '東眼山國家森林遊樂區', 'T16_1S.jpg', 'T16_1.jpg', 1, 2, 1, '2022/11/23', '10', 5, 2500, '登東眼山一覽大台北', '行程時間:一日遊<br>\n途經地點:<br>\n東眼山<br> \n<br> \n中壢月老宮<br> \n<br>', '•東眼山國家森林遊樂區距離桃園大溪約1小時的車程，過去曾是林務局的伐木林班。<br> \n<br> \n•在至中壢絕對不能錯過中壢月老宮！中壢月老公香火鼎盛的程度絕對不輸其他知名月老廟\n中壢月老公建宮10多年，已經促成至少1萬對佳偶！<br> \n<br> \n•在宮中都可以看到各種還願書，牆面上也貼滿喜帖謝卡，可見靈驗程度不是一般啊～', '•全程皆以走動方式進行請考量自身行動能力與體能負荷。\n<br>\n•戶外活動請自備遮陽防曬用品以及水分補充。\n<br>\n•請準時抵達，逾時不候。', '集合地點:7:30台北車站', '出發 7 – 14 天取消行程，退費用的40% \n出發 7 天以內取消行程，恕無法退款。', '4', '11'),
(17, 'T17', '滿月圓森林公園＆三峽媽祖廟', 'T17_1S.jpg', 'T17_1.jpg', 1, 2, 1, '2023/1/6', '10', 3, 4000, '吸取芬多精在至中三峽媽祖廟參拜', '行程時間:一日遊<br>\n\n途經地點:<br>\n東眼山<br> \n<br> \n中壢月老宮<br> \n<br>', '•距離三峽市區約40分鐘的滿月圓國家森林遊樂區\n再到三峽興隆宮媽祖廟求月老<br>', '•全程皆以走動方式進行請考量自身行動能力與體能負荷。\n<br>\n•戶外活動請自備遮陽防曬用品以及水分補充。\n<br>\n•請準時抵達，逾時不候。', '集合地點:7:30台北車站', '出發 7 – 14 天取消行程，退費用的40% \n出發 7 天以內取消行程，恕無法退款。', '5', '46'),
(18, 'T18', '小烏來一日遊', 'T18_1S.jpg', 'T18_1.jpg', 1, 2, 1, '2022/10/24', '10', 2, 2000, '走在天空步道感受不同的景緻在至', '行程時間:一日遊<br>\n\n途經地點:<br>\n拉拉山＆上巴陵＆小烏來一日接送<br> \n<br>', '•拉拉山（達觀山）神木群步道：(預計停留時間：2小時)<br> \n<br> \n•擁有全台最大面積的紅檜樹林，近距離觀賞樹齡500-3000年的24棵拉拉山神木，在山林之中感受大自然的莊嚴美，再盡情徜徉在海拔超過1500公尺的森林之中，即便在盛夏時期也能沁涼消暑。<br> \n<br> \n•一年四季都適合，6~8月更是品嚐水蜜桃的好時機，千萬不要錯過！', '•全程皆以走動方式進行請考量自身行動能力與體能負荷。\n<br>\n•戶外活動請自備遮陽防曬用品以及水分補充。\n<br>\n•請準時抵達，逾時不候。', '集合地點:7:30台北車站', '出發 7 – 14 天取消行程，退費用的40% \n出發 7 天以內取消行程，恕無法退款。', '3', '91'),
(19, 'T19', '帶你求好運求姻緣', 'T19_1S.jpg', 'T19_1.jpg', 1, 1, 2, '2023/1/18', '10', 3, 3000, '多個人氣景點一次滿足求好運求姻緣', '行程時間:兩天一夜<br>\n途經地點:<br> \n財神廟竹山紫南宮<br> \n<br> \n日月潭龍鳳宮<br> \n<br> \n台南祀典武廟<br> \n<br> \n帶你求好運求姻緣<br> \n<br>', '•前往全台最強財神廟竹山紫南宮，求好運讓你一年都順遂', '•全程皆以走動方式進行請考量自身行動能力與體能負荷。\n<br>\n•戶外活動請自備遮陽防曬用品以及水分補充。\n<br>\n•請準時抵達，逾時不候。', '集合地點:7:30台北車站', '出發 7 – 14 天取消行程，退費用的40% \n出發 7 天以內取消行程，恕無法退款。', '5', '22'),
(20, 'T20', '日月潭遊湖、日月潭龍鳳宮', 'T20_1S.jpg', 'T20_1.jpg', 2, 2, 1, '2022/12/29', '10', 2, 3000, '悠閒欣賞湖光山色', '行程時間:一日遊<br>\n\n途經地點:<br>\n日月潭遊湖<br>\n<br> \n日月潭龍鳳宮<br>\n<br>', '•日月潭遊湖、日月潭龍鳳宮', '•全程皆以走動方式進行請考量自身行動能力與體能負荷。\n<br>\n•戶外活動請自備遮陽防曬用品以及水分補充。\n<br>\n•請準時抵達，逾時不候。', '集合地點:7:30台北車站', '出發 7 – 14 天取消行程，退費用的40% \n出發 7 天以內取消行程，恕無法退款。', '5', '13'),
(21, 'T21', '高美濕地夕陽落日美景', 'T21_1S.jpg', 'T21_1.jpg', 2, 2, 1, '2023/1/25', '10', 2, 3000, '觀賞夕陽落日美景', '行程時間:一日遊<br>\n\n途經地點:<br>\n高美濕地<br> \n<br> \n宮原眼科<br> \n<br>', '•高美濕地、宮原眼科', '•全程皆以走動方式進行請考量自身行動能力與體能負荷。\n<br>\n•戶外活動請自備遮陽防曬用品以及水分補充。\n<br>\n•請準時抵達，逾時不候。', '集合地點:7:30台北車站', '出發 7 – 14 天取消行程，退費用的40% \n出發 7 天以內取消行程，恕無法退款。', '5', '20'),
(22, 'T22', '清境農場', 'T22_1S.jpg', 'T22_1.jpg', 2, 1, 2, '2022/12/13', '20', 4, 4000, '享受綠草如茵的群山美景', '行程時間:兩天一夜<br>\n途經地點:<br>\n清境農場', '•台中到清境農場拼車一日遊，從市區的飯店或高鐵站上車，拼車前往 18 度 C 巧克力工房品嚐甜點<br>\n<br>\n•參觀都鐸式的老英格蘭莊園，中午在清境園區主題餐廳自行用餐，下午遊覽熱鬧的清境商圈，再去高空景觀步道享受綠草如茵的群山美景，假日更能在青青草原觀看經典綿羊秀', '•全程皆以走動方式進行請考量自身行動能力與體能負荷。\n<br>\n•戶外活動請自備遮陽防曬用品以及水分補充。\n<br>\n•請準時抵達，逾時不候。', '集合地點:7:30台北車站', '出發 7 – 14 天取消行程，退費用的40% \n出發 7 天以內取消行程，恕無法退款。', '4', '29'),
(23, 'T23', '台中霧峰林家宮保第園區', 'T23_1S.jpg', 'T23_1.jpg', 2, 2, 1, '2023/1/27', '10', 2, 4000, '了解霧峰林家對台灣的貢獻', '行程時間:一日遊<br>\n途經地點:<br> \n<br> \n霧峰林家宮保第園區<br> \n<br>', '•霧峰林家宮保第園區', '•全程皆以走動方式進行請考量自身行動能力與體能負荷。\n<br>\n•戶外活動請自備遮陽防曬用品以及水分補充。\n<br>\n•請準時抵達，逾時不候。', '集合地點:7:30台北車站', '出發 7 – 14 天取消行程，退費用的40% \n出發 7 天以內取消行程，恕無法退款。', '4', '22'),
(24, 'T24', '南投杉林溪一日遊', 'T24_1S.jpg', 'T24_1.jpg', 2, 1, 1, '2023/2/25', '10', 2, 4000, '漫步南投杉林溪間', '行程時間:一日遊<br>\n途經地點:<br>\n杉林溪<br> \n<br> \n松瀧岩<br> \n<br> \n孟宗竹林<br> \n<br> \n妖怪村<br> \n<br>', '杉林溪森林渡假園區的對外交通，主要是仰賴杉林溪公路聯絡。杉林溪公路全長十七公里，途中的「生肖彎」，為每繞一百八十度的彎道，即分別以十二生肖來命名。每轉一個彎，視野便更佳延伸，也形成此段公路的一大特色', '•全程皆以走動方式進行請考量自身行動能力與體能負荷。\n<br>\n•戶外活動請自備遮陽防曬用品以及水分補充。\n<br>\n•請準時抵達，逾時不候。', '集合地點:7:30台北車站', '出發 7 – 14 天取消行程，退費用的40% \n出發 7 天以內取消行程，恕無法退款。', '5', '20'),
(25, 'T25', '森渼原豪華露營體驗', 'T25_1S.jpg', 'T25_1.jpg', 2, 1, 2, '2023/1/24', '10', 2, 5000, '舒適寬敞的野趣露營環境', '行程時間:兩天一夜<br>\n途經地點:<br>\n杉林溪<br> \n<br> \n松瀧岩<br> \n<br> \n孟宗竹林<br> \n<br> \n妖怪村<br> \n<br>', '入住懶人豪華露營提供絕美丹麥精靈帳、神殿帳，享受星級飯店同規格寢具住宿', '•全程皆以走動方式進行請考量自身行動能力與體能負荷。\n<br>\n•戶外活動請自備遮陽防曬用品以及水分補充。\n<br>\n•請準時抵達，逾時不候。', '集合地點:7:30台北車站', '出發 7 – 14 天取消行程，退費用的40% \n出發 7 天以內取消行程，恕無法退款。', '5', '34'),
(26, 'T26', '台南文化景點', 'T26_1S.jpg', 'T026_1.jpg,T026_2.jpg', 3, 2, 2, '2023/2/16', '10', 2, 5000, '暢遊台南文化', '行程時間:兩天一夜<br>\n\n途經地點:<br>\n鹿耳門聖母廟<br>\n<br> \n四草綠色隧道<br>\n<br> \n安平樹屋<br>\n<br> \n夕遊出張所<br>\n<br> \n藍晒圖文創園區<br>\n<br>', '行程時間:兩天一夜\n\n途經地點:\n鹿耳門聖母廟\n四草綠色隧道\n安平樹屋\n夕遊出張所\n藍晒圖文創園區', '•全程皆以走動方式進行請考量自身行動能力與體能負荷。\n<br>\n•戶外活動請自備遮陽防曬用品以及水分補充。\n<br>\n•請準時抵達，逾時不候。', '集合地點:7:30台北車站', '出發 7 – 14 天取消行程，退費用的40% \n出發 7 天以內取消行程，恕無法退款。', '4', '37'),
(27, 'T27', '府城懷舊之旅', 'T27_1S.jpg', 'T027_1.jpg,T027_2.jpg', 3, 2, 2, '2023/3/16', '10', 2, 3000, '穿梭大街小巷認識不一樣的台南', '行程時間:兩天一夜<br>\n\n途經地點:<br> \n<br> \n300多年歷史的赤崁樓是台南的明星古蹟之一<br> \n<br> 奠定了台南行政商業中心的位置<br> \n<br>', '300多年歷史的赤崁樓是台南的明星古蹟之一，奠定了台南行政商業中心的位置', '•全程皆以走動方式進行請考量自身行動能力與體能負荷。\n<br>\n•戶外活動請自備遮陽防曬用品以及水分補充。\n<br>\n•請準時抵達，逾時不候。', '集合地點:7:30台北車站', '出發 7 – 14 天取消行程，退費用的40% \n出發 7 天以內取消行程，恕無法退款。', '5', '56'),
(28, 'T28', '三峽皇后鎮森林', 'T28_1S.jpg', 'T28_1.jpg', 1, 1, 2, '2023/2/18', '10', 1, 2500, '體驗露營的戶外生活為目標', '行程時間:兩天一夜<br>\n途經地點:<br> \n<br> \n三峽皇后鎮森林<br> \n<br>', '體驗露營的戶外生活為目標，是露營新手第一選擇\n沙發、客廳、臥室、衛浴設備，是像家一樣幸福的移動城堡 \n所有的餐點，都由管家親自送達您的庭院', '•全程皆以走動方式進行請考量自身行動能力與體能負荷。\n<br>\n•戶外活動請自備遮陽防曬用品以及水分補充。\n<br>\n•請準時抵達，逾時不候。', '集合地點:7:30台北車站', '出發 7 – 14 天取消行程，退費用的40% \n出發 7 天以內取消行程，恕無法退款。', '4', '81'),
(29, 'T29', '四草綠色隧道', 'T29_1S.jpg', 'T29_1.jpg,T29_2.jpg', 3, 2, 1, '2023/2/15', '10', 2, 3000, '悠遊於四草湖之美', '行程時間:一日遊<br>\n途經地點:<br> \n<br> \n台江<br> \n<br>', '欣賞濕地生態，賞鳥愛好者的天堂 \n認識沿途養蚵生態捕魚的傳統技法', '•全程皆以走動方式進行請考量自身行動能力與體能負荷。\n<br>\n•戶外活動請自備遮陽防曬用品以及水分補充。\n<br>\n•請準時抵達，逾時不候。', '集合地點:7:30台北車站', '出發 7 – 14 天取消行程，退費用的40% \n出發 7 天以內取消行程，恕無法退款。', '3', '66'),
(30, 'T30', '新竹綠世界生態農場', 'T30_1S.jpg', 'T30_1.jpg', 1, 1, 1, '2023/3/16', '20', 1, 2000, '透過旅遊讓交友更輕鬆', '行程時間:一日遊<br>\n途經地點:<br> \n<br> \n新竹綠世界生態農場<br> \n<br>', '綠世界農場很好玩，表演有趣，動物很多，環境規劃完善，很推薦！', '•全程皆以走動方式進行請考量自身行動能力與體能負荷。\n<br>\n•戶外活動請自備遮陽防曬用品以及水分補充。\n<br>\n•請準時抵達，逾時不候。', '集合地點:7:30台北車站', '出發 7 – 14 天取消行程，退費用的40% \n出發 7 天以內取消行程，恕無法退款。', '5', '64'),
(31, 'T31', '司馬庫斯 & 巨木群步道', 'T31_1S.jpg', 'T31_1.jpg', 1, 1, 1, '2023/2/16', '20', 3, 3000, '透過旅遊讓交友更輕鬆', '行程時間:一日遊<br>\n\n途經地點:<br>\n司馬庫斯 & 巨木群步道<br> \n<br>', '司馬庫斯的美，值得你每年的四季各去一次', '•全程皆以走動方式進行請考量自身行動能力與體能負荷。\n<br>\n•戶外活動請自備遮陽防曬用品以及水分補充。\n<br>\n•請準時抵達，逾時不候。', '集合地點:7:30台北車站', '出發 7 – 14 天取消行程，退費用的40% \n出發 7 天以內取消行程，恕無法退款。', '4', '63'),
(32, 'T32', '霞喀羅古道&普天宮月老廟', 'T32_1S.jpg', 'T32_1.jpg', 1, 2, 1, '2023/2/16', '20', 2, 4000, '漫步在霞喀羅古道\n', '行程時間:一日遊<br>\n\n途經地點:<br>\n霞喀羅古道＆內灣老街<br> \n<br> \n普天宮月老廟', '臥虎藏龍般的竹林「粟園駐在所遺址」 \n光影變幻奇佳的馬鞍駐在所遺址，是拍攝熱點', '•全程皆以走動方式進行請考量自身行動能力與體能負荷。\n<br>\n•戶外活動請自備遮陽防曬用品以及水分補充。\n<br>\n•請準時抵達，逾時不候。', '集合地點:7:30台北車站', '出發 7 – 14 天取消行程，退費用的40% \n出發 7 天以內取消行程，恕無法退款。', '5', '45'),
(33, 'T33', '綠舞日式主題園區', 'T33_1S.jpg', 'T33_1.jpg', 1, 1, 1, '2023/3/28', '20', 4, 4000, '網美必訪之日式庭園渡假園區', '行程時間:一日遊<br>\n途經地點:<br>\n綠舞日式主題園區<br> \n<br>', '換上日式傳統浴衣，彷彿身處日本京都，參與抹茶體驗課程 \n2021 年 4 月起，引進羊駝、水豚、狐獴、刺蝟等動物，日式園區打造成療癒系動物園', '•全程皆以走動方式進行請考量自身行動能力與體能負荷。\n<br>\n•戶外活動請自備遮陽防曬用品以及水分補充。\n<br>\n•請準時抵達，逾時不候。', '集合地點:7:30台北車站', '出發 7 – 14 天取消行程，退費用的40% \n出發 7 天以內取消行程，恕無法退款。', '5', '19'),
(34, 'T34', 'DPS夢想實踐者', 'T34_1S.jpg', 'T34_1.jpg', 1, 1, 2, '2023/3/14', '30', 2, 6000, '不可錯過的好地方！', '行程時間:兩天一夜<br>\n\n途經地點:<br>\n<br> \n溪海口面向東方<br>\n風景優美的生態<br>\n穩重優雅的水域<br>\n放心玩水<br>\n放開玩之好選擇好去處喔！', '水流平穩無浪，安全的體驗水上區域 ・想玩水又害怕水的您，我們這提供您最放心的選擇 ・提供完善的教學訓練以及全套裝備，全程將有專業教練隨隊伴航 ・04:30（朦朧拂曉團）/ 08:30（晨光陽光團） / 14:00 (涼爽下午團)', '•全程皆以走動方式進行請考量自身行動能力與體能負荷。\n<br>\n•戶外活動請自備遮陽防曬用品以及水分補充。\n<br>\n•請準時抵達，逾時不候。', '集合地點:7:30台北車站', '出發 7 – 14 天取消行程，退費用的40% \n出發 7 天以內取消行程，恕無法退款。', '5', '71'),
(35, 'T35', '宜蘭登山健行', 'T35_1S.jpg', 'T35_1.jpg', 1, 2, 1, '2023/4/13', '20', 1, 4000, '宜蘭 IG 打卡景點', '行程時間:一日遊<br>\n\n途經地點:<br>\n宜蘭抹茶山＆聖母山莊', '宜蘭 IG 打卡景點：抹茶山（臺灣の抹茶冰淇淋山）', '•全程皆以走動方式進行請考量自身行動能力與體能負荷。\n<br>\n•戶外活動請自備遮陽防曬用品以及水分補充。\n<br>\n•請準時抵達，逾時不候。', '集合地點:7:30台北車站', '出發 7 – 14 天取消行程，退費用的40% \n出發 7 天以內取消行程，恕無法退款。', '4', '59'),
(36, 'T36', '啞口天池＆雪山神木步道', 'T36_1S.jpg', 'T36_1.jpg', 2, 2, 2, '2023/1/23', '30', 2, 5000, '交通、專人導覽，一次搞定！', '行程時間:兩天一夜<br>\n\n途經地點:<br>\n啞口天池＆雪山神木步道', '啞口天池＆雪山神木步道', '•全程皆以走動方式進行請考量自身行動能力與體能負荷。\n<br>\n•戶外活動請自備遮陽防曬用品以及水分補充。\n<br>\n•請準時抵達，逾時不候。', '集合地點:7:30台北車站', '出發 7 – 14 天取消行程，退費用的40% \n出發 7 天以內取消行程，恕無法退款。', '5', '45'),
(37, 'T37', '阿里山國家森林遊樂區', 'T37_1S.jpg', 'T37_1.jpg', 3, 2, 2, '2022/10/21', '10', 3, 4000, '門票、專人導覽，一次搞定！', '行程時間:兩天一夜<br>\n\n途經地點:<br>\n嘉義阿里山', '阿里山國家森林遊樂區', '•全程皆以走動方式進行請考量自身行動能力與體能負荷。\n<br>\n•戶外活動請自備遮陽防曬用品以及水分補充。\n<br>\n•請準時抵達，逾時不候。', '集合地點:7:30台北車站', '出發 7 – 14 天取消行程，退費用的40% \n出發 7 天以內取消行程，恕無法退款。', '3', '56'),
(38, 'T38', '優遊吧斯鄒族文化部落', 'T38_1S.jpg', 'T38_1.jpg', 3, 2, 2, '2022/11/15', '10', 3, 4000, '門票、專人導覽，一次搞定！', '行程時間:兩天一夜<br>\n\n途經地點:<br>\n嘉義阿里山', '優遊吧斯鄒族文化部落', '•全程皆以走動方式進行請考量自身行動能力與體能負荷。\n<br>\n•戶外活動請自備遮陽防曬用品以及水分補充。\n<br>\n•請準時抵達，逾時不候。', '集合地點:7:30台北車站', '出發 7 – 14 天取消行程，退費用的40% \n出發 7 天以內取消行程，恕無法退款。', '5', '37'),
(39, 'T39', '台南漁光島', 'T39_1S.jpg', 'T39_1.jpg', 3, 1, 2, '2022/10/27', '20', 4, 6000, '學習觀察水域地形安全', '行程時間:兩天一夜<br>\n\n途經地點:<br>\n專業嚮導帶領<br>新手也能輕鬆體驗登山健行趣', '海浪上的划行 \n體驗下浪快感 \n乘風破浪', '•全程皆以走動方式進行請考量自身行動能力與體能負荷。\n<br>\n•戶外活動請自備遮陽防曬用品以及水分補充。\n<br>\n•請準時抵達，逾時不候。', '集合地點:7:30台北車站', '出發 7 – 14 天取消行程，退費用的40% \n出發 7 天以內取消行程，恕無法退款。', '3', '37'),
(40, 'T40', '台南安平旗-穿越感受古都', 'T40_1S.jpg', 'T40_1.jpg', 3, 2, 1, '2022/11/19', '20', 2, 4000, '穿旗袍遊古城', '行程時間:一日遊<br>\n\n途經地點:<br>\n台南安平', '現場有專人協助挑選合身旗袍，並提供盤髮服務及扇子等小配件，帶你穿越時空感受古都情懷\n體驗行程款式齊全，也有男士馬褂可挑選，一同融入老城舊瓦的氛圍\n身著復古旗袍遊台南古城，沿街拍下珍貴的影像回憶', '•全程皆以走動方式進行請考量自身行動能力與體能負荷。\n<br>\n•戶外活動請自備遮陽防曬用品以及水分補充。\n<br>\n•請準時抵達，逾時不候。', '集合地點:7:30台北車站', '出發 7 – 14 天取消行程，退費用的40% \n出發 7 天以內取消行程，恕無法退款。', '5', '56'),
(41, 'T41', 'Wooderful life 木育森林\n', 'T41_1S.jpg', 'T41_1.jpg', 3, 1, 1, '2022/11/17', '30', 2, 5000, '打造屬於自己專屬的音樂鈴', '行程時間:一日遊<br>\n\n途經地點:<br>\n高雄駁二', '體驗原木打造的遊樂空間，7 大體驗區，超過 50 種木製設施 \nDIY 區手作、木育場區遊玩，一次享有兩種體驗活動', '•全程皆以走動方式進行請考量自身行動能力與體能負荷。\n<br>\n•戶外活動請自備遮陽防曬用品以及水分補充。\n<br>\n•請準時抵達，逾時不候。', '集合地點:7:30台北車站', '出發 7 – 14 天取消行程，退費用的40% \n出發 7 天以內取消行程，恕無法退款。', '5', '65'),
(42, 'T42', '柴山天雨洞 & 西海岸秘境\n', 'T42_1S.jpg', 'T42_1.jpg', 3, 2, 2, '2022/12/14', '10', 5, 5000, '欣賞美麗海景又能享受登山樂趣', '行程時間:兩天一夜<br>\n\n途經地點:<br>\n柴山阿朗壹古道 <br>\n西海岸秘境', '依山傍海的探索路線，有美麗海景又能享受登山樂趣，此處可看到柴山崩塌地形的證據，也能看到特殊海景，是值得一探的好地方。', '•全程皆以走動方式進行請考量自身行動能力與體能負荷。\n<br>\n•戶外活動請自備遮陽防曬用品以及水分補充。\n<br>\n•請準時抵達，逾時不候。', '集合地點:7:30台北車站', '出發 7 – 14 天取消行程，退費用的40% \n出發 7 天以內取消行程，恕無法退款。', '5', '14'),
(43, 'T43', '星光海陸燒烤', 'T43_1S.jpg', 'T43_1.jpg', 3, 1, 2, '2022/12/12', '30', 5, 6000, '遠離塵囂，享受美食與音樂', '行程時間:兩天一夜<br>\n\n途經地點:<br>\n高雄圓山大飯店', '高雄圓山大飯店', '•全程皆以走動方式進行請考量自身行動能力與體能負荷。\n<br>\n•戶外活動請自備遮陽防曬用品以及水分補充。\n<br>\n•請準時抵達，逾時不候。', '集合地點:7:30台北車站', '出發 7 – 14 天取消行程，退費用的40% \n出發 7 天以內取消行程，恕無法退款。', '5', '40'),
(44, 'T44', '高雄柴山秘境之旅', 'T44_1S.jpg', 'T44_1.jpg', 3, 1, 2, '2022/12/22', '30', 4, 5000, '石灰岩洞穴探險', '行程時間:兩天一夜<br>\n\n途經地點:<br>\n石灰岩洞穴', '石灰岩洞穴', '•全程皆以走動方式進行請考量自身行動能力與體能負荷。\n<br>\n•戶外活動請自備遮陽防曬用品以及水分補充。\n<br>\n•請準時抵達，逾時不候。', '集合地點:7:30台北車站', '出發 7 – 14 天取消行程，退費用的40% \n出發 7 天以內取消行程，恕無法退款。', '4', '28'),
(45, 'T45', '鹿境梅花鹿生態園區', 'T45_1S.jpg', 'T45_1.jpg', 3, 1, 2, '2022/12/20', '30', 5, 5000, '帶你深入認識梅花鹿生態', '行程時間:兩天一夜<br>\n\n途經地點:<br>\n鹿境梅花鹿生態園區<br>\n城隍廟參拜', '鹿境梅花鹿生態園區 \n城隍廟參拜', '•全程皆以走動方式進行請考量自身行動能力與體能負荷。\n<br>\n•戶外活動請自備遮陽防曬用品以及水分補充。\n<br>\n•請準時抵達，逾時不候。', '集合地點:7:30台北車站', '出發 7 – 14 天取消行程，退費用的40% \n出發 7 天以內取消行程，恕無法退款。', '4', '30'),
(46, 'T46', '萬里桐秘境 SUP 立式划槳+浮潛', 'T46_1S.jpg', 'T46_1.jpg', 3, 1, 2, '2022/12/13', '30', 4, 6000, '最高品質浮潛！', '行程時間:兩天一夜\n\n途經地點:\n墾丁萬里桐秘境', '全程教練陪同、提供飲水、浮潛裝備、水中餵魚、沖洗間設備', '•全程皆以走動方式進行請考量自身行動能力與體能負荷。\n<br>\n•戶外活動請自備遮陽防曬用品以及水分補充。\n<br>\n•請準時抵達，逾時不候。', '集合地點:7:30台北車站', '出發 7 – 14 天取消行程，退費用的40% \n出發 7 天以內取消行程，恕無法退款。', '5', '30'),
(47, 'T47', '雙流國家森林遊樂區', 'T47_1S.jpg', 'T47_1.jpg', 3, 2, 2, '2022/12/24', '30', 1, 4000, '白榕步道龜甲屋遺址', '行程時間:兩天一夜<br>\n\n途經地點:<br>\n雙流國家森林遊樂區', '雙流特別的生態，是在帽子山步道沿線可見的恆春半島代表植物', '•全程皆以走動方式進行請考量自身行動能力與體能負荷。\n<br>\n•戶外活動請自備遮陽防曬用品以及水分補充。\n<br>\n•請準時抵達，逾時不候。', '集合地點:7:30台北車站', '出發 7 – 14 天取消行程，退費用的40% \n出發 7 天以內取消行程，恕無法退款。', '3', '28'),
(48, 'T48', '野馬瞰山森林&雪霸觀霧漫步雲端', 'T48_1S.jpg', 'T48_1.jpg', 2, 1, 2, '2023/1/7', '30', 3, 6000, '一次盡覽雪霸最純淨的自然之美', '行程時間:兩天一夜<br>\n\n途經地點:<br>\n新竹野馬瞰山森林<br>\n雪霸觀霧漫步雲端<br>', '觀霧山莊的霧社櫻王花專業司導帶你抵達雪霸，可以選擇從台北、桃園或新竹出發', '•全程皆以走動方式進行請考量自身行動能力與體能負荷。\n<br>\n•戶外活動請自備遮陽防曬用品以及水分補充。\n<br>\n•請準時抵達，逾時不候。', '集合地點:7:30台北車站', '出發 7 – 14 天取消行程，退費用的40% \n出發 7 天以內取消行程，恕無法退款。', '5', '44'),
(49, 'T49', '浪漫和平島公園一日遊', 'T49_1S.jpg', 'T49_1.jpg', 1, 1, 1, '2023/1/25', '30', 4, 4000, '隨性的在草地野餐，享受悠閒慢活時光', '行程時間:一日遊<br>\n\n途經地點:<br>\n和平島公園', '基隆和平島公園，島上的地形因為受到長期的風化侵蝕與浪濤衝擊，因此形成了蕈狀石、豆腐岩、海蝕洞與海蝕平台等奇特的地質景觀，且海洋與陸地交會之處形成潮間帶，孕育豐富多樣的生命', '•全程皆以走動方式進行請考量自身行動能力與體能負荷。\n<br>\n•戶外活動請自備遮陽防曬用品以及水分補充。\n<br>\n•請準時抵達，逾時不候。', '集合地點:7:30台北車站', '出發 7 – 14 天取消行程，退費用的40% \n出發 7 天以內取消行程，恕無法退款。', '5', '69'),
(50, 'T50', '春室-手工玻璃杯體驗', 'T50_1S.jpg', 'T50_1.jpg', 1, 1, 1, '2022/12/11', '30', 4, 4000, '親手獨一無二的玻璃杯\n', '行程時間:一日遊<br>\n\n途經地點:<br>\n春室 Glass Studio', '春室是一棟座落於新竹公園，相鄰市立動物園，被樹木圍繞著的三層樓概念空間。 從春池本業──回收玻璃出發，春室深信循環經濟與環境共生的價值，', '•全程皆以走動方式進行請考量自身行動能力與體能負荷。\n<br>\n•戶外活動請自備遮陽防曬用品以及水分補充。\n<br>\n•請準時抵達，逾時不候。', '集合地點:7:30台北車站', '出發 7 – 14 天取消行程，退費用的40% \n出發 7 天以內取消行程，恕無法退款。', '5', '69'),
(51, 'T51', '和服浴衣體驗，霞海月老參拜', 'T51_1S.jpg', 'T51_1.jpg', 1, 1, 1, '2022/12/15', '30', 1, 4000, '嚴選的精緻和服浴衣', '行程時間:一日遊<br>\n\n途經地點:<br>\n新北投<br>\n霞海城隍廟<br>', '嚴選的精緻和服浴衣多種花色供挑選 \n', '•全程皆以走動方式進行請考量自身行動能力與體能負荷。\n<br>\n•戶外活動請自備遮陽防曬用品以及水分補充。\n<br>\n•請準時抵達，逾時不候。', '集合地點:7:30台北車站', '出發 7 – 14 天取消行程，退費用的40% \n出發 7 天以內取消行程，恕無法退款。', '5', '65'),
(52, 'T52', '曹家花田香', 'T52_1S.jpg', 'T52_1.jpg', 1, 1, 1, '2023/1/5', '30', 1, 4000, '具有復古氛圍的農家面貌', '行程時間:一日遊<br>\n\n途經地點:<br>\n曹家花田香<br>', '曹家花田香具有復古氛圍的農家面貌', '•全程皆以走動方式進行請考量自身行動能力與體能負荷。\n<br>\n•戶外活動請自備遮陽防曬用品以及水分補充。\n<br>\n•請準時抵達，逾時不候。', '集合地點:7:30台北車站', '出發 7 – 14 天取消行程，退費用的40% \n出發 7 天以內取消行程，恕無法退款。', '5', '12'),
(53, 'T53', '飛牛牧場', 'T53_1S.jpg', 'T53_1.jpg', 1, 1, 2, '2022/12/8', '20', 5, 6000, '享有早餐、星光樂趣體驗等等服務', '行程時間:一日遊<br>\n\n途經地點:<br>\n飛牛牧場', '享有早餐、星光樂趣體驗等等服務', '•全程皆以走動方式進行請考量自身行動能力與體能負荷。\n<br>\n•戶外活動請自備遮陽防曬用品以及水分補充。\n<br>\n•請準時抵達，逾時不候。', '集合地點:7:30台北車站', '出發 7 – 14 天取消行程，退費用的40% \n出發 7 天以內取消行程，恕無法退款。', '4', '33'),
(54, 'T54', '小時代寫真館漢服古風寫真攝影', 'T54_1S.jpg', 'T54_1.jpg', 1, 2, 1, '2022/12/16', '30', 2, 6000, '攝影風格強調自然、隨性的抓拍', '行程時間:一日遊<br>\n\n途經地點:<br>\n台北大稻埕', '攝影風格強調自然、隨性的抓拍', '•全程皆以走動方式進行請考量自身行動能力與體能負荷。\n<br>\n•戶外活動請自備遮陽防曬用品以及水分補充。\n<br>\n•請準時抵達，逾時不候。', '集合地點:7:30台北車站', '出發 7 – 14 天取消行程，退費用的40% \n出發 7 天以內取消行程，恕無法退款。', '3', '22'),
(55, 'T55', '桃園觀音草漯沙丘體驗', 'T55_1S.jpg', 'T55_1.jpg', 1, 2, 1, '2022/12/10', '30', 2, 2000, '走訪台版薩哈拉沙漠', '行程時間:一日遊<br>\n\n途經地點:<br>\n版薩哈拉沙漠', '走訪台版薩哈拉沙漠', '•全程皆以走動方式進行請考量自身行動能力與體能負荷。\n<br>\n•戶外活動請自備遮陽防曬用品以及水分補充。\n<br>\n•請準時抵達，逾時不候。', '集合地點:7:30台北車站', '出發 7 – 14 天取消行程，退費用的40% \n出發 7 天以內取消行程，恕無法退款。', '3', '55'),
(56, 'T56', '布拉旦部落＆原住民體驗＆白楊步道水濂洞', 'T56_1S.jpg', 'T56_1.jpg', 4, 1, 2, '2022/12/13', '20', 10, 5000, '步行於太魯閣的白楊步道，以及湧泉傾瀉而下的千年水濂洞', '行程時間:兩天一夜\n<br>\n途經地點:<br>\n布拉旦部落', '步行於太魯閣的白楊步道，以及湧泉傾瀉而下的千年水濂洞', '•全程皆以走動方式進行請考量自身行動能力與體能負荷。\n<br>\n•戶外活動請自備遮陽防曬用品以及水分補充。\n<br>\n•請準時抵達，逾時不候。', '集合地點:7:30台北車站', '出發 7 – 14 天取消行程，退費用的40% \n出發 7 天以內取消行程，恕無法退款。', '3', '44'),
(57, 'T57', '遠雄海洋公園住宿體驗', 'T57_1S.jpg', 'T57_1.jpg', 4, 1, 2, '2022/10/21', '30', 5, 5000, '望著水生動物入睡的獨特體驗', '行程時間:兩天一夜<br>\n\n途經地點:<br>\n遠雄海洋公園', '望著水生動物入睡的獨特體驗', '•全程皆以走動方式進行請考量自身行動能力與體能負荷。\n<br>\n•戶外活動請自備遮陽防曬用品以及水分補充。\n<br>\n•請準時抵達，逾時不候。', '集合地點:7:30台北車站', '出發 7 – 14 天取消行程，退費用的40% \n出發 7 天以內取消行程，恕無法退款。', '3', '44'),
(58, 'T58', '池南國家森林遊樂區', 'T58_1S.jpg', 'T58_1.jpg', 4, 2, 2, '2023/1/16', '30', 2, 5000, '想遠離都市塵囂的好選擇', '行程時間:兩天一夜<br>\n\n途經地點:<br>\n池南國家森林遊樂區<br>', '想遠離都市塵囂的好選擇', '•全程皆以走動方式進行請考量自身行動能力與體能負荷。\n<br>\n•戶外活動請自備遮陽防曬用品以及水分補充。\n<br>\n•請準時抵達，逾時不候。', '集合地點:7:30台北車站', '出發 7 – 14 天取消行程，退費用的40% \n出發 7 天以內取消行程，恕無法退款。', '4', '66'),
(59, 'T59', '翡翠谷溯溪冒險體驗', 'T59_1S.jpg', 'T59_1.jpg', 4, 1, 2, '2022/11/10', '30', 3, 6000, '嚴選當天最適合溯溪的秘境溪流', '行程時間:兩天一夜<br>\n\n途經地點:<br>\n池砂婆礑<br>\n三棧南溪<br>\n翡翠谷溯溪冒險體驗<br>', '嚴選當天最適合溯溪的秘境溪流', '•全程皆以走動方式進行請考量自身行動能力與體能負荷。\n<br>\n•戶外活動請自備遮陽防曬用品以及水分補充。\n<br>\n•請準時抵達，逾時不候。', '集合地點:7:30台北車站', '出發 7 – 14 天取消行程，退費用的40% \n出發 7 天以內取消行程，恕無法退款。', '5', '88'),
(60, 'T60', '鹿野高台慢旅行', 'T60_1S.jpg', 'T60_1.jpg', 4, 1, 2, '2022/12/22', '20', 2, 6000, '透過旅遊讓交友更輕鬆', '行程時間:兩天一夜<br>\n\n途經地點:<br>\n展開鹿野高台慢旅行<br>', '透過旅遊讓交友更輕鬆', '•全程皆以走動方式進行請考量自身行動能力與體能負荷。\n<br>\n•戶外活動請自備遮陽防曬用品以及水分補充。\n<br>\n•請準時抵達，逾時不候。', '集合地點:7:30台北車站', '', '4', '64'),
(61, 'T61', '浪漫純樸農村體驗', 'T61_1S.jpg', 'T61_1.jpg', 3, 1, 1, '2022/12/14', '30', 2, 6000, '透過旅遊讓交友更輕鬆', '行程時間:一日遊<br>\n\n途經地點:<br>\n浪漫純樸農村體驗<br>', '透過旅遊讓交友更輕鬆', '•全程皆以走動方式進行請考量自身行動能力與體能負荷。\n<br>\n•戶外活動請自備遮陽防曬用品以及水分補充。\n<br>\n•請準時抵達，逾時不候。', '集合地點:7:30台北車站', '出發 7 – 14 天取消行程，退費用的40% \n出發 7 天以內取消行程，恕無法退款。', '4', '45'),
(62, 'T62', '福壽山茶廠-茶品體驗活動', 'T62_1S.jpg', 'T62_1.jpg', 2, 2, 1, '2022/11/14', '30', 3, 3000, '揉出古蹟旅遊香氣', '行程時間:一日遊<br>\n\n途經地點:<br>\n茶品體驗活動<br>', '揉出古蹟旅遊香氣', '•全程皆以走動方式進行請考量自身行動能力與體能負荷。\n<br>\n•戶外活動請自備遮陽防曬用品以及水分補充。\n<br>\n•請準時抵達，逾時不候。', '集合地點:7:30台北車站', '出發 7 – 14 天取消行程，退費用的40% \n出發 7 天以內取消行程，恕無法退款。', '5', '45'),
(63, 'T63', '柳營尖山埤', 'T63_1S.jpg', 'T63_1.jpg', 3, 2, 1, '2022/12/19', '30', 5, 4000, '暢徉於山林之樂', '行程時間:一日遊<br>\n\n途經地點:<br>\n柳營尖山埤<br>', '暢徉於山林之樂', '•全程皆以走動方式進行請考量自身行動能力與體能負荷。\n<br>\n•戶外活動請自備遮陽防曬用品以及水分補充。\n<br>\n•請準時抵達，逾時不候。', '集合地點:7:30台北車站', '出發 7 – 14 天取消行程，退費用的40% \n出發 7 天以內取消行程，恕無法退款。', '5', '34'),
(64, 'T64', '花蓮賞鯨｜多羅滿海洋賞鯨', 'T64_1S.jpg', 'T64_1.jpg', 4, 2, 2, '2023/1/18', '20', 5, 6000, '近距離觀賞座頭鯨等海洋生物', '行程時間:兩天一夜<br>\n\n途經地點:<br>\n多羅滿海洋<br>', '近距離觀賞座頭鯨等海洋生物', '•全程皆以走動方式進行請考量自身行動能力與體能負荷。\n<br>\n•戶外活動請自備遮陽防曬用品以及水分補充。\n<br>\n•請準時抵達，逾時不候。', '集合地點:7:30台北車站', '出發 7 – 14 天取消行程，退費用的40%\n出發 7 天以內取消行程，恕無法退款。', '5', '37'),
(65, 'T65', '浪漫水湳洞山城美館', 'T65_1S.jpg', 'T65_1.jpg', 1, 1, 1, '2023/1/18', '20', 2, 2000, '透過旅遊讓交友更輕鬆', '行程時間:一日遊<br>\n\n途經地點:<br>\n山城美館<br>', '透過旅遊讓交友更輕鬆', '•全程皆以走動方式進行請考量自身行動能力與體能負荷。\n<br>\n•戶外活動請自備遮陽防曬用品以及水分補充。\n<br>\n•請準時抵達，逾時不候。', '集合地點:7:30台北車站', '出發 7 – 14 天取消行程，退費用的40%\n出發 7 天以內取消行程，恕無法退款。', '3', '31'),
(66, 'T66', '漫遊海港山城', 'T66_1S.jpg', 'T66_1.jpg', 1, 1, 1, '2022/12/12', '30人', 5, 2000, '透過旅遊讓交友更輕鬆', '行程時間:一日遊<br>\n\n途經地點:<br>\n海港山城<br>', '透過旅遊讓交友更輕鬆', '•全程皆以走動方式進行請考量自身行動能力與體能負荷。\n<br>\n•戶外活動請自備遮陽防曬用品以及水分補充。\n<br>\n•請準時抵達，逾時不候。', '集合地點:7:30台北車站', '出發 7 – 14 天取消行程，退費用的40% \n出發 7 天以內取消行程，恕無法退款。', '3', '13'),
(67, 'T67', '中興新村巷弄派對', 'T67_1S.jpg', 'T67_1.jpg', 2, 1, 1, '2023/1/7', '30', 5, 3000, '感受中興新村閒適、療癒氛圍', '行程時間:一日遊<br>\n\n途經地點:<br>\n中興新村<br>', '感受中興新村閒適、療癒氛圍', '•全程皆以走動方式進行請考量自身行動能力與體能負荷。\n<br>\n•戶外活動請自備遮陽防曬用品以及水分補充。\n<br>\n•請準時抵達，逾時不候。', '集合地點:7:30台北車站', '出發 7 – 14 天取消行程，退費用的40% \n出發 7 天以內取消行程，恕無法退款。', '4', '13'),
(68, 'T68', '日月潭纜車＆遊湖', 'T68_1S.jpg', 'T68_1.jpg', 2, 1, 1, '2022/11/22', '10', 3, 3000, '乘船遊湖，欣賞日月潭湖光山色', '行程時間:一日遊<br>\n\n途經地點:<br>\n日月潭<br>', '乘船遊湖，欣賞日月潭湖光山色', '•全程皆以走動方式進行請考量自身行動能力與體能負荷。\n<br>\n•戶外活動請自備遮陽防曬用品以及水分補充。\n<br>\n•請準時抵達，逾時不候。', '集合地點:7:30台北車站', '出發 7 – 14 天取消行程，退費用的40% \n出發 7 天以內取消行程，恕無法退款。', '5', '34'),
(69, 'T69', '南投清境 － 日月潭', 'T69_1S.jpg', 'T69_1.jpg', 2, 2, 1, '2022/12/5', '10', 2, 4000, '輕鬆出遊無負擔', '行程時間:一日遊<br>\n\n途經地點:<br>\n日月潭<br>', '日月潭輕鬆出遊無負擔', '•全程皆以走動方式進行請考量自身行動能力與體能負荷。\n<br>\n•戶外活動請自備遮陽防曬用品以及水分補充。\n<br>\n•請準時抵達，逾時不候。', '集合地點:7:30台北車站', '出發 7 – 14 天取消行程，退費用的40% \n出發 7 天以內取消行程，恕無法退款。', '3', '56'),
(70, 'T70', '合歡山暗空公園觀星體驗', 'T70_1S.jpg', 'T70_1.jpg', 2, 1, 2, '2022/12/14', '30', 10, 6000, '盡情欣賞浩瀚銀河', '行程時間:兩天一夜<br>\n\n途經地點:<br>\n合歡山<br>', '合歡山盡情欣賞浩瀚銀河', '•全程皆以走動方式進行請考量自身行動能力與體能負荷。\n<br>\n•戶外活動請自備遮陽防曬用品以及水分補充。\n<br>\n•請準時抵達，逾時不候。', '集合地點:7:30台北車站', '出發 7 – 14 天取消行程，退費用的40% \n出發 7 天以內取消行程，恕無法退款。', '5', '65'),
(71, 'T71', '日月潭sup滑人水上體驗俱樂部', 'T71_1S.jpg', 'T71_1.jpg', 2, 1, 2, '2022/12/15', '30', 10, 6000, '山明水秀、風光明媚', '行程時間:兩天一夜<br>\n\n途經地點:<br>\n日月潭<br>', '日月潭山明水秀、風光明媚', '•全程皆以走動方式進行請考量自身行動能力與體能負荷。\n<br>\n•戶外活動請自備遮陽防曬用品以及水分補充。\n<br>\n•請準時抵達，逾時不候。', '集合地點:7:30台北車站', '出發 7 – 14 天取消行程，退費用的40% \n出發 7 天以內取消行程，恕無法退款。', '4', '19'),
(72, 'T72', '茶鄉鐵道之旅', 'T72_1S.jpg', 'T72_1.jpg', 1, 2, 1, '2023/2/16', '20', 2, 3000, '茶香不只一心二葉', '行程時間:一日遊<br>\n\n途經地點:<br>\n坪林<br>艋舺<br>大稻埕', '茶香不只一心二葉', '•全程皆以走動方式進行請考量自身行動能力與體能負荷。\n<br>\n•戶外活動請自備遮陽防曬用品以及水分補充。\n<br>\n•請準時抵達，逾時不候。', '集合地點:7:30台北車站', '出發 7 – 14 天取消行程，退費用的40% \n出發 7 天以內取消行程，恕無法退款。', '3', '19'),
(73, 'T73', '笨港信仰之旅', 'T73_1S.jpg', 'T73_1.jpg', 1, 2, 1, '2023/2/21', '20', 2, 3000, '笨港信仰之旅', '行程時間:一日遊<br>\n\n途經地點:<br>\n新港<br>笨港<br>虎尾', '笨港信仰之旅', '•全程皆以走動方式進行請考量自身行動能力與體能負荷。\n<br>\n•戶外活動請自備遮陽防曬用品以及水分補充。\n<br>\n•請準時抵達，逾時不候。', '集合地點:7:30台北車站', '出發 7 – 14 天取消行程，退費用的40% \n出發 7 天以內取消行程，恕無法退款。', '3', '57'),
(74, 'T74', '北臺灣淘金之旅', 'T74_1S.jpg', 'T74_1.jpg', 1, 2, 1, '2022/10/21', '20', 2, 3000, '淘不盡的繁華舊夢', '行程時間:一日遊<br>\n\n途經地點:<br>\n金瓜石<br>九份<br>基隆', '金瓜石、九份、基隆淘不盡的繁華舊夢', '•全程皆以走動方式進行請考量自身行動能力與體能負荷。\n<br>\n•戶外活動請自備遮陽防曬用品以及水分補充。\n<br>\n•請準時抵達，逾時不候。', '集合地點:7:30台北車站', '出發 7 – 14 天取消行程，退費用的40% \n出發 7 天以內取消行程，恕無法退款。', '3', '57'),
(75, 'T75', '山林美學之旅', 'T75_1S.jpg', 'T75_1.jpg', 1, 2, 1, '2023/4/20', '20', 1, 3000, '山神眷顧的百年工藝', '行程時間:一日遊<br>\n\n途經地點:<br>\n銅鑼<br>三義', '銅鑼、三義山神眷顧的百年工藝', '•全程皆以走動方式進行請考量自身行動能力與體能負荷。\n<br>\n•戶外活動請自備遮陽防曬用品以及水分補充。\n<br>\n•請準時抵達，逾時不候。', '集合地點:7:30台北車站', '出發 7 – 14 天取消行程，退費用的40% \n出發 7 天以內取消行程，恕無法退款。', '3', '75'),
(76, 'T76', '建築與藝術之旅', 'T76_1S.jpg', 'T76_1.jpg', 2, 2, 1, '2023/4/10', '20', 3, 3000, '精雕細琢的匠人精神', '行程時間:一日遊<br>\n\n途經地點:<br>\n鹿港<br>霧峰<br>草屯', '精雕細琢的匠人精神', '•全程皆以走動方式進行請考量自身行動能力與體能負荷。\n<br>\n•戶外活動請自備遮陽防曬用品以及水分補充。\n<br>\n•請準時抵達，逾時不候。', '集合地點:7:30台北車站', '出發 7 – 14 天取消行程，退費用的40% \n出發 7 天以內取消行程，恕無法退款。', '3', '64'),
(77, 'T77', '閩式古都之旅', 'T77_1S.jpg', 'T77_1.jpg', 3, 2, 1, '2023/6/17', '20', 2, 3000, '府城的兼容並蓄', '行程時間:一日遊<br>\n\n途經地點:<br>\n台南<br>', '府城的兼容並蓄', '•全程皆以走動方式進行請考量自身行動能力與體能負荷。\n<br>\n•戶外活動請自備遮陽防曬用品以及水分補充。\n<br>\n•請準時抵達，逾時不候。', '集合地點:7:30台北車站', '出發 7 – 14 天取消行程，退費用的40% \n出發 7 天以內取消行程，恕無法退款。', '3', '46'),
(78, 'T78', '六堆客庄之旅', 'T78_1S.jpg', 'T78_1.jpg', 1, 2, 1, '2023/6/14', '20', 2, 3000, '水神滋養的土地', '行程時間:一日遊<br>\n\n途經地點:<br>\n內埔<br>麟洛<br>萬巒<br>美濃', '六堆客庄之旅. 水神滋養的土地. 旅行地點：內埔、麟洛、萬巒、美濃 ...', '•全程皆以走動方式進行請考量自身行動能力與體能負荷。\n<br>\n•戶外活動請自備遮陽防曬用品以及水分補充。\n<br>\n•請準時抵達，逾時不候。', '集合地點:7:30台北車站', '出發 7 – 14 天取消行程，退費用的40% \n出發 7 天以內取消行程，恕無法退款。', '3', '64'),
(79, 'T79', '眷村懷舊之旅', 'T79_1S.jpg', 'T79_1.jpg', 3, 2, 1, '2023/6/18', '20', 2, 3000, '孕育三軍的搖籃\n', '行程時間:一日遊<br>\n\n途經地點:<br>\n左營<br>鳳山<br>岡山\n', '孕育三軍的搖籃', '•全程皆以走動方式進行請考量自身行動能力與體能負荷。\n<br>\n•戶外活動請自備遮陽防曬用品以及水分補充。\n<br>\n•請準時抵達，逾時不候。', '集合地點:7:30台北車站', '出發 7 – 14 天取消行程，退費用的40% \n出發 7 天以內取消行程，恕無法退款。', '3', '64'),
(80, 'T80', '原民智慧之旅', 'T80_1S.jpg', 'T80_1.jpg', 4, 2, 2, '2023/6/29', '20', 2, 3000, '原民智慧之旅', '行程時間:兩天一夜<br>\n\n途經地點:<br>\n臺東市區<br>成功<br>長濱\n', '從南島語族起源的未解之謎、漁獵採集及醃漬飲食習慣', '•全程皆以走動方式進行請考量自身行動能力與體能負荷。\n<br>\n•戶外活動請自備遮陽防曬用品以及水分補充。\n<br>\n•請準時抵達，逾時不候。', '集合地點:7:30台北車站', '出發 7 – 14 天取消行程，退費用的40% \n出發 7 天以內取消行程，恕無法退款。', '5', '58'),
(81, 'T81', '淡水輕旅行', 'T81_1S.jpg', 'T81_1.jpg', 1, 1, 1, '2023/4/10', '20', 3, 2000, '來場夏日浪漫小旅行！', '行程時間:一日遊<br>\n\n途經地點:<br>\n淡水<br>\n', '適合的浪漫約會景點與推薦行程', '•全程皆以走動方式進行請考量自身行動能力與體能負荷。\n<br>\n•戶外活動請自備遮陽防曬用品以及水分補充。\n<br>\n•請準時抵達，逾時不候。', '集合地點:7:30台北車站', '出發 7 – 14 天取消行程，退費用的40% \n出發 7 天以內取消行程，恕無法退款。', '5', '11');

-- --------------------------------------------------------

--
-- 資料表結構 `travel_daytime`
--

CREATE TABLE `travel_daytime` (
  `sid` int(11) NOT NULL,
  `travel_daytime` varchar(255) NOT NULL
) ENGINE=InnoDB DEFAULT CHARSET=utf8mb4;

--
-- 傾印資料表的資料 `travel_daytime`
--

INSERT INTO `travel_daytime` (`sid`, `travel_daytime`) VALUES
(1, '一日遊'),
(2, '兩天一夜');

-- --------------------------------------------------------

--
-- 資料表結構 `travel_kind`
--

CREATE TABLE `travel_kind` (
  `sid` int(11) NOT NULL,
  `travel_kind` varchar(100) NOT NULL
) ENGINE=InnoDB DEFAULT CHARSET=utf8mb4;

--
-- 傾印資料表的資料 `travel_kind`
--

INSERT INTO `travel_kind` (`sid`, `travel_kind`) VALUES
(1, '交友聯誼'),
(2, '文化之旅');

-- --------------------------------------------------------

--
-- 資料表結構 `travel_order`
--

CREATE TABLE `travel_order` (
  `sid` int(11) NOT NULL,
  `member_id` int(11) NOT NULL,
  `travel_sid` int(11) NOT NULL,
  `state` varchar(100) DEFAULT NULL,
  `price` int(11) DEFAULT NULL,
  `quantity` int(11) DEFAULT NULL,
  `totle` int(11) DEFAULT NULL,
  `name` varchar(100) DEFAULT NULL,
  `phone` varchar(100) DEFAULT NULL,
  `address_city` int(11) DEFAULT NULL,
  `address_region` int(11) DEFAULT NULL,
  `address` varchar(255) DEFAULT NULL,
  `payment` varchar(100) DEFAULT NULL,
  `payment_state` varchar(100) DEFAULT NULL,
  `created_at` datetime NOT NULL
) ENGINE=InnoDB DEFAULT CHARSET=utf8mb4;

--
-- 已傾印資料表的索引
--

--
-- 資料表索引 `address`
--
ALTER TABLE `address`
  ADD PRIMARY KEY (`sid`);

--
-- 資料表索引 `draw`
--
ALTER TABLE `draw`
  ADD PRIMARY KEY (`sid`);

--
-- 資料表索引 `forturn`
--
ALTER TABLE `forturn`
  ADD PRIMARY KEY (`sid`);

--
-- 資料表索引 `love`
--
ALTER TABLE `love`
  ADD PRIMARY KEY (`sid`),
  ADD KEY `target_type` (`target_type`),
  ADD KEY `member_id` (`member_id`);

--
-- 資料表索引 `love_type`
--
ALTER TABLE `love_type`
  ADD PRIMARY KEY (`sid`);

--
-- 資料表索引 `member`
--
ALTER TABLE `member`
  ADD PRIMARY KEY (`id`),
  ADD KEY `address_city` (`address_city`),
  ADD KEY `address_region` (`address_region`);

--
-- 資料表索引 `product`
--
ALTER TABLE `product`
  ADD PRIMARY KEY (`sid`),
  ADD KEY `category_sid` (`category_sid`);

--
-- 資料表索引 `product_category`
--
ALTER TABLE `product_category`
  ADD PRIMARY KEY (`sid`);

--
-- 資料表索引 `product_details`
--
ALTER TABLE `product_details`
  ADD PRIMARY KEY (`sid`),
  ADD KEY `order_sid` (`order_sid`),
  ADD KEY `product_sid` (`product_sid`);

--
-- 資料表索引 `product_order`
--
ALTER TABLE `product_order`
  ADD PRIMARY KEY (`sid`),
  ADD KEY `member_id` (`member_id`),
  ADD KEY `address_city` (`address_city`),
  ADD KEY `address_region` (`address_region`);

--
-- 資料表索引 `review`
--
ALTER TABLE `review`
  ADD PRIMARY KEY (`sid`),
  ADD KEY `members_id` (`members_id`),
  ADD KEY `target_type` (`target_type`);

--
-- 資料表索引 `review_tags`
--
ALTER TABLE `review_tags`
  ADD PRIMARY KEY (`sid`);

--
-- 資料表索引 `review_tags_rel`
--
ALTER TABLE `review_tags_rel`
  ADD PRIMARY KEY (`sid`);

--
-- 資料表索引 `temple`
--
ALTER TABLE `temple`
  ADD PRIMARY KEY (`sid`),
  ADD KEY `address_sid` (`address_sid`);

--
-- 資料表索引 `travel`
--
ALTER TABLE `travel`
  ADD PRIMARY KEY (`sid`);

--
-- 資料表索引 `travel_daytime`
--
ALTER TABLE `travel_daytime`
  ADD PRIMARY KEY (`sid`);

--
-- 資料表索引 `travel_kind`
--
ALTER TABLE `travel_kind`
  ADD PRIMARY KEY (`sid`);

--
-- 資料表索引 `travel_order`
--
ALTER TABLE `travel_order`
  ADD PRIMARY KEY (`sid`);

--
-- 在傾印的資料表使用自動遞增(AUTO_INCREMENT)
--

--
-- 使用資料表自動遞增(AUTO_INCREMENT) `address`
--
ALTER TABLE `address`
  MODIFY `sid` int(11) NOT NULL AUTO_INCREMENT, AUTO_INCREMENT=72;

--
-- 使用資料表自動遞增(AUTO_INCREMENT) `draw`
--
ALTER TABLE `draw`
  MODIFY `sid` int(11) NOT NULL AUTO_INCREMENT, AUTO_INCREMENT=11;

--
-- 使用資料表自動遞增(AUTO_INCREMENT) `forturn`
--
ALTER TABLE `forturn`
  MODIFY `sid` int(11) NOT NULL AUTO_INCREMENT, AUTO_INCREMENT=10;

--
-- 使用資料表自動遞增(AUTO_INCREMENT) `love`
--
ALTER TABLE `love`
  MODIFY `sid` int(11) NOT NULL AUTO_INCREMENT, AUTO_INCREMENT=37;

--
-- 使用資料表自動遞增(AUTO_INCREMENT) `love_type`
--
ALTER TABLE `love_type`
  MODIFY `sid` int(11) NOT NULL AUTO_INCREMENT, AUTO_INCREMENT=5;

--
-- 使用資料表自動遞增(AUTO_INCREMENT) `member`
--
ALTER TABLE `member`
  MODIFY `id` int(11) NOT NULL AUTO_INCREMENT, AUTO_INCREMENT=25;

--
-- 使用資料表自動遞增(AUTO_INCREMENT) `product`
--
ALTER TABLE `product`
  MODIFY `sid` int(11) NOT NULL AUTO_INCREMENT, AUTO_INCREMENT=84;

--
-- 使用資料表自動遞增(AUTO_INCREMENT) `product_category`
--
ALTER TABLE `product_category`
  MODIFY `sid` int(11) NOT NULL AUTO_INCREMENT, AUTO_INCREMENT=5;

--
-- 使用資料表自動遞增(AUTO_INCREMENT) `product_details`
--
ALTER TABLE `product_details`
  MODIFY `sid` int(11) NOT NULL AUTO_INCREMENT, AUTO_INCREMENT=28;

--
-- 使用資料表自動遞增(AUTO_INCREMENT) `product_order`
--
ALTER TABLE `product_order`
  MODIFY `sid` int(11) NOT NULL AUTO_INCREMENT, AUTO_INCREMENT=27;

--
-- 使用資料表自動遞增(AUTO_INCREMENT) `review`
--
ALTER TABLE `review`
  MODIFY `sid` int(11) NOT NULL AUTO_INCREMENT, AUTO_INCREMENT=15;

--
-- 使用資料表自動遞增(AUTO_INCREMENT) `review_tags`
--
ALTER TABLE `review_tags`
  MODIFY `sid` int(11) NOT NULL AUTO_INCREMENT, AUTO_INCREMENT=6;

--
-- 使用資料表自動遞增(AUTO_INCREMENT) `review_tags_rel`
--
ALTER TABLE `review_tags_rel`
  MODIFY `sid` int(11) NOT NULL AUTO_INCREMENT;

--
-- 使用資料表自動遞增(AUTO_INCREMENT) `temple`
--
ALTER TABLE `temple`
  MODIFY `sid` int(11) NOT NULL AUTO_INCREMENT, AUTO_INCREMENT=13;

--
-- 使用資料表自動遞增(AUTO_INCREMENT) `travel`
--
ALTER TABLE `travel`
  MODIFY `sid` int(11) NOT NULL AUTO_INCREMENT, AUTO_INCREMENT=82;

--
-- 使用資料表自動遞增(AUTO_INCREMENT) `travel_daytime`
--
ALTER TABLE `travel_daytime`
  MODIFY `sid` int(11) NOT NULL AUTO_INCREMENT, AUTO_INCREMENT=3;

--
-- 使用資料表自動遞增(AUTO_INCREMENT) `travel_kind`
--
ALTER TABLE `travel_kind`
  MODIFY `sid` int(11) NOT NULL AUTO_INCREMENT, AUTO_INCREMENT=3;

--
-- 使用資料表自動遞增(AUTO_INCREMENT) `travel_order`
--
ALTER TABLE `travel_order`
  MODIFY `sid` int(11) NOT NULL AUTO_INCREMENT;

--
-- 已傾印資料表的限制式
--

--
-- 資料表的限制式 `love`
--
ALTER TABLE `love`
  ADD CONSTRAINT `love_ibfk_1` FOREIGN KEY (`target_type`) REFERENCES `love_type` (`sid`),
  ADD CONSTRAINT `love_ibfk_2` FOREIGN KEY (`member_id`) REFERENCES `member` (`id`);

--
-- 資料表的限制式 `member`
--
ALTER TABLE `member`
  ADD CONSTRAINT `member_ibfk_1` FOREIGN KEY (`address_city`) REFERENCES `address` (`sid`),
  ADD CONSTRAINT `member_ibfk_2` FOREIGN KEY (`address_region`) REFERENCES `address` (`sid`);

--
-- 資料表的限制式 `product_order`
--
ALTER TABLE `product_order`
  ADD CONSTRAINT `product_order_ibfk_1` FOREIGN KEY (`member_id`) REFERENCES `member` (`id`),
  ADD CONSTRAINT `product_order_ibfk_2` FOREIGN KEY (`address_city`) REFERENCES `address` (`sid`),
  ADD CONSTRAINT `product_order_ibfk_3` FOREIGN KEY (`address_region`) REFERENCES `address` (`sid`);

--
-- 資料表的限制式 `review`
--
ALTER TABLE `review`
  ADD CONSTRAINT `review_ibfk_1` FOREIGN KEY (`members_id`) REFERENCES `member` (`id`),
  ADD CONSTRAINT `review_ibfk_3` FOREIGN KEY (`target_type`) REFERENCES `love_type` (`sid`);

--
-- 資料表的限制式 `temple`
--
ALTER TABLE `temple`
  ADD CONSTRAINT `temple_ibfk_1` FOREIGN KEY (`address_sid`) REFERENCES `address` (`sid`);
COMMIT;

/*!40101 SET CHARACTER_SET_CLIENT=@OLD_CHARACTER_SET_CLIENT */;
/*!40101 SET CHARACTER_SET_RESULTS=@OLD_CHARACTER_SET_RESULTS */;
/*!40101 SET COLLATION_CONNECTION=@OLD_COLLATION_CONNECTION */;
